Date,January,February,March,April,May,June,July,August,September,October,November,December,station,year
1.0,470.0,363.0,350.0,,184.0,,,,142.0,172.0,432.0,353.0,Anand_Vihar_Delhi_DPCC,2018
2.0,441.0,312.0,317.0,226.0,135.0,148.0,,,148.0,,392.0,396.0,Anand_Vihar_Delhi_DPCC,2018
3.0,434.0,229.0,213.0,,154.0,,,,,,346.0,381.0,Anand_Vihar_Delhi_DPCC,2018
4.0,457.0,258.0,223.0,,131.0,,,,165.0,270.0,171.0,420.0,Anand_Vihar_Delhi_DPCC,2018
5.0,438.0,340.0,205.0,,,,,,139.0,360.0,442.0,400.0,Anand_Vihar_Delhi_DPCC,2018
6.0,475.0,287.0,213.0,,,,,,233.0,315.0,362.0,402.0,Anand_Vihar_Delhi_DPCC,2018
7.0,420.0,273.0,187.0,162.0,335.0,,,,117.0,256.0,325.0,390.0,Anand_Vihar_Delhi_DPCC,2018
8.0,381.0,340.0,337.0,140.0,328.0,,,,122.0,362.0,396.0,378.0,Anand_Vihar_Delhi_DPCC,2018
9.0,448.0,381.0,346.0,,,,,,81.0,284.0,451.0,420.0,Anand_Vihar_Delhi_DPCC,2018
10.0,445.0,395.0,194.0,,,,,,107.0,281.0,440.0,443.0,Anand_Vihar_Delhi_DPCC,2018
11.0,354.0,354.0,178.0,,,,,,126.0,222.0,449.0,445.0,Anand_Vihar_Delhi_DPCC,2018
12.0,372.0,155.0,,,,,,,163.0,157.0,444.0,419.0,Anand_Vihar_Delhi_DPCC,2018
13.0,424.0,206.0,,368.0,,,,,173.0,359.0,460.0,221.0,Anand_Vihar_Delhi_DPCC,2018
14.0,435.0,186.0,,292.0,,,,154.0,157.0,252.0,360.0,276.0,Anand_Vihar_Delhi_DPCC,2018
15.0,447.0,192.0,387.0,,144.0,,,184.0,203.0,312.0,253.0,284.0,Anand_Vihar_Delhi_DPCC,2018
16.0,312.0,239.0,341.0,,222.0,,,115.0,169.0,387.0,294.0,313.0,Anand_Vihar_Delhi_DPCC,2018
17.0,420.0,288.0,205.0,323.0,,,,131.0,186.0,372.0,308.0,354.0,Anand_Vihar_Delhi_DPCC,2018
18.0,472.0,298.0,,292.0,,,,106.0,,316.0,380.0,368.0,Anand_Vihar_Delhi_DPCC,2018
19.0,471.0,364.0,,,,,,120.0,222.0,355.0,356.0,383.0,Anand_Vihar_Delhi_DPCC,2018
20.0,407.0,404.0,,,,,,207.0,,358.0,399.0,429.0,Anand_Vihar_Delhi_DPCC,2018
21.0,,380.0,365.0,,,251.0,,106.0,,351.0,403.0,,Anand_Vihar_Delhi_DPCC,2018
22.0,402.0,402.0,246.0,,,363.0,,99.0,,326.0,365.0,458.0,Anand_Vihar_Delhi_DPCC,2018
23.0,370.0,408.0,167.0,,,275.0,,99.0,,344.0,418.0,473.0,Anand_Vihar_Delhi_DPCC,2018
24.0,327.0,371.0,222.0,272.0,,201.0,,122.0,,417.0,262.0,468.0,Anand_Vihar_Delhi_DPCC,2018
25.0,,307.0,,,,236.0,,162.0,111.0,393.0,349.0,420.0,Anand_Vihar_Delhi_DPCC,2018
26.0,354.0,197.0,208.0,387.0,,,,60.0,,414.0,421.0,419.0,Anand_Vihar_Delhi_DPCC,2018
27.0,364.0,215.0,344.0,338.0,,,,59.0,278.0,426.0,396.0,423.0,Anand_Vihar_Delhi_DPCC,2018
28.0,384.0,326.0,328.0,300.0,285.0,,,97.0,338.0,400.0,359.0,398.0,Anand_Vihar_Delhi_DPCC,2018
29.0,392.0,,270.0,256.0,259.0,,,80.0,,427.0,417.0,423.0,Anand_Vihar_Delhi_DPCC,2018
30.0,309.0,,317.0,249.0,,,,126.0,187.0,465.0,376.0,448.0,Anand_Vihar_Delhi_DPCC,2018
31.0,280.0,,,,,,,179.0,,412.0,,457.0,Anand_Vihar_Delhi_DPCC,2018
1.0,,,292.0,,187.0,,102.0,,107.0,137.0,436.0,339.0,Ashok_Vihar_Delhi_DPCC,2018
2.0,,355.0,302.0,273.0,179.0,,105.0,292.0,97.0,195.0,401.0,367.0,Ashok_Vihar_Delhi_DPCC,2018
3.0,,298.0,239.0,,159.0,,107.0,,54.0,156.0,361.0,,Ashok_Vihar_Delhi_DPCC,2018
4.0,,321.0,192.0,,193.0,,234.0,256.0,121.0,187.0,160.0,407.0,Ashok_Vihar_Delhi_DPCC,2018
5.0,,333.0,195.0,,156.0,,114.0,292.0,94.0,,453.0,372.0,Ashok_Vihar_Delhi_DPCC,2018
6.0,,325.0,206.0,,250.0,,155.0,,134.0,216.0,370.0,409.0,Ashok_Vihar_Delhi_DPCC,2018
7.0,,305.0,225.0,189.0,254.0,138.0,158.0,110.0,80.0,162.0,331.0,387.0,Ashok_Vihar_Delhi_DPCC,2018
8.0,,350.0,290.0,138.0,256.0,191.0,194.0,86.0,57.0,237.0,,387.0,Ashok_Vihar_Delhi_DPCC,2018
9.0,,371.0,316.0,142.0,163.0,,212.0,84.0,52.0,231.0,444.0,392.0,Ashok_Vihar_Delhi_DPCC,2018
10.0,,389.0,217.0,247.0,250.0,149.0,257.0,94.0,212.0,228.0,443.0,446.0,Ashok_Vihar_Delhi_DPCC,2018
11.0,,315.0,202.0,,,178.0,101.0,103.0,66.0,206.0,437.0,452.0,Ashok_Vihar_Delhi_DPCC,2018
12.0,,203.0,251.0,,337.0,311.0,121.0,94.0,87.0,150.0,471.0,442.0,Ashok_Vihar_Delhi_DPCC,2018
13.0,,229.0,258.0,180.0,,,103.0,93.0,105.0,311.0,452.0,231.0,Ashok_Vihar_Delhi_DPCC,2018
14.0,,238.0,338.0,209.0,,,60.0,108.0,104.0,213.0,360.0,296.0,Ashok_Vihar_Delhi_DPCC,2018
15.0,,238.0,391.0,,187.0,,79.0,119.0,119.0,254.0,257.0,296.0,Ashok_Vihar_Delhi_DPCC,2018
16.0,,288.0,293.0,,193.0,,74.0,95.0,124.0,248.0,313.0,316.0,Ashok_Vihar_Delhi_DPCC,2018
17.0,,315.0,218.0,250.0,,,85.0,72.0,141.0,316.0,301.0,365.0,Ashok_Vihar_Delhi_DPCC,2018
18.0,,299.0,,272.0,,,106.0,78.0,154.0,297.0,352.0,381.0,Ashok_Vihar_Delhi_DPCC,2018
19.0,,347.0,213.0,,,,77.0,,160.0,269.0,366.0,392.0,Ashok_Vihar_Delhi_DPCC,2018
20.0,,330.0,238.0,303.0,,,80.0,,166.0,284.0,406.0,450.0,Ashok_Vihar_Delhi_DPCC,2018
21.0,,366.0,341.0,,,270.0,96.0,92.0,135.0,244.0,387.0,423.0,Ashok_Vihar_Delhi_DPCC,2018
22.0,,357.0,211.0,,270.0,300.0,,75.0,44.0,226.0,306.0,457.0,Ashok_Vihar_Delhi_DPCC,2018
23.0,,321.0,160.0,,,254.0,54.0,63.0,59.0,234.0,381.0,481.0,Ashok_Vihar_Delhi_DPCC,2018
24.0,,,203.0,303.0,,202.0,163.0,76.0,43.0,299.0,274.0,478.0,Ashok_Vihar_Delhi_DPCC,2018
25.0,,273.0,212.0,340.0,,286.0,92.0,103.0,,281.0,292.0,429.0,Ashok_Vihar_Delhi_DPCC,2018
26.0,,181.0,215.0,366.0,,56.0,,89.0,,336.0,367.0,431.0,Ashok_Vihar_Delhi_DPCC,2018
27.0,,207.0,278.0,,,56.0,,,132.0,328.0,400.0,438.0,Ashok_Vihar_Delhi_DPCC,2018
28.0,,310.0,315.0,367.0,332.0,53.0,48.0,55.0,183.0,331.0,357.0,418.0,Ashok_Vihar_Delhi_DPCC,2018
29.0,,,234.0,309.0,281.0,,102.0,56.0,200.0,388.0,418.0,416.0,Ashok_Vihar_Delhi_DPCC,2018
30.0,,,243.0,222.0,,88.0,151.0,75.0,142.0,437.0,381.0,445.0,Ashok_Vihar_Delhi_DPCC,2018
31.0,,,,,,,150.0,124.0,,381.0,,442.0,Ashok_Vihar_Delhi_DPCC,2018
1.0,,,,,,,,136.0,136.0,140.0,451.0,336.0,Bawana_Delhi_DPCC,2018
2.0,,,,,,,,,97.0,,399.0,321.0,Bawana_Delhi_DPCC,2018
3.0,,,,,,,,,75.0,148.0,374.0,324.0,Bawana_Delhi_DPCC,2018
4.0,,,,,,,,229.0,103.0,187.0,201.0,363.0,Bawana_Delhi_DPCC,2018
5.0,,,,,,,,252.0,,313.0,452.0,340.0,Bawana_Delhi_DPCC,2018
6.0,,,,,,,155.0,,135.0,220.0,369.0,378.0,Bawana_Delhi_DPCC,2018
7.0,,,,,,,144.0,110.0,98.0,207.0,311.0,308.0,Bawana_Delhi_DPCC,2018
8.0,,,,,,,193.0,101.0,,287.0,393.0,311.0,Bawana_Delhi_DPCC,2018
9.0,,,,,,,173.0,110.0,49.0,280.0,443.0,372.0,Bawana_Delhi_DPCC,2018
10.0,,,,,,,145.0,155.0,228.0,308.0,437.0,426.0,Bawana_Delhi_DPCC,2018
11.0,,,,,,,117.0,120.0,72.0,341.0,397.0,458.0,Bawana_Delhi_DPCC,2018
12.0,,,,,,,113.0,94.0,75.0,166.0,425.0,435.0,Bawana_Delhi_DPCC,2018
13.0,,,,,,,117.0,105.0,91.0,269.0,448.0,253.0,Bawana_Delhi_DPCC,2018
14.0,,,,,,,79.0,110.0,,210.0,270.0,280.0,Bawana_Delhi_DPCC,2018
15.0,,,,,,,79.0,139.0,130.0,252.0,178.0,228.0,Bawana_Delhi_DPCC,2018
16.0,,,,,,,109.0,111.0,123.0,360.0,235.0,231.0,Bawana_Delhi_DPCC,2018
17.0,,,,,,,86.0,86.0,122.0,381.0,233.0,283.0,Bawana_Delhi_DPCC,2018
18.0,,,,,,,,95.0,145.0,357.0,321.0,296.0,Bawana_Delhi_DPCC,2018
19.0,,,,,,,103.0,,,349.0,377.0,326.0,Bawana_Delhi_DPCC,2018
20.0,,,,,,,79.0,,187.0,365.0,420.0,385.0,Bawana_Delhi_DPCC,2018
21.0,,,,,,,107.0,113.0,184.0,320.0,409.0,344.0,Bawana_Delhi_DPCC,2018
22.0,,,,,,,68.0,125.0,58.0,308.0,344.0,408.0,Bawana_Delhi_DPCC,2018
23.0,,,,,,,72.0,70.0,54.0,301.0,391.0,472.0,Bawana_Delhi_DPCC,2018
24.0,,,,,,,103.0,70.0,47.0,407.0,298.0,460.0,Bawana_Delhi_DPCC,2018
25.0,,,,,,,91.0,78.0,35.0,,317.0,346.0,Bawana_Delhi_DPCC,2018
26.0,,,,,,,59.0,79.0,73.0,377.0,362.0,355.0,Bawana_Delhi_DPCC,2018
27.0,,,,,,,42.0,58.0,154.0,410.0,,397.0,Bawana_Delhi_DPCC,2018
28.0,,,,,,,48.0,70.0,220.0,400.0,351.0,392.0,Bawana_Delhi_DPCC,2018
29.0,,,,,,,85.0,58.0,,424.0,378.0,397.0,Bawana_Delhi_DPCC,2018
30.0,,,,,,,120.0,56.0,138.0,442.0,382.0,421.0,Bawana_Delhi_DPCC,2018
31.0,,,,,,,131.0,145.0,,443.0,,383.0,Bawana_Delhi_DPCC,2018
1.0,464.0,273.0,248.0,197.0,,167.0,85.0,223.0,116.0,,,322.0,CRRI_Mathura_Road_Delhi_IMD,2018
2.0,,301.0,258.0,257.0,108.0,,,308.0,116.0,,388.0,,CRRI_Mathura_Road_Delhi_IMD,2018
3.0,413.0,227.0,216.0,276.0,167.0,,,333.0,,154.0,345.0,,CRRI_Mathura_Road_Delhi_IMD,2018
4.0,381.0,254.0,214.0,292.0,135.0,,150.0,302.0,118.0,261.0,184.0,404.0,CRRI_Mathura_Road_Delhi_IMD,2018
5.0,376.0,278.0,194.0,365.0,162.0,,116.0,293.0,120.0,293.0,,367.0,CRRI_Mathura_Road_Delhi_IMD,2018
6.0,417.0,303.0,211.0,277.0,323.0,120.0,196.0,,,235.0,360.0,,CRRI_Mathura_Road_Delhi_IMD,2018
7.0,373.0,273.0,197.0,153.0,281.0,120.0,173.0,116.0,111.0,228.0,314.0,,CRRI_Mathura_Road_Delhi_IMD,2018
8.0,329.0,318.0,280.0,120.0,139.0,,203.0,89.0,,307.0,428.0,,CRRI_Mathura_Road_Delhi_IMD,2018
9.0,384.0,328.0,284.0,96.0,193.0,,148.0,73.0,,,451.0,,CRRI_Mathura_Road_Delhi_IMD,2018
10.0,366.0,353.0,193.0,205.0,166.0,108.0,98.0,97.0,65.0,,423.0,,CRRI_Mathura_Road_Delhi_IMD,2018
11.0,336.0,329.0,195.0,145.0,291.0,173.0,208.0,130.0,92.0,,432.0,419.0,CRRI_Mathura_Road_Delhi_IMD,2018
12.0,327.0,139.0,257.0,119.0,309.0,,124.0,119.0,117.0,,411.0,382.0,CRRI_Mathura_Road_Delhi_IMD,2018
13.0,378.0,158.0,264.0,244.0,205.0,,,116.0,127.0,,403.0,209.0,CRRI_Mathura_Road_Delhi_IMD,2018
14.0,273.0,229.0,321.0,307.0,118.0,381.0,70.0,106.0,132.0,,330.0,339.0,CRRI_Mathura_Road_Delhi_IMD,2018
15.0,311.0,148.0,298.0,305.0,127.0,467.0,52.0,121.0,141.0,,218.0,287.0,CRRI_Mathura_Road_Delhi_IMD,2018
16.0,196.0,224.0,,,192.0,395.0,219.0,74.0,147.0,,300.0,,CRRI_Mathura_Road_Delhi_IMD,2018
17.0,360.0,256.0,216.0,,252.0,,77.0,79.0,135.0,,,,CRRI_Mathura_Road_Delhi_IMD,2018
18.0,435.0,240.0,236.0,,,,163.0,71.0,168.0,354.0,355.0,365.0,CRRI_Mathura_Road_Delhi_IMD,2018
19.0,409.0,285.0,213.0,,,134.0,,,169.0,337.0,343.0,337.0,CRRI_Mathura_Road_Delhi_IMD,2018
20.0,269.0,294.0,251.0,292.0,,168.0,,126.0,,342.0,,395.0,CRRI_Mathura_Road_Delhi_IMD,2018
21.0,275.0,325.0,313.0,404.0,,216.0,108.0,70.0,,370.0,388.0,389.0,CRRI_Mathura_Road_Delhi_IMD,2018
22.0,347.0,294.0,205.0,261.0,248.0,244.0,62.0,,73.0,324.0,267.0,419.0,CRRI_Mathura_Road_Delhi_IMD,2018
23.0,355.0,344.0,162.0,238.0,334.0,170.0,73.0,75.0,,,345.0,456.0,CRRI_Mathura_Road_Delhi_IMD,2018
24.0,299.0,313.0,194.0,,281.0,,71.0,118.0,,391.0,275.0,464.0,CRRI_Mathura_Road_Delhi_IMD,2018
25.0,271.0,249.0,246.0,329.0,,,84.0,114.0,91.0,399.0,,419.0,CRRI_Mathura_Road_Delhi_IMD,2018
26.0,312.0,179.0,238.0,348.0,,,91.0,108.0,127.0,397.0,354.0,361.0,CRRI_Mathura_Road_Delhi_IMD,2018
27.0,324.0,226.0,275.0,,,96.0,76.0,,,386.0,393.0,406.0,CRRI_Mathura_Road_Delhi_IMD,2018
28.0,330.0,285.0,286.0,,,70.0,83.0,66.0,231.0,444.0,352.0,392.0,CRRI_Mathura_Road_Delhi_IMD,2018
29.0,326.0,,240.0,,,,138.0,65.0,265.0,412.0,345.0,354.0,CRRI_Mathura_Road_Delhi_IMD,2018
30.0,314.0,,269.0,,,65.0,164.0,94.0,172.0,428.0,,420.0,CRRI_Mathura_Road_Delhi_IMD,2018
31.0,304.0,,255.0,,,,198.0,141.0,,428.0,,439.0,CRRI_Mathura_Road_Delhi_IMD,2018
1.0,412.0,364.0,275.0,250.0,,221.0,79.0,154.0,118.0,,412.0,313.0,DTU_Delhi_CPCB,2018
2.0,424.0,,272.0,297.0,,157.0,81.0,237.0,81.0,,386.0,310.0,DTU_Delhi_CPCB,2018
3.0,409.0,,248.0,310.0,179.0,144.0,105.0,261.0,49.0,,349.0,329.0,DTU_Delhi_CPCB,2018
4.0,434.0,,157.0,337.0,169.0,174.0,103.0,249.0,83.0,,163.0,388.0,DTU_Delhi_CPCB,2018
5.0,456.0,,203.0,320.0,152.0,168.0,115.0,287.0,80.0,257.0,443.0,,DTU_Delhi_CPCB,2018
6.0,470.0,304.0,207.0,273.0,326.0,159.0,141.0,144.0,123.0,213.0,344.0,365.0,DTU_Delhi_CPCB,2018
7.0,419.0,300.0,233.0,152.0,255.0,154.0,141.0,126.0,62.0,185.0,285.0,345.0,DTU_Delhi_CPCB,2018
8.0,378.0,354.0,306.0,,214.0,182.0,161.0,131.0,54.0,248.0,397.0,334.0,DTU_Delhi_CPCB,2018
9.0,430.0,385.0,263.0,139.0,157.0,142.0,147.0,88.0,52.0,228.0,419.0,329.0,DTU_Delhi_CPCB,2018
10.0,442.0,350.0,185.0,259.0,207.0,141.0,112.0,114.0,54.0,437.0,408.0,351.0,DTU_Delhi_CPCB,2018
11.0,390.0,281.0,186.0,164.0,,230.0,97.0,101.0,77.0,425.0,401.0,447.0,DTU_Delhi_CPCB,2018
12.0,400.0,157.0,253.0,138.0,327.0,334.0,110.0,96.0,92.0,94.0,408.0,416.0,DTU_Delhi_CPCB,2018
13.0,433.0,204.0,260.0,202.0,247.0,493.0,99.0,231.0,110.0,270.0,417.0,192.0,DTU_Delhi_CPCB,2018
14.0,425.0,227.0,251.0,241.0,172.0,448.0,84.0,98.0,116.0,209.0,342.0,257.0,DTU_Delhi_CPCB,2018
15.0,400.0,246.0,247.0,246.0,175.0,493.0,81.0,118.0,128.0,250.0,224.0,294.0,DTU_Delhi_CPCB,2018
16.0,342.0,290.0,254.0,294.0,180.0,461.0,82.0,102.0,123.0,,336.0,291.0,DTU_Delhi_CPCB,2018
17.0,415.0,297.0,196.0,260.0,245.0,317.0,96.0,69.0,130.0,305.0,295.0,328.0,DTU_Delhi_CPCB,2018
18.0,463.0,306.0,279.0,249.0,228.0,156.0,94.0,71.0,146.0,294.0,347.0,355.0,DTU_Delhi_CPCB,2018
19.0,471.0,332.0,209.0,284.0,,127.0,73.0,73.0,,301.0,364.0,380.0,DTU_Delhi_CPCB,2018
20.0,410.0,336.0,230.0,287.0,233.0,185.0,74.0,136.0,,308.0,399.0,419.0,DTU_Delhi_CPCB,2018
21.0,376.0,319.0,260.0,408.0,172.0,271.0,89.0,90.0,,272.0,378.0,402.0,DTU_Delhi_CPCB,2018
22.0,401.0,320.0,183.0,269.0,214.0,226.0,55.0,95.0,,283.0,304.0,431.0,DTU_Delhi_CPCB,2018
23.0,384.0,300.0,146.0,197.0,295.0,221.0,52.0,48.0,,284.0,342.0,467.0,DTU_Delhi_CPCB,2018
24.0,329.0,343.0,191.0,,225.0,180.0,81.0,69.0,,336.0,264.0,461.0,DTU_Delhi_CPCB,2018
25.0,301.0,238.0,214.0,,204.0,254.0,87.0,90.0,,310.0,301.0,411.0,DTU_Delhi_CPCB,2018
26.0,268.0,182.0,210.0,,226.0,186.0,,82.0,,360.0,342.0,407.0,DTU_Delhi_CPCB,2018
27.0,334.0,193.0,309.0,338.0,,128.0,29.0,48.0,,382.0,380.0,434.0,DTU_Delhi_CPCB,2018
28.0,326.0,320.0,244.0,319.0,,57.0,32.0,51.0,209.0,375.0,340.0,391.0,DTU_Delhi_CPCB,2018
29.0,333.0,,278.0,301.0,329.0,78.0,88.0,58.0,,391.0,396.0,411.0,DTU_Delhi_CPCB,2018
30.0,326.0,,292.0,241.0,286.0,88.0,120.0,59.0,,425.0,378.0,439.0,DTU_Delhi_CPCB,2018
31.0,305.0,,318.0,,224.0,,135.0,120.0,,408.0,,421.0,DTU_Delhi_CPCB,2018
1.0,382.0,214.0,194.0,124.0,,170.0,72.0,139.0,103.0,,,294.0,IGI_Airport_(T3)_Delhi_IMD,2018
2.0,394.0,215.0,198.0,126.0,109.0,,,201.0,91.0,,317.0,,IGI_Airport_(T3)_Delhi_IMD,2018
3.0,352.0,185.0,152.0,138.0,139.0,,100.0,190.0,74.0,,311.0,,IGI_Airport_(T3)_Delhi_IMD,2018
4.0,292.0,201.0,110.0,148.0,97.0,,110.0,180.0,81.0,139.0,165.0,354.0,IGI_Airport_(T3)_Delhi_IMD,2018
5.0,352.0,222.0,113.0,231.0,113.0,,115.0,207.0,71.0,228.0,,298.0,IGI_Airport_(T3)_Delhi_IMD,2018
6.0,366.0,221.0,88.0,137.0,199.0,123.0,,138.0,121.0,159.0,316.0,350.0,IGI_Airport_(T3)_Delhi_IMD,2018
7.0,297.0,194.0,138.0,101.0,147.0,123.0,121.0,116.0,74.0,128.0,237.0,346.0,IGI_Airport_(T3)_Delhi_IMD,2018
8.0,272.0,242.0,151.0,98.0,150.0,,147.0,74.0,101.0,184.0,373.0,,IGI_Airport_(T3)_Delhi_IMD,2018
9.0,308.0,255.0,208.0,95.0,114.0,,138.0,,52.0,192.0,406.0,,IGI_Airport_(T3)_Delhi_IMD,2018
10.0,306.0,270.0,119.0,151.0,141.0,103.0,97.0,89.0,52.0,181.0,374.0,,IGI_Airport_(T3)_Delhi_IMD,2018
11.0,275.0,212.0,107.0,108.0,227.0,,97.0,90.0,66.0,143.0,357.0,380.0,IGI_Airport_(T3)_Delhi_IMD,2018
12.0,248.0,99.0,171.0,84.0,252.0,,,77.0,72.0,,320.0,335.0,IGI_Airport_(T3)_Delhi_IMD,2018
13.0,308.0,112.0,162.0,117.0,181.0,,,83.0,88.0,166.0,358.0,167.0,IGI_Airport_(T3)_Delhi_IMD,2018
14.0,264.0,130.0,141.0,155.0,115.0,463.0,69.0,,87.0,152.0,242.0,214.0,IGI_Airport_(T3)_Delhi_IMD,2018
15.0,259.0,159.0,167.0,151.0,121.0,435.0,65.0,114.0,94.0,197.0,217.0,216.0,IGI_Airport_(T3)_Delhi_IMD,2018
16.0,207.0,167.0,,,152.0,300.0,67.0,78.0,101.0,193.0,297.0,227.0,IGI_Airport_(T3)_Delhi_IMD,2018
17.0,318.0,180.0,120.0,,179.0,,71.0,89.0,,226.0,233.0,288.0,IGI_Airport_(T3)_Delhi_IMD,2018
18.0,346.0,179.0,115.0,,,,97.0,71.0,123.0,205.0,266.0,314.0,IGI_Airport_(T3)_Delhi_IMD,2018
19.0,388.0,206.0,122.0,,,117.0,,,135.0,196.0,232.0,293.0,IGI_Airport_(T3)_Delhi_IMD,2018
20.0,304.0,226.0,162.0,164.0,,136.0,,110.0,138.0,300.0,,345.0,IGI_Airport_(T3)_Delhi_IMD,2018
21.0,251.0,229.0,204.0,325.0,,213.0,100.0,72.0,118.0,225.0,335.0,354.0,IGI_Airport_(T3)_Delhi_IMD,2018
22.0,267.0,255.0,129.0,148.0,151.0,167.0,51.0,,50.0,202.0,227.0,372.0,IGI_Airport_(T3)_Delhi_IMD,2018
23.0,320.0,214.0,89.0,129.0,202.0,161.0,57.0,63.0,61.0,,288.0,398.0,IGI_Airport_(T3)_Delhi_IMD,2018
24.0,,234.0,117.0,,157.0,,82.0,68.0,49.0,217.0,256.0,411.0,IGI_Airport_(T3)_Delhi_IMD,2018
25.0,,240.0,,208.0,,,76.0,68.0,48.0,250.0,,334.0,IGI_Airport_(T3)_Delhi_IMD,2018
26.0,,99.0,115.0,179.0,,,72.0,71.0,72.0,290.0,321.0,331.0,IGI_Airport_(T3)_Delhi_IMD,2018
27.0,204.0,95.0,174.0,,,102.0,41.0,,111.0,298.0,325.0,312.0,IGI_Airport_(T3)_Delhi_IMD,2018
28.0,266.0,202.0,178.0,,,73.0,62.0,64.0,152.0,333.0,289.0,357.0,IGI_Airport_(T3)_Delhi_IMD,2018
29.0,258.0,,129.0,,,,86.0,57.0,,312.0,328.0,329.0,IGI_Airport_(T3)_Delhi_IMD,2018
30.0,220.0,,137.0,,,79.0,108.0,77.0,,339.0,,371.0,IGI_Airport_(T3)_Delhi_IMD,2018
31.0,208.0,,164.0,,176.0,,119.0,111.0,,310.0,,382.0,IGI_Airport_(T3)_Delhi_IMD,2018
1.0,,282.0,207.0,148.0,198.0,,122.0,122.0,,118.0,375.0,326.0,ITO_Delhi_CPCB,2018
2.0,362.0,264.0,252.0,205.0,199.0,218.0,123.0,167.0,,193.0,377.0,291.0,ITO_Delhi_CPCB,2018
3.0,413.0,187.0,190.0,237.0,155.0,322.0,119.0,152.0,,102.0,334.0,328.0,ITO_Delhi_CPCB,2018
4.0,,216.0,157.0,169.0,96.0,369.0,,147.0,,228.0,159.0,364.0,ITO_Delhi_CPCB,2018
5.0,,259.0,126.0,307.0,124.0,389.0,,160.0,60.0,,440.0,334.0,ITO_Delhi_CPCB,2018
6.0,441.0,246.0,124.0,245.0,251.0,,139.0,130.0,106.0,191.0,336.0,347.0,ITO_Delhi_CPCB,2018
7.0,,212.0,151.0,109.0,175.0,,190.0,90.0,104.0,154.0,296.0,359.0,ITO_Delhi_CPCB,2018
8.0,,305.0,198.0,115.0,175.0,178.0,,74.0,87.0,264.0,403.0,363.0,ITO_Delhi_CPCB,2018
9.0,392.0,365.0,266.0,98.0,133.0,223.0,199.0,83.0,,264.0,422.0,394.0,ITO_Delhi_CPCB,2018
10.0,369.0,339.0,145.0,219.0,,356.0,,104.0,,213.0,394.0,413.0,ITO_Delhi_CPCB,2018
11.0,318.0,309.0,150.0,,,279.0,176.0,83.0,,226.0,418.0,418.0,ITO_Delhi_CPCB,2018
12.0,,148.0,199.0,,,306.0,,,,147.0,,384.0,ITO_Delhi_CPCB,2018
13.0,388.0,188.0,182.0,229.0,287.0,494.0,,,58.0,272.0,412.0,,ITO_Delhi_CPCB,2018
14.0,,154.0,213.0,259.0,,465.0,,,60.0,199.0,324.0,260.0,ITO_Delhi_CPCB,2018
15.0,,138.0,203.0,261.0,,406.0,,,83.0,242.0,255.0,282.0,ITO_Delhi_CPCB,2018
16.0,,229.0,207.0,314.0,137.0,323.0,,,,299.0,283.0,292.0,ITO_Delhi_CPCB,2018
17.0,,270.0,123.0,249.0,200.0,304.0,85.0,,,294.0,272.0,351.0,ITO_Delhi_CPCB,2018
18.0,,246.0,159.0,193.0,178.0,221.0,103.0,,112.0,257.0,300.0,351.0,ITO_Delhi_CPCB,2018
19.0,,270.0,125.0,222.0,225.0,121.0,83.0,,131.0,262.0,304.0,361.0,ITO_Delhi_CPCB,2018
20.0,,270.0,190.0,,180.0,147.0,65.0,,149.0,324.0,382.0,394.0,ITO_Delhi_CPCB,2018
21.0,,277.0,299.0,,141.0,195.0,125.0,,153.0,303.0,390.0,383.0,ITO_Delhi_CPCB,2018
22.0,,290.0,204.0,,145.0,244.0,61.0,,47.0,270.0,247.0,437.0,ITO_Delhi_CPCB,2018
23.0,,258.0,120.0,,,249.0,81.0,,56.0,237.0,320.0,466.0,ITO_Delhi_CPCB,2018
24.0,,271.0,131.0,,,203.0,91.0,57.0,54.0,299.0,242.0,458.0,ITO_Delhi_CPCB,2018
25.0,277.0,198.0,164.0,179.0,,277.0,72.0,47.0,47.0,312.0,268.0,,ITO_Delhi_CPCB,2018
26.0,301.0,79.0,147.0,270.0,,263.0,76.0,48.0,68.0,362.0,352.0,355.0,ITO_Delhi_CPCB,2018
27.0,327.0,95.0,184.0,250.0,,206.0,59.0,51.0,159.0,333.0,350.0,414.0,ITO_Delhi_CPCB,2018
28.0,313.0,272.0,206.0,218.0,174.0,169.0,68.0,64.0,175.0,360.0,340.0,,ITO_Delhi_CPCB,2018
29.0,329.0,,185.0,199.0,249.0,107.0,77.0,50.0,224.0,369.0,383.0,405.0,ITO_Delhi_CPCB,2018
30.0,269.0,,147.0,216.0,212.0,88.0,92.0,75.0,148.0,393.0,388.0,422.0,ITO_Delhi_CPCB,2018
31.0,254.0,,186.0,,293.0,,102.0,105.0,,358.0,,425.0,ITO_Delhi_CPCB,2018
1.0,,,321.0,219.0,195.0,,110.0,194.0,119.0,186.0,,356.0,Jahangirpuri_Delhi_DPCC,2018
2.0,,370.0,338.0,279.0,163.0,,92.0,289.0,159.0,278.0,385.0,362.0,Jahangirpuri_Delhi_DPCC,2018
3.0,,310.0,290.0,,212.0,,,,92.0,199.0,354.0,396.0,Jahangirpuri_Delhi_DPCC,2018
4.0,,358.0,234.0,,134.0,,99.0,284.0,164.0,244.0,189.0,,Jahangirpuri_Delhi_DPCC,2018
5.0,,377.0,257.0,,181.0,,108.0,347.0,116.0,278.0,,,Jahangirpuri_Delhi_DPCC,2018
6.0,,385.0,252.0,,331.0,170.0,173.0,,159.0,244.0,386.0,,Jahangirpuri_Delhi_DPCC,2018
7.0,,362.0,271.0,131.0,279.0,177.0,186.0,102.0,118.0,265.0,344.0,407.0,Jahangirpuri_Delhi_DPCC,2018
8.0,,416.0,345.0,142.0,234.0,,169.0,97.0,,,424.0,406.0,Jahangirpuri_Delhi_DPCC,2018
9.0,,432.0,335.0,155.0,197.0,,155.0,,,276.0,,412.0,Jahangirpuri_Delhi_DPCC,2018
10.0,,408.0,249.0,262.0,256.0,152.0,116.0,118.0,,268.0,448.0,429.0,Jahangirpuri_Delhi_DPCC,2018
11.0,,338.0,260.0,,329.0,,119.0,128.0,102.0,223.0,435.0,456.0,Jahangirpuri_Delhi_DPCC,2018
12.0,,202.0,283.0,,372.0,396.0,152.0,112.0,110.0,150.0,452.0,414.0,Jahangirpuri_Delhi_DPCC,2018
13.0,,256.0,290.0,213.0,,,120.0,,127.0,,459.0,234.0,Jahangirpuri_Delhi_DPCC,2018
14.0,,298.0,358.0,262.0,,,78.0,117.0,123.0,302.0,364.0,309.0,Jahangirpuri_Delhi_DPCC,2018
15.0,,306.0,374.0,312.0,186.0,,89.0,,154.0,308.0,256.0,323.0,Jahangirpuri_Delhi_DPCC,2018
16.0,,327.0,306.0,,197.0,451.0,94.0,,172.0,324.0,328.0,340.0,Jahangirpuri_Delhi_DPCC,2018
17.0,,348.0,264.0,235.0,,,109.0,82.0,162.0,345.0,311.0,389.0,Jahangirpuri_Delhi_DPCC,2018
18.0,,346.0,,274.0,,,122.0,90.0,179.0,337.0,,416.0,Jahangirpuri_Delhi_DPCC,2018
19.0,,393.0,236.0,,,,93.0,81.0,188.0,322.0,360.0,407.0,Jahangirpuri_Delhi_DPCC,2018
20.0,,389.0,294.0,298.0,,,107.0,154.0,,375.0,398.0,464.0,Jahangirpuri_Delhi_DPCC,2018
21.0,,392.0,301.0,,,274.0,115.0,91.0,156.0,342.0,386.0,427.0,Jahangirpuri_Delhi_DPCC,2018
22.0,,376.0,234.0,,297.0,329.0,,90.0,81.0,324.0,328.0,466.0,Jahangirpuri_Delhi_DPCC,2018
23.0,,350.0,228.0,,,260.0,72.0,70.0,80.0,312.0,394.0,476.0,Jahangirpuri_Delhi_DPCC,2018
24.0,,369.0,257.0,361.0,323.0,,99.0,94.0,78.0,365.0,273.0,,Jahangirpuri_Delhi_DPCC,2018
25.0,,327.0,268.0,377.0,287.0,290.0,121.0,108.0,75.0,316.0,310.0,448.0,Jahangirpuri_Delhi_DPCC,2018
26.0,,280.0,266.0,390.0,,74.0,77.0,102.0,133.0,434.0,375.0,416.0,Jahangirpuri_Delhi_DPCC,2018
27.0,,272.0,336.0,371.0,325.0,67.0,88.0,56.0,227.0,,417.0,450.0,Jahangirpuri_Delhi_DPCC,2018
28.0,,363.0,321.0,353.0,315.0,73.0,,58.0,244.0,,348.0,435.0,Jahangirpuri_Delhi_DPCC,2018
29.0,,,281.0,320.0,329.0,,,75.0,,416.0,404.0,435.0,Jahangirpuri_Delhi_DPCC,2018
30.0,,,256.0,255.0,319.0,96.0,,89.0,219.0,440.0,378.0,458.0,Jahangirpuri_Delhi_DPCC,2018
31.0,,,325.0,,,,164.0,151.0,,,,443.0,Jahangirpuri_Delhi_DPCC,2018
1.0,,,273.0,194.0,164.0,219.0,72.0,148.0,,119.0,370.0,326.0,Jawaharlal_Nehru_Stadium_Delhi_DPCC,2018
2.0,,350.0,259.0,198.0,158.0,169.0,72.0,228.0,84.0,179.0,381.0,289.0,Jawaharlal_Nehru_Stadium_Delhi_DPCC,2018
3.0,,287.0,230.0,,160.0,,,,50.0,114.0,342.0,324.0,Jawaharlal_Nehru_Stadium_Delhi_DPCC,2018
4.0,,277.0,181.0,,127.0,,98.0,274.0,90.0,154.0,175.0,362.0,Jawaharlal_Nehru_Stadium_Delhi_DPCC,2018
5.0,,327.0,179.0,,236.0,,113.0,257.0,60.0,176.0,431.0,325.0,Jawaharlal_Nehru_Stadium_Delhi_DPCC,2018
6.0,,306.0,188.0,,241.0,150.0,144.0,,114.0,150.0,344.0,371.0,Jawaharlal_Nehru_Stadium_Delhi_DPCC,2018
7.0,,281.0,214.0,157.0,181.0,,130.0,111.0,64.0,134.0,272.0,369.0,Jawaharlal_Nehru_Stadium_Delhi_DPCC,2018
8.0,,304.0,246.0,129.0,204.0,183.0,147.0,74.0,68.0,153.0,404.0,358.0,Jawaharlal_Nehru_Stadium_Delhi_DPCC,2018
9.0,,348.0,300.0,120.0,,,144.0,85.0,41.0,193.0,,392.0,Jawaharlal_Nehru_Stadium_Delhi_DPCC,2018
10.0,,366.0,189.0,,276.0,,101.0,93.0,43.0,193.0,402.0,428.0,Jawaharlal_Nehru_Stadium_Delhi_DPCC,2018
11.0,,360.0,194.0,,252.0,,92.0,91.0,51.0,177.0,395.0,436.0,Jawaharlal_Nehru_Stadium_Delhi_DPCC,2018
12.0,,230.0,252.0,,323.0,301.0,187.0,78.0,61.0,172.0,373.0,405.0,Jawaharlal_Nehru_Stadium_Delhi_DPCC,2018
13.0,,248.0,231.0,155.0,,,81.0,87.0,73.0,170.0,399.0,201.0,Jawaharlal_Nehru_Stadium_Delhi_DPCC,2018
14.0,,232.0,275.0,,,,65.0,97.0,95.0,135.0,303.0,285.0,Jawaharlal_Nehru_Stadium_Delhi_DPCC,2018
15.0,,190.0,358.0,,158.0,,,106.0,108.0,170.0,218.0,293.0,Jawaharlal_Nehru_Stadium_Delhi_DPCC,2018
16.0,,224.0,231.0,,185.0,,,73.0,110.0,179.0,284.0,297.0,Jawaharlal_Nehru_Stadium_Delhi_DPCC,2018
17.0,,303.0,205.0,,,,,76.0,113.0,290.0,260.0,365.0,Jawaharlal_Nehru_Stadium_Delhi_DPCC,2018
18.0,,284.0,,197.0,,,94.0,65.0,133.0,271.0,302.0,380.0,Jawaharlal_Nehru_Stadium_Delhi_DPCC,2018
19.0,,298.0,185.0,,,,74.0,73.0,132.0,279.0,353.0,356.0,Jawaharlal_Nehru_Stadium_Delhi_DPCC,2018
20.0,,316.0,,254.0,,,53.0,98.0,160.0,306.0,369.0,410.0,Jawaharlal_Nehru_Stadium_Delhi_DPCC,2018
21.0,,299.0,300.0,,,208.0,96.0,61.0,116.0,270.0,381.0,413.0,Jawaharlal_Nehru_Stadium_Delhi_DPCC,2018
22.0,,315.0,171.0,,207.0,205.0,,62.0,38.0,275.0,257.0,438.0,Jawaharlal_Nehru_Stadium_Delhi_DPCC,2018
23.0,,,154.0,,,203.0,56.0,50.0,43.0,210.0,341.0,466.0,Jawaharlal_Nehru_Stadium_Delhi_DPCC,2018
24.0,,333.0,161.0,226.0,246.0,172.0,72.0,64.0,46.0,321.0,241.0,477.0,Jawaharlal_Nehru_Stadium_Delhi_DPCC,2018
25.0,,284.0,192.0,301.0,239.0,,55.0,74.0,30.0,327.0,249.0,427.0,Jawaharlal_Nehru_Stadium_Delhi_DPCC,2018
26.0,,163.0,170.0,335.0,,,58.0,64.0,64.0,322.0,334.0,396.0,Jawaharlal_Nehru_Stadium_Delhi_DPCC,2018
27.0,,170.0,202.0,339.0,246.0,64.0,39.0,46.0,109.0,340.0,338.0,422.0,Jawaharlal_Nehru_Stadium_Delhi_DPCC,2018
28.0,,294.0,287.0,344.0,262.0,47.0,48.0,55.0,148.0,362.0,320.0,409.0,Jawaharlal_Nehru_Stadium_Delhi_DPCC,2018
29.0,,,206.0,256.0,298.0,,,45.0,,354.0,344.0,391.0,Jawaharlal_Nehru_Stadium_Delhi_DPCC,2018
30.0,,,219.0,256.0,299.0,74.0,,62.0,128.0,389.0,349.0,421.0,Jawaharlal_Nehru_Stadium_Delhi_DPCC,2018
31.0,,,270.0,,,,125.0,107.0,,340.0,,437.0,Jawaharlal_Nehru_Stadium_Delhi_DPCC,2018
1.0,,217.0,187.0,154.0,,,,142.0,103.0,,,283.0,Lodhi_Road_Delhi_IMD,2018
2.0,438.0,228.0,188.0,162.0,,,,207.0,174.0,155.0,282.0,,Lodhi_Road_Delhi_IMD,2018
3.0,391.0,171.0,135.0,171.0,,,,201.0,62.0,123.0,257.0,,Lodhi_Road_Delhi_IMD,2018
4.0,337.0,167.0,140.0,174.0,74.0,,91.0,177.0,93.0,172.0,,336.0,Lodhi_Road_Delhi_IMD,2018
5.0,411.0,233.0,119.0,263.0,,,113.0,207.0,67.0,206.0,,277.0,Lodhi_Road_Delhi_IMD,2018
6.0,420.0,208.0,103.0,185.0,189.0,,111.0,,,176.0,313.0,,Lodhi_Road_Delhi_IMD,2018
7.0,321.0,165.0,119.0,107.0,142.0,,,108.0,74.0,147.0,235.0,305.0,Lodhi_Road_Delhi_IMD,2018
8.0,274.0,241.0,150.0,107.0,168.0,,133.0,,69.0,207.0,389.0,,Lodhi_Road_Delhi_IMD,2018
9.0,309.0,251.0,226.0,101.0,88.0,,140.0,,55.0,235.0,397.0,,Lodhi_Road_Delhi_IMD,2018
10.0,332.0,263.0,127.0,143.0,131.0,,94.0,81.0,63.0,181.0,396.0,,Lodhi_Road_Delhi_IMD,2018
11.0,313.0,243.0,117.0,,231.0,,81.0,84.0,58.0,164.0,384.0,372.0,Lodhi_Road_Delhi_IMD,2018
12.0,268.0,119.0,96.0,107.0,264.0,,98.0,65.0,75.0,,350.0,386.0,Lodhi_Road_Delhi_IMD,2018
13.0,312.0,123.0,152.0,117.0,,,,,85.0,168.0,380.0,,Lodhi_Road_Delhi_IMD,2018
14.0,256.0,108.0,200.0,,,313.0,68.0,88.0,89.0,154.0,290.0,177.0,Lodhi_Road_Delhi_IMD,2018
15.0,298.0,105.0,,,126.0,471.0,66.0,100.0,100.0,215.0,214.0,192.0,Lodhi_Road_Delhi_IMD,2018
16.0,215.0,143.0,,,170.0,396.0,126.0,74.0,101.0,,300.0,,Lodhi_Road_Delhi_IMD,2018
17.0,316.0,182.0,,,,,,,,,,296.0,Lodhi_Road_Delhi_IMD,2018
18.0,386.0,162.0,135.0,,,,,64.0,128.0,228.0,,308.0,Lodhi_Road_Delhi_IMD,2018
19.0,375.0,196.0,,,,113.0,,,138.0,223.0,,287.0,Lodhi_Road_Delhi_IMD,2018
20.0,295.0,222.0,,179.0,,158.0,,,137.0,,,329.0,Lodhi_Road_Delhi_IMD,2018
21.0,231.0,245.0,261.0,384.0,,199.0,90.0,127.0,124.0,,361.0,334.0,Lodhi_Road_Delhi_IMD,2018
22.0,314.0,232.0,134.0,,155.0,185.0,40.0,,76.0,,214.0,368.0,Lodhi_Road_Delhi_IMD,2018
23.0,331.0,234.0,115.0,,236.0,164.0,53.0,59.0,,,274.0,409.0,Lodhi_Road_Delhi_IMD,2018
24.0,181.0,272.0,126.0,,204.0,,68.0,58.0,,,230.0,423.0,Lodhi_Road_Delhi_IMD,2018
25.0,210.0,227.0,132.0,,,,50.0,67.0,86.0,,,373.0,Lodhi_Road_Delhi_IMD,2018
26.0,240.0,106.0,122.0,,,,57.0,63.0,86.0,311.0,,336.0,Lodhi_Road_Delhi_IMD,2018
27.0,293.0,112.0,151.0,,,106.0,41.0,,102.0,306.0,,347.0,Lodhi_Road_Delhi_IMD,2018
28.0,277.0,195.0,189.0,,,62.0,44.0,,142.0,338.0,276.0,348.0,Lodhi_Road_Delhi_IMD,2018
29.0,242.0,,145.0,,,,,,,,,340.0,Lodhi_Road_Delhi_IMD,2018
30.0,231.0,,150.0,,,68.0,98.0,64.0,123.0,373.0,,354.0,Lodhi_Road_Delhi_IMD,2018
31.0,205.0,,192.0,,,,,110.0,,252.0,,371.0,Lodhi_Road_Delhi_IMD,2018
1.0,,,307.0,233.0,177.0,233.0,78.0,143.0,115.0,143.0,420.0,,Narela_Delhi_DPCC,2018
2.0,,311.0,261.0,281.0,178.0,176.0,68.0,220.0,94.0,234.0,383.0,302.0,Narela_Delhi_DPCC,2018
3.0,,276.0,232.0,,201.0,,104.0,,,136.0,364.0,319.0,Narela_Delhi_DPCC,2018
4.0,,309.0,159.0,,158.0,178.0,154.0,187.0,,230.0,,389.0,Narela_Delhi_DPCC,2018
5.0,,318.0,204.0,,270.0,177.0,129.0,,72.0,316.0,448.0,342.0,Narela_Delhi_DPCC,2018
6.0,,332.0,190.0,,323.0,155.0,136.0,,110.0,256.0,350.0,352.0,Narela_Delhi_DPCC,2018
7.0,,317.0,224.0,170.0,254.0,164.0,145.0,99.0,69.0,192.0,296.0,344.0,Narela_Delhi_DPCC,2018
8.0,,317.0,276.0,,234.0,229.0,194.0,76.0,80.0,278.0,383.0,342.0,Narela_Delhi_DPCC,2018
9.0,,350.0,281.0,,,,172.0,88.0,,298.0,415.0,376.0,Narela_Delhi_DPCC,2018
10.0,,351.0,192.0,246.0,260.0,168.0,121.0,110.0,,297.0,439.0,414.0,Narela_Delhi_DPCC,2018
11.0,,349.0,182.0,,,168.0,114.0,97.0,74.0,,420.0,405.0,Narela_Delhi_DPCC,2018
12.0,,251.0,241.0,,381.0,,104.0,79.0,65.0,144.0,424.0,405.0,Narela_Delhi_DPCC,2018
13.0,,278.0,246.0,175.0,,,111.0,97.0,96.0,305.0,425.0,191.0,Narela_Delhi_DPCC,2018
14.0,,219.0,337.0,210.0,,,85.0,,82.0,249.0,357.0,242.0,Narela_Delhi_DPCC,2018
15.0,,231.0,362.0,,212.0,,65.0,128.0,94.0,289.0,235.0,259.0,Narela_Delhi_DPCC,2018
16.0,,283.0,277.0,,209.0,,89.0,88.0,100.0,361.0,293.0,299.0,Narela_Delhi_DPCC,2018
17.0,,320.0,215.0,282.0,,,97.0,89.0,123.0,350.0,290.0,324.0,Narela_Delhi_DPCC,2018
18.0,,302.0,,252.0,,,111.0,83.0,131.0,350.0,340.0,362.0,Narela_Delhi_DPCC,2018
19.0,,305.0,211.0,,,,92.0,74.0,166.0,318.0,365.0,375.0,Narela_Delhi_DPCC,2018
20.0,,319.0,251.0,318.0,,217.0,81.0,122.0,,363.0,381.0,408.0,Narela_Delhi_DPCC,2018
21.0,,,280.0,,,293.0,99.0,89.0,162.0,336.0,377.0,392.0,Narela_Delhi_DPCC,2018
22.0,,315.0,214.0,,261.0,283.0,,95.0,77.0,309.0,321.0,437.0,Narela_Delhi_DPCC,2018
23.0,,345.0,164.0,,,267.0,66.0,55.0,49.0,312.0,328.0,467.0,Narela_Delhi_DPCC,2018
24.0,,393.0,207.0,263.0,,209.0,85.0,56.0,42.0,369.0,228.0,466.0,Narela_Delhi_DPCC,2018
25.0,,265.0,229.0,,296.0,300.0,74.0,72.0,36.0,347.0,277.0,393.0,Narela_Delhi_DPCC,2018
26.0,,170.0,216.0,267.0,,50.0,56.0,66.0,51.0,397.0,311.0,386.0,Narela_Delhi_DPCC,2018
27.0,,218.0,248.0,396.0,323.0,44.0,45.0,49.0,121.0,409.0,408.0,419.0,Narela_Delhi_DPCC,2018
28.0,,290.0,313.0,350.0,269.0,,60.0,66.0,216.0,409.0,367.0,386.0,Narela_Delhi_DPCC,2018
29.0,,,237.0,322.0,340.0,83.0,82.0,53.0,,424.0,385.0,401.0,Narela_Delhi_DPCC,2018
30.0,,,244.0,274.0,314.0,82.0,98.0,56.0,128.0,451.0,355.0,425.0,Narela_Delhi_DPCC,2018
31.0,,,310.0,,234.0,,118.0,115.0,,411.0,,402.0,Narela_Delhi_DPCC,2018
1.0,403.0,306.0,247.0,207.0,,173.0,100.0,164.0,116.0,,,264.0,North_Campus_DU_Delhi_IMD,2018
2.0,468.0,257.0,274.0,208.0,147.0,,,243.0,,,375.0,,North_Campus_DU_Delhi_IMD,2018
3.0,407.0,184.0,194.0,233.0,173.0,,82.0,237.0,74.0,,346.0,,North_Campus_DU_Delhi_IMD,2018
4.0,431.0,241.0,192.0,265.0,131.0,,120.0,217.0,105.0,188.0,193.0,324.0,North_Campus_DU_Delhi_IMD,2018
5.0,419.0,260.0,191.0,339.0,162.0,,117.0,251.0,94.0,224.0,,257.0,North_Campus_DU_Delhi_IMD,2018
6.0,436.0,271.0,170.0,235.0,295.0,182.0,136.0,148.0,149.0,198.0,330.0,320.0,North_Campus_DU_Delhi_IMD,2018
7.0,372.0,236.0,173.0,136.0,205.0,,134.0,114.0,91.0,159.0,281.0,314.0,North_Campus_DU_Delhi_IMD,2018
8.0,304.0,297.0,267.0,142.0,219.0,,145.0,73.0,60.0,253.0,,,North_Campus_DU_Delhi_IMD,2018
9.0,387.0,303.0,327.0,136.0,179.0,,146.0,,55.0,247.0,428.0,,North_Campus_DU_Delhi_IMD,2018
10.0,374.0,283.0,215.0,212.0,184.0,160.0,104.0,94.0,73.0,222.0,374.0,,North_Campus_DU_Delhi_IMD,2018
11.0,317.0,282.0,242.0,158.0,272.0,,95.0,87.0,70.0,193.0,413.0,390.0,North_Campus_DU_Delhi_IMD,2018
12.0,343.0,156.0,159.0,106.0,312.0,,,81.0,84.0,,405.0,373.0,North_Campus_DU_Delhi_IMD,2018
13.0,404.0,169.0,264.0,177.0,250.0,,,82.0,118.0,216.0,413.0,143.0,North_Campus_DU_Delhi_IMD,2018
14.0,385.0,187.0,331.0,,163.0,,85.0,106.0,55.0,195.0,311.0,207.0,North_Campus_DU_Delhi_IMD,2018
15.0,353.0,196.0,349.0,,160.0,500.0,80.0,116.0,128.0,222.0,192.0,208.0,North_Campus_DU_Delhi_IMD,2018
16.0,267.0,206.0,,,210.0,458.0,69.0,82.0,107.0,261.0,256.0,,North_Campus_DU_Delhi_IMD,2018
17.0,380.0,200.0,168.0,,268.0,,89.0,77.0,,295.0,280.0,,North_Campus_DU_Delhi_IMD,2018
18.0,473.0,266.0,177.0,,,,99.0,63.0,136.0,238.0,340.0,338.0,North_Campus_DU_Delhi_IMD,2018
19.0,439.0,264.0,179.0,,,170.0,,,130.0,255.0,326.0,374.0,North_Campus_DU_Delhi_IMD,2018
20.0,307.0,167.0,201.0,,,175.0,,113.0,137.0,305.0,,437.0,North_Campus_DU_Delhi_IMD,2018
21.0,309.0,220.0,295.0,,,221.0,84.0,73.0,121.0,320.0,351.0,415.0,North_Campus_DU_Delhi_IMD,2018
22.0,342.0,194.0,169.0,,234.0,,47.0,,38.0,263.0,254.0,418.0,North_Campus_DU_Delhi_IMD,2018
23.0,320.0,228.0,154.0,,323.0,,49.0,54.0,60.0,,334.0,451.0,North_Campus_DU_Delhi_IMD,2018
24.0,269.0,252.0,170.0,,299.0,,89.0,64.0,41.0,326.0,264.0,481.0,North_Campus_DU_Delhi_IMD,2018
25.0,249.0,210.0,176.0,,,,75.0,79.0,52.0,348.0,,,North_Campus_DU_Delhi_IMD,2018
26.0,258.0,120.0,168.0,,,,61.0,73.0,68.0,393.0,307.0,411.0,North_Campus_DU_Delhi_IMD,2018
27.0,322.0,126.0,233.0,,,154.0,36.0,,109.0,348.0,327.0,388.0,North_Campus_DU_Delhi_IMD,2018
28.0,281.0,258.0,278.0,,,90.0,41.0,94.0,149.0,392.0,273.0,407.0,North_Campus_DU_Delhi_IMD,2018
29.0,312.0,,237.0,,,,89.0,,151.0,381.0,333.0,387.0,North_Campus_DU_Delhi_IMD,2018
30.0,262.0,,313.0,,,99.0,122.0,77.0,,415.0,,424.0,North_Campus_DU_Delhi_IMD,2018
31.0,235.0,,270.0,,212.0,,130.0,130.0,,383.0,,423.0,North_Campus_DU_Delhi_IMD,2018
1.0,416.0,299.0,314.0,230.0,137.0,198.0,80.0,,165.0,203.0,304.0,195.0,NSIT_Dwarka_Delhi_CPCB,2018
2.0,415.0,316.0,276.0,185.0,104.0,,88.0,292.0,108.0,260.0,278.0,166.0,NSIT_Dwarka_Delhi_CPCB,2018
3.0,379.0,302.0,225.0,179.0,139.0,,,272.0,94.0,205.0,260.0,,NSIT_Dwarka_Delhi_CPCB,2018
4.0,339.0,298.0,172.0,187.0,72.0,,,274.0,142.0,261.0,173.0,268.0,NSIT_Dwarka_Delhi_CPCB,2018
5.0,397.0,329.0,164.0,261.0,130.0,137.0,,288.0,112.0,295.0,359.0,266.0,NSIT_Dwarka_Delhi_CPCB,2018
6.0,398.0,324.0,144.0,171.0,247.0,,175.0,183.0,189.0,251.0,299.0,213.0,NSIT_Dwarka_Delhi_CPCB,2018
7.0,377.0,262.0,187.0,130.0,142.0,117.0,169.0,142.0,115.0,224.0,254.0,198.0,NSIT_Dwarka_Delhi_CPCB,2018
8.0,361.0,351.0,242.0,125.0,193.0,141.0,213.0,94.0,88.0,290.0,376.0,188.0,NSIT_Dwarka_Delhi_CPCB,2018
9.0,384.0,347.0,270.0,128.0,152.0,133.0,206.0,90.0,86.0,290.0,390.0,280.0,NSIT_Dwarka_Delhi_CPCB,2018
10.0,374.0,380.0,167.0,249.0,176.0,129.0,135.0,98.0,78.0,269.0,349.0,234.0,NSIT_Dwarka_Delhi_CPCB,2018
11.0,354.0,333.0,172.0,148.0,276.0,189.0,102.0,88.0,131.0,227.0,349.0,247.0,NSIT_Dwarka_Delhi_CPCB,2018
12.0,349.0,154.0,230.0,70.0,295.0,274.0,119.0,79.0,98.0,178.0,348.0,340.0,NSIT_Dwarka_Delhi_CPCB,2018
13.0,381.0,171.0,189.0,218.0,250.0,,110.0,93.0,107.0,295.0,353.0,130.0,NSIT_Dwarka_Delhi_CPCB,2018
14.0,363.0,202.0,225.0,204.0,142.0,450.0,97.0,124.0,115.0,244.0,276.0,165.0,NSIT_Dwarka_Delhi_CPCB,2018
15.0,386.0,212.0,298.0,212.0,,417.0,80.0,137.0,121.0,312.0,194.0,150.0,NSIT_Dwarka_Delhi_CPCB,2018
16.0,327.0,255.0,271.0,225.0,180.0,331.0,95.0,92.0,118.0,316.0,286.0,203.0,NSIT_Dwarka_Delhi_CPCB,2018
17.0,374.0,283.0,209.0,203.0,278.0,289.0,92.0,102.0,163.0,279.0,242.0,245.0,NSIT_Dwarka_Delhi_CPCB,2018
18.0,388.0,290.0,202.0,233.0,233.0,139.0,109.0,77.0,175.0,302.0,288.0,284.0,NSIT_Dwarka_Delhi_CPCB,2018
19.0,431.0,295.0,183.0,265.0,246.0,125.0,,117.0,172.0,274.0,282.0,314.0,NSIT_Dwarka_Delhi_CPCB,2018
20.0,409.0,332.0,261.0,223.0,186.0,175.0,89.0,164.0,179.0,337.0,330.0,372.0,NSIT_Dwarka_Delhi_CPCB,2018
21.0,363.0,364.0,314.0,332.0,189.0,240.0,138.0,102.0,183.0,313.0,339.0,359.0,NSIT_Dwarka_Delhi_CPCB,2018
22.0,411.0,358.0,231.0,255.0,231.0,206.0,60.0,79.0,102.0,322.0,280.0,399.0,NSIT_Dwarka_Delhi_CPCB,2018
23.0,352.0,328.0,175.0,250.0,303.0,239.0,86.0,90.0,93.0,264.0,356.0,379.0,NSIT_Dwarka_Delhi_CPCB,2018
24.0,323.0,309.0,237.0,315.0,255.0,,123.0,95.0,109.0,316.0,296.0,409.0,NSIT_Dwarka_Delhi_CPCB,2018
25.0,269.0,269.0,272.0,265.0,238.0,204.0,106.0,91.0,93.0,339.0,174.0,396.0,NSIT_Dwarka_Delhi_CPCB,2018
26.0,257.0,122.0,242.0,307.0,250.0,205.0,99.0,77.0,,384.0,282.0,349.0,NSIT_Dwarka_Delhi_CPCB,2018
27.0,311.0,146.0,274.0,270.0,270.0,114.0,65.0,76.0,213.0,375.0,257.0,361.0,NSIT_Dwarka_Delhi_CPCB,2018
28.0,325.0,269.0,296.0,213.0,302.0,71.0,70.0,95.0,243.0,352.0,174.0,372.0,NSIT_Dwarka_Delhi_CPCB,2018
29.0,325.0,,266.0,209.0,314.0,54.0,,73.0,245.0,348.0,299.0,381.0,NSIT_Dwarka_Delhi_CPCB,2018
30.0,337.0,,257.0,189.0,214.0,76.0,,79.0,208.0,334.0,248.0,400.0,NSIT_Dwarka_Delhi_CPCB,2018
31.0,298.0,,265.0,,161.0,,,173.0,,285.0,,447.0,NSIT_Dwarka_Delhi_CPCB,2018
1.0,,,250.0,206.0,161.0,223.0,84.0,171.0,111.0,139.0,385.0,295.0,Okhla_Phase-2_Delhi_DPCC,2018
2.0,,321.0,237.0,210.0,141.0,156.0,105.0,243.0,112.0,202.0,382.0,293.0,Okhla_Phase-2_Delhi_DPCC,2018
3.0,,230.0,203.0,,153.0,,94.0,,73.0,131.0,341.0,326.0,Okhla_Phase-2_Delhi_DPCC,2018
4.0,,273.0,200.0,,118.0,159.0,106.0,234.0,96.0,182.0,163.0,380.0,Okhla_Phase-2_Delhi_DPCC,2018
5.0,,308.0,167.0,,160.0,159.0,127.0,240.0,93.0,264.0,422.0,323.0,Okhla_Phase-2_Delhi_DPCC,2018
6.0,,290.0,156.0,,302.0,157.0,163.0,,137.0,239.0,345.0,,Okhla_Phase-2_Delhi_DPCC,2018
7.0,,265.0,167.0,119.0,190.0,,153.0,112.0,89.0,170.0,270.0,367.0,Okhla_Phase-2_Delhi_DPCC,2018
8.0,,312.0,254.0,131.0,248.0,196.0,196.0,78.0,77.0,246.0,418.0,356.0,Okhla_Phase-2_Delhi_DPCC,2018
9.0,,343.0,292.0,,152.0,,154.0,89.0,51.0,289.0,443.0,372.0,Okhla_Phase-2_Delhi_DPCC,2018
10.0,,346.0,160.0,,173.0,120.0,109.0,114.0,66.0,245.0,411.0,428.0,Okhla_Phase-2_Delhi_DPCC,2018
11.0,,330.0,168.0,,245.0,178.0,99.0,118.0,,191.0,426.0,421.0,Okhla_Phase-2_Delhi_DPCC,2018
12.0,,188.0,232.0,,349.0,357.0,122.0,,97.0,131.0,419.0,388.0,Okhla_Phase-2_Delhi_DPCC,2018
13.0,,212.0,200.0,149.0,,,86.0,,109.0,269.0,406.0,204.0,Okhla_Phase-2_Delhi_DPCC,2018
14.0,,186.0,310.0,222.0,,,57.0,118.0,106.0,217.0,311.0,269.0,Okhla_Phase-2_Delhi_DPCC,2018
15.0,,158.0,294.0,,155.0,,57.0,119.0,123.0,226.0,238.0,286.0,Okhla_Phase-2_Delhi_DPCC,2018
16.0,,273.0,258.0,,201.0,411.0,72.0,72.0,126.0,312.0,299.0,267.0,Okhla_Phase-2_Delhi_DPCC,2018
17.0,,287.0,186.0,,,,89.0,89.0,134.0,316.0,262.0,332.0,Okhla_Phase-2_Delhi_DPCC,2018
18.0,,260.0,,194.0,,185.0,98.0,77.0,151.0,338.0,306.0,357.0,Okhla_Phase-2_Delhi_DPCC,2018
19.0,,293.0,173.0,,,,82.0,82.0,160.0,284.0,346.0,333.0,Okhla_Phase-2_Delhi_DPCC,2018
20.0,,300.0,208.0,,,195.0,66.0,,165.0,316.0,374.0,378.0,Okhla_Phase-2_Delhi_DPCC,2018
21.0,,322.0,339.0,,,239.0,112.0,73.0,143.0,278.0,384.0,376.0,Okhla_Phase-2_Delhi_DPCC,2018
22.0,,313.0,170.0,,221.0,286.0,,79.0,48.0,248.0,242.0,416.0,Okhla_Phase-2_Delhi_DPCC,2018
23.0,,297.0,136.0,,344.0,230.0,65.0,63.0,59.0,240.0,357.0,456.0,Okhla_Phase-2_Delhi_DPCC,2018
24.0,,342.0,164.0,224.0,285.0,203.0,70.0,76.0,48.0,334.0,239.0,461.0,Okhla_Phase-2_Delhi_DPCC,2018
25.0,,273.0,183.0,277.0,302.0,,63.0,79.0,45.0,332.0,228.0,409.0,Okhla_Phase-2_Delhi_DPCC,2018
26.0,,150.0,171.0,373.0,,,74.0,,91.0,331.0,325.0,354.0,Okhla_Phase-2_Delhi_DPCC,2018
27.0,,157.0,187.0,332.0,281.0,,40.0,,152.0,339.0,370.0,378.0,Okhla_Phase-2_Delhi_DPCC,2018
28.0,,272.0,255.0,314.0,256.0,53.0,59.0,68.0,231.0,376.0,321.0,372.0,Okhla_Phase-2_Delhi_DPCC,2018
29.0,,,191.0,250.0,298.0,64.0,92.0,46.0,,356.0,346.0,354.0,Okhla_Phase-2_Delhi_DPCC,2018
30.0,,,215.0,197.0,289.0,80.0,118.0,,141.0,399.0,342.0,429.0,Okhla_Phase-2_Delhi_DPCC,2018
31.0,,,282.0,,261.0,,139.0,128.0,,352.0,,437.0,Okhla_Phase-2_Delhi_DPCC,2018
1.0,,,253.0,222.0,,154.0,74.0,170.0,95.0,129.0,375.0,304.0,Patparganj_Delhi_DPCC,2018
2.0,,331.0,288.0,241.0,142.0,172.0,80.0,268.0,98.0,195.0,,285.0,Patparganj_Delhi_DPCC,2018
3.0,,295.0,199.0,,176.0,,118.0,,61.0,138.0,322.0,317.0,Patparganj_Delhi_DPCC,2018
4.0,,252.0,187.0,,175.0,158.0,195.0,228.0,106.0,176.0,136.0,365.0,Patparganj_Delhi_DPCC,2018
5.0,,294.0,218.0,,135.0,,120.0,264.0,85.0,244.0,423.0,325.0,Patparganj_Delhi_DPCC,2018
6.0,,323.0,192.0,,205.0,92.0,147.0,,144.0,216.0,328.0,371.0,Patparganj_Delhi_DPCC,2018
7.0,,263.0,253.0,193.0,214.0,190.0,154.0,108.0,81.0,166.0,275.0,360.0,Patparganj_Delhi_DPCC,2018
8.0,,298.0,198.0,200.0,159.0,176.0,180.0,71.0,88.0,253.0,394.0,351.0,Patparganj_Delhi_DPCC,2018
9.0,,348.0,316.0,75.0,230.0,,147.0,85.0,49.0,241.0,435.0,391.0,Patparganj_Delhi_DPCC,2018
10.0,,366.0,167.0,257.0,176.0,174.0,159.0,87.0,63.0,201.0,402.0,407.0,Patparganj_Delhi_DPCC,2018
11.0,,343.0,190.0,,240.0,127.0,93.0,100.0,61.0,189.0,419.0,409.0,Patparganj_Delhi_DPCC,2018
12.0,,184.0,213.0,,267.0,,135.0,85.0,85.0,115.0,404.0,393.0,Patparganj_Delhi_DPCC,2018
13.0,,215.0,206.0,202.0,,,,93.0,103.0,267.0,414.0,177.0,Patparganj_Delhi_DPCC,2018
14.0,,155.0,291.0,179.0,,,62.0,107.0,98.0,213.0,310.0,232.0,Patparganj_Delhi_DPCC,2018
15.0,,183.0,320.0,,252.0,,63.0,116.0,116.0,245.0,193.0,278.0,Patparganj_Delhi_DPCC,2018
16.0,,194.0,210.0,,201.0,404.0,76.0,75.0,117.0,282.0,251.0,298.0,Patparganj_Delhi_DPCC,2018
17.0,,229.0,,250.0,,,89.0,84.0,128.0,301.0,248.0,348.0,Patparganj_Delhi_DPCC,2018
18.0,,234.0,,195.0,,186.0,99.0,67.0,142.0,312.0,282.0,353.0,Patparganj_Delhi_DPCC,2018
19.0,,262.0,,,,,84.0,86.0,144.0,261.0,335.0,360.0,Patparganj_Delhi_DPCC,2018
20.0,,276.0,,267.0,,191.0,76.0,119.0,146.0,327.0,361.0,392.0,Patparganj_Delhi_DPCC,2018
21.0,,275.0,282.0,,,214.0,112.0,80.0,120.0,302.0,369.0,394.0,Patparganj_Delhi_DPCC,2018
22.0,,267.0,243.0,,164.0,224.0,,67.0,41.0,263.0,230.0,431.0,Patparganj_Delhi_DPCC,2018
23.0,,293.0,,,279.0,224.0,68.0,56.0,51.0,228.0,320.0,459.0,Patparganj_Delhi_DPCC,2018
24.0,,313.0,190.0,214.0,208.0,185.0,86.0,79.0,37.0,344.0,213.0,463.0,Patparganj_Delhi_DPCC,2018
25.0,,251.0,195.0,277.0,210.0,85.0,57.0,90.0,35.0,359.0,251.0,409.0,Patparganj_Delhi_DPCC,2018
26.0,,197.0,174.0,350.0,201.0,71.0,66.0,81.0,86.0,371.0,330.0,396.0,Patparganj_Delhi_DPCC,2018
27.0,,181.0,188.0,354.0,212.0,41.0,38.0,29.0,146.0,323.0,334.0,405.0,Patparganj_Delhi_DPCC,2018
28.0,,300.0,228.0,343.0,219.0,62.0,46.0,35.0,167.0,360.0,286.0,382.0,Patparganj_Delhi_DPCC,2018
29.0,,,170.0,259.0,206.0,65.0,97.0,28.0,,351.0,353.0,403.0,Patparganj_Delhi_DPCC,2018
30.0,,,184.0,,349.0,72.0,124.0,73.0,140.0,397.0,357.0,428.0,Patparganj_Delhi_DPCC,2018
31.0,,,190.0,,,,,117.0,,332.0,,439.0,Patparganj_Delhi_DPCC,2018
1.0,458.0,337.0,245.0,151.0,142.0,,86.0,146.0,108.0,129.0,396.0,320.0,Punjabi_Bagh_Delhi_DPCC,2018
2.0,482.0,299.0,263.0,166.0,132.0,,80.0,225.0,107.0,173.0,371.0,301.0,Punjabi_Bagh_Delhi_DPCC,2018
3.0,417.0,244.0,232.0,,,,107.0,,75.0,131.0,339.0,326.0,Punjabi_Bagh_Delhi_DPCC,2018
4.0,440.0,262.0,166.0,,106.0,,259.0,203.0,134.0,174.0,155.0,408.0,Punjabi_Bagh_Delhi_DPCC,2018
5.0,443.0,304.0,185.0,,233.0,143.0,127.0,233.0,84.0,296.0,434.0,385.0,Punjabi_Bagh_Delhi_DPCC,2018
6.0,,286.0,185.0,,,,139.0,,177.0,174.0,348.0,376.0,Punjabi_Bagh_Delhi_DPCC,2018
7.0,414.0,267.0,188.0,104.0,215.0,202.0,173.0,124.0,104.0,155.0,280.0,346.0,Punjabi_Bagh_Delhi_DPCC,2018
8.0,328.0,317.0,254.0,120.0,164.0,166.0,256.0,93.0,153.0,214.0,365.0,347.0,Punjabi_Bagh_Delhi_DPCC,2018
9.0,403.0,340.0,270.0,120.0,147.0,,154.0,94.0,144.0,216.0,441.0,384.0,Punjabi_Bagh_Delhi_DPCC,2018
10.0,419.0,358.0,171.0,,198.0,187.0,199.0,89.0,114.0,206.0,401.0,397.0,Punjabi_Bagh_Delhi_DPCC,2018
11.0,274.0,288.0,176.0,,305.0,158.0,108.0,84.0,,180.0,415.0,403.0,Punjabi_Bagh_Delhi_DPCC,2018
12.0,357.0,166.0,223.0,,293.0,,257.0,78.0,79.0,134.0,430.0,390.0,Punjabi_Bagh_Delhi_DPCC,2018
13.0,399.0,189.0,230.0,166.0,,,90.0,88.0,91.0,256.0,427.0,,Punjabi_Bagh_Delhi_DPCC,2018
14.0,385.0,190.0,230.0,,,,90.0,104.0,88.0,180.0,310.0,259.0,Punjabi_Bagh_Delhi_DPCC,2018
15.0,405.0,179.0,267.0,,177.0,,102.0,117.0,110.0,226.0,243.0,273.0,Punjabi_Bagh_Delhi_DPCC,2018
16.0,310.0,263.0,261.0,,162.0,,73.0,91.0,111.0,260.0,300.0,282.0,Punjabi_Bagh_Delhi_DPCC,2018
17.0,379.0,284.0,240.0,199.0,,,,81.0,121.0,292.0,,332.0,Punjabi_Bagh_Delhi_DPCC,2018
18.0,431.0,270.0,,185.0,,,127.0,81.0,149.0,297.0,,344.0,Punjabi_Bagh_Delhi_DPCC,2018
19.0,461.0,309.0,159.0,,,,98.0,98.0,144.0,,327.0,354.0,Punjabi_Bagh_Delhi_DPCC,2018
20.0,393.0,304.0,195.0,,,,76.0,157.0,155.0,314.0,371.0,408.0,Punjabi_Bagh_Delhi_DPCC,2018
21.0,,326.0,279.0,,,218.0,142.0,71.0,127.0,269.0,373.0,395.0,Punjabi_Bagh_Delhi_DPCC,2018
22.0,377.0,317.0,156.0,,,199.0,82.0,70.0,82.0,259.0,268.0,428.0,Punjabi_Bagh_Delhi_DPCC,2018
23.0,354.0,297.0,119.0,,,199.0,77.0,127.0,70.0,252.0,345.0,458.0,Punjabi_Bagh_Delhi_DPCC,2018
24.0,338.0,327.0,155.0,251.0,,188.0,,,69.0,346.0,255.0,462.0,Punjabi_Bagh_Delhi_DPCC,2018
25.0,325.0,256.0,195.0,249.0,,149.0,78.0,89.0,46.0,324.0,278.0,415.0,Punjabi_Bagh_Delhi_DPCC,2018
26.0,331.0,130.0,174.0,282.0,,85.0,218.0,80.0,152.0,421.0,341.0,408.0,Punjabi_Bagh_Delhi_DPCC,2018
27.0,351.0,164.0,223.0,277.0,,58.0,,66.0,154.0,419.0,342.0,418.0,Punjabi_Bagh_Delhi_DPCC,2018
28.0,364.0,293.0,254.0,254.0,,62.0,142.0,69.0,205.0,386.0,302.0,392.0,Punjabi_Bagh_Delhi_DPCC,2018
29.0,356.0,,192.0,207.0,,,125.0,144.0,,404.0,385.0,408.0,Punjabi_Bagh_Delhi_DPCC,2018
30.0,307.0,,190.0,174.0,,,117.0,82.0,324.0,433.0,359.0,422.0,Punjabi_Bagh_Delhi_DPCC,2018
31.0,288.0,,237.0,,,,135.0,120.0,,371.0,,431.0,Punjabi_Bagh_Delhi_DPCC,2018
1.0,,,289.0,250.0,202.0,258.0,89.0,160.0,115.0,,444.0,334.0,Rohini_Delhi_DPCC,2018
2.0,,303.0,287.0,298.0,163.0,185.0,79.0,269.0,120.0,260.0,374.0,335.0,Rohini_Delhi_DPCC,2018
3.0,,277.0,234.0,,172.0,,112.0,,66.0,197.0,353.0,369.0,Rohini_Delhi_DPCC,2018
4.0,,302.0,187.0,,148.0,182.0,108.0,233.0,140.0,216.0,171.0,405.0,Rohini_Delhi_DPCC,2018
5.0,,347.0,175.0,,170.0,170.0,118.0,303.0,101.0,307.0,445.0,390.0,Rohini_Delhi_DPCC,2018
6.0,,332.0,181.0,,362.0,166.0,145.0,,158.0,248.0,353.0,404.0,Rohini_Delhi_DPCC,2018
7.0,,302.0,188.0,118.0,282.0,,144.0,111.0,,214.0,296.0,388.0,Rohini_Delhi_DPCC,2018
8.0,,362.0,335.0,142.0,262.0,223.0,180.0,85.0,87.0,288.0,382.0,386.0,Rohini_Delhi_DPCC,2018
9.0,,381.0,318.0,,195.0,,150.0,91.0,64.0,259.0,440.0,408.0,Rohini_Delhi_DPCC,2018
10.0,,384.0,193.0,324.0,,,115.0,105.0,76.0,282.0,430.0,443.0,Rohini_Delhi_DPCC,2018
11.0,,325.0,178.0,,,184.0,104.0,118.0,91.0,224.0,434.0,474.0,Rohini_Delhi_DPCC,2018
12.0,,195.0,253.0,,372.0,332.0,118.0,,91.0,,440.0,436.0,Rohini_Delhi_DPCC,2018
13.0,,192.0,297.0,222.0,,,104.0,,104.0,,445.0,241.0,Rohini_Delhi_DPCC,2018
14.0,,213.0,360.0,,,,86.0,110.0,105.0,,349.0,288.0,Rohini_Delhi_DPCC,2018
15.0,,227.0,388.0,,201.0,,81.0,121.0,128.0,,246.0,297.0,Rohini_Delhi_DPCC,2018
16.0,,261.0,334.0,,202.0,211.0,73.0,,132.0,345.0,317.0,314.0,Rohini_Delhi_DPCC,2018
17.0,,293.0,226.0,,,,92.0,81.0,139.0,345.0,292.0,370.0,Rohini_Delhi_DPCC,2018
18.0,,289.0,,,,174.0,108.0,84.0,155.0,357.0,358.0,386.0,Rohini_Delhi_DPCC,2018
19.0,,337.0,234.0,,,,81.0,90.0,159.0,368.0,360.0,394.0,Rohini_Delhi_DPCC,2018
20.0,,352.0,284.0,308.0,,200.0,78.0,,187.0,360.0,412.0,447.0,Rohini_Delhi_DPCC,2018
21.0,,367.0,321.0,,,131.0,107.0,87.0,168.0,320.0,390.0,422.0,Rohini_Delhi_DPCC,2018
22.0,,366.0,187.0,,269.0,254.0,,,48.0,298.0,325.0,461.0,Rohini_Delhi_DPCC,2018
23.0,,357.0,168.0,,401.0,256.0,63.0,67.0,81.0,307.0,383.0,481.0,Rohini_Delhi_DPCC,2018
24.0,,393.0,212.0,357.0,,196.0,82.0,75.0,60.0,407.0,277.0,479.0,Rohini_Delhi_DPCC,2018
25.0,,271.0,208.0,387.0,284.0,74.0,87.0,87.0,36.0,382.0,298.0,444.0,Rohini_Delhi_DPCC,2018
26.0,,159.0,211.0,381.0,,47.0,58.0,80.0,86.0,412.0,390.0,422.0,Rohini_Delhi_DPCC,2018
27.0,,169.0,328.0,366.0,356.0,36.0,35.0,55.0,167.0,425.0,386.0,443.0,Rohini_Delhi_DPCC,2018
28.0,,325.0,350.0,339.0,323.0,54.0,39.0,59.0,252.0,415.0,346.0,427.0,Rohini_Delhi_DPCC,2018
29.0,,,266.0,315.0,345.0,78.0,86.0,79.0,,438.0,423.0,427.0,Rohini_Delhi_DPCC,2018
30.0,,,265.0,262.0,340.0,92.0,119.0,79.0,163.0,450.0,390.0,450.0,Rohini_Delhi_DPCC,2018
31.0,,,340.0,,,,142.0,139.0,,440.0,,451.0,Rohini_Delhi_DPCC,2018
1.0,423.0,269.0,244.0,113.0,,253.0,132.0,169.0,130.0,169.0,360.0,287.0,Sirifort_Delhi_CPCB,2018
2.0,481.0,302.0,234.0,132.0,149.0,171.0,433.0,254.0,114.0,196.0,373.0,253.0,Sirifort_Delhi_CPCB,2018
3.0,430.0,239.0,215.0,175.0,176.0,135.0,87.0,255.0,110.0,166.0,338.0,291.0,Sirifort_Delhi_CPCB,2018
4.0,,260.0,139.0,176.0,117.0,164.0,165.0,239.0,132.0,194.0,149.0,340.0,Sirifort_Delhi_CPCB,2018
5.0,419.0,273.0,157.0,295.0,222.0,152.0,142.0,251.0,127.0,235.0,,313.0,Sirifort_Delhi_CPCB,2018
6.0,420.0,284.0,144.0,200.0,298.0,152.0,152.0,160.0,132.0,206.0,333.0,353.0,Sirifort_Delhi_CPCB,2018
7.0,380.0,255.0,165.0,109.0,194.0,161.0,159.0,130.0,136.0,199.0,252.0,350.0,Sirifort_Delhi_CPCB,2018
8.0,,282.0,176.0,,244.0,207.0,276.0,88.0,120.0,235.0,401.0,316.0,Sirifort_Delhi_CPCB,2018
9.0,362.0,332.0,241.0,,149.0,139.0,166.0,,103.0,233.0,393.0,343.0,Sirifort_Delhi_CPCB,2018
10.0,379.0,,146.0,,,132.0,110.0,128.0,91.0,208.0,357.0,431.0,Sirifort_Delhi_CPCB,2018
11.0,,,158.0,,274.0,200.0,100.0,,102.0,196.0,371.0,425.0,Sirifort_Delhi_CPCB,2018
12.0,315.0,,197.0,125.0,,328.0,114.0,,112.0,145.0,381.0,354.0,Sirifort_Delhi_CPCB,2018
13.0,375.0,146.0,200.0,165.0,,320.0,93.0,,120.0,231.0,383.0,190.0,Sirifort_Delhi_CPCB,2018
14.0,310.0,,186.0,245.0,,500.0,47.0,,118.0,181.0,282.0,,Sirifort_Delhi_CPCB,2018
15.0,366.0,,188.0,249.0,,487.0,61.0,138.0,135.0,214.0,209.0,256.0,Sirifort_Delhi_CPCB,2018
16.0,,,168.0,324.0,220.0,427.0,76.0,116.0,145.0,281.0,288.0,249.0,Sirifort_Delhi_CPCB,2018
17.0,393.0,,159.0,,301.0,329.0,68.0,76.0,139.0,270.0,,333.0,Sirifort_Delhi_CPCB,2018
18.0,405.0,,153.0,300.0,246.0,169.0,117.0,106.0,164.0,290.0,272.0,373.0,Sirifort_Delhi_CPCB,2018
19.0,425.0,,117.0,283.0,240.0,,103.0,,166.0,256.0,322.0,339.0,Sirifort_Delhi_CPCB,2018
20.0,,,144.0,,241.0,186.0,68.0,,169.0,298.0,357.0,396.0,Sirifort_Delhi_CPCB,2018
21.0,,,231.0,447.0,234.0,253.0,121.0,149.0,152.0,255.0,368.0,387.0,Sirifort_Delhi_CPCB,2018
22.0,,,165.0,258.0,223.0,292.0,44.0,,44.0,238.0,239.0,425.0,Sirifort_Delhi_CPCB,2018
23.0,357.0,,120.0,199.0,331.0,244.0,61.0,,55.0,229.0,328.0,448.0,Sirifort_Delhi_CPCB,2018
24.0,337.0,,188.0,262.0,297.0,218.0,,88.0,41.0,291.0,230.0,455.0,Sirifort_Delhi_CPCB,2018
25.0,283.0,,185.0,306.0,309.0,302.0,,,39.0,312.0,205.0,440.0,Sirifort_Delhi_CPCB,2018
26.0,,,164.0,386.0,296.0,201.0,121.0,,98.0,326.0,305.0,380.0,Sirifort_Delhi_CPCB,2018
27.0,,,197.0,349.0,319.0,148.0,164.0,,143.0,331.0,336.0,424.0,Sirifort_Delhi_CPCB,2018
28.0,,,183.0,317.0,300.0,242.0,,60.0,197.0,340.0,312.0,,Sirifort_Delhi_CPCB,2018
29.0,,,,,319.0,52.0,,89.0,,331.0,323.0,368.0,Sirifort_Delhi_CPCB,2018
30.0,303.0,,,,306.0,388.0,,108.0,,393.0,336.0,401.0,Sirifort_Delhi_CPCB,2018
31.0,285.0,,216.0,,243.0,,138.0,146.0,,340.0,,439.0,Sirifort_Delhi_CPCB,2018
1.0,,,257.0,205.0,154.0,170.0,58.0,174.0,,137.0,416.0,272.0,Vivek_Vihar_Delhi_DPCC,2018
2.0,,315.0,317.0,223.0,133.0,172.0,,244.0,,196.0,390.0,324.0,Vivek_Vihar_Delhi_DPCC,2018
3.0,,256.0,179.0,,133.0,,,,,175.0,337.0,355.0,Vivek_Vihar_Delhi_DPCC,2018
4.0,,270.0,209.0,,112.0,125.0,98.0,213.0,102.0,255.0,147.0,344.0,Vivek_Vihar_Delhi_DPCC,2018
5.0,,310.0,191.0,,134.0,,121.0,247.0,98.0,283.0,388.0,331.0,Vivek_Vihar_Delhi_DPCC,2018
6.0,,297.0,174.0,,270.0,84.0,174.0,,132.0,213.0,300.0,392.0,Vivek_Vihar_Delhi_DPCC,2018
7.0,,278.0,186.0,133.0,266.0,257.0,143.0,95.0,97.0,166.0,272.0,365.0,Vivek_Vihar_Delhi_DPCC,2018
8.0,,344.0,282.0,,174.0,161.0,158.0,98.0,101.0,296.0,384.0,343.0,Vivek_Vihar_Delhi_DPCC,2018
9.0,,344.0,316.0,,,,150.0,83.0,69.0,273.0,443.0,413.0,Vivek_Vihar_Delhi_DPCC,2018
10.0,,372.0,163.0,,230.0,164.0,,94.0,,253.0,428.0,408.0,Vivek_Vihar_Delhi_DPCC,2018
11.0,,319.0,165.0,,,170.0,101.0,95.0,66.0,185.0,432.0,440.0,Vivek_Vihar_Delhi_DPCC,2018
12.0,,159.0,234.0,,343.0,180.0,166.0,99.0,87.0,,424.0,385.0,Vivek_Vihar_Delhi_DPCC,2018
13.0,,229.0,222.0,,,,72.0,55.0,114.0,308.0,428.0,160.0,Vivek_Vihar_Delhi_DPCC,2018
14.0,,188.0,299.0,,,,68.0,182.0,92.0,,355.0,243.0,Vivek_Vihar_Delhi_DPCC,2018
15.0,,235.0,320.0,,170.0,,76.0,85.0,122.0,288.0,176.0,268.0,Vivek_Vihar_Delhi_DPCC,2018
16.0,,270.0,284.0,,188.0,,85.0,52.0,130.0,283.0,204.0,,Vivek_Vihar_Delhi_DPCC,2018
17.0,,294.0,211.0,205.0,,,120.0,94.0,135.0,330.0,219.0,,Vivek_Vihar_Delhi_DPCC,2018
18.0,,286.0,,196.0,,116.0,100.0,77.0,146.0,,282.0,341.0,Vivek_Vihar_Delhi_DPCC,2018
19.0,,350.0,185.0,,,,87.0,91.0,146.0,,158.0,366.0,Vivek_Vihar_Delhi_DPCC,2018
20.0,,314.0,226.0,256.0,,232.0,91.0,,151.0,,395.0,399.0,Vivek_Vihar_Delhi_DPCC,2018
21.0,,338.0,323.0,,,160.0,140.0,83.0,150.0,,373.0,391.0,Vivek_Vihar_Delhi_DPCC,2018
22.0,,354.0,273.0,,244.0,248.0,,80.0,52.0,248.0,286.0,433.0,Vivek_Vihar_Delhi_DPCC,2018
23.0,,362.0,114.0,,,187.0,96.0,50.0,83.0,257.0,336.0,467.0,Vivek_Vihar_Delhi_DPCC,2018
24.0,,361.0,181.0,246.0,,117.0,102.0,81.0,69.0,351.0,270.0,465.0,Vivek_Vihar_Delhi_DPCC,2018
25.0,,304.0,211.0,,,69.0,73.0,109.0,108.0,315.0,305.0,402.0,Vivek_Vihar_Delhi_DPCC,2018
26.0,,149.0,203.0,325.0,,56.0,44.0,85.0,107.0,384.0,340.0,400.0,Vivek_Vihar_Delhi_DPCC,2018
27.0,,195.0,232.0,311.0,301.0,,78.0,48.0,153.0,403.0,361.0,414.0,Vivek_Vihar_Delhi_DPCC,2018
28.0,,280.0,306.0,282.0,273.0,100.0,49.0,85.0,,390.0,344.0,397.0,Vivek_Vihar_Delhi_DPCC,2018
29.0,,,219.0,280.0,276.0,45.0,111.0,71.0,,395.0,401.0,404.0,Vivek_Vihar_Delhi_DPCC,2018
30.0,,,200.0,186.0,283.0,61.0,124.0,74.0,168.0,442.0,312.0,440.0,Vivek_Vihar_Delhi_DPCC,2018
31.0,,,268.0,,231.0,,141.0,115.0,,392.0,,423.0,Vivek_Vihar_Delhi_DPCC,2018
1.0,,,301.0,314.0,277.0,249.0,91.0,154.0,79.0,125.0,444.0,322.0,Wazirpur_Delhi_DPCC,2018
2.0,,352.0,293.0,339.0,284.0,205.0,74.0,225.0,119.0,254.0,421.0,380.0,Wazirpur_Delhi_DPCC,2018
3.0,,299.0,218.0,,235.0,,192.0,,71.0,,408.0,386.0,Wazirpur_Delhi_DPCC,2018
4.0,,317.0,196.0,,198.0,190.0,170.0,198.0,155.0,217.0,217.0,429.0,Wazirpur_Delhi_DPCC,2018
5.0,,351.0,184.0,,219.0,224.0,148.0,209.0,122.0,294.0,455.0,378.0,Wazirpur_Delhi_DPCC,2018
6.0,,329.0,182.0,,381.0,181.0,,,181.0,,370.0,412.0,Wazirpur_Delhi_DPCC,2018
7.0,,303.0,185.0,181.0,254.0,147.0,159.0,126.0,109.0,188.0,324.0,404.0,Wazirpur_Delhi_DPCC,2018
8.0,,360.0,311.0,213.0,255.0,236.0,167.0,97.0,108.0,275.0,387.0,393.0,Wazirpur_Delhi_DPCC,2018
9.0,,385.0,294.0,213.0,206.0,,183.0,113.0,,317.0,453.0,391.0,Wazirpur_Delhi_DPCC,2018
10.0,,399.0,209.0,345.0,250.0,136.0,184.0,134.0,110.0,353.0,455.0,454.0,Wazirpur_Delhi_DPCC,2018
11.0,,348.0,214.0,,,178.0,158.0,115.0,,271.0,455.0,473.0,Wazirpur_Delhi_DPCC,2018
12.0,,324.0,291.0,,417.0,298.0,170.0,128.0,140.0,178.0,462.0,452.0,Wazirpur_Delhi_DPCC,2018
13.0,,267.0,280.0,212.0,,,174.0,107.0,146.0,321.0,462.0,256.0,Wazirpur_Delhi_DPCC,2018
14.0,,221.0,359.0,257.0,,,93.0,128.0,146.0,271.0,374.0,308.0,Wazirpur_Delhi_DPCC,2018
15.0,,183.0,399.0,,219.0,,156.0,114.0,214.0,339.0,306.0,302.0,Wazirpur_Delhi_DPCC,2018
16.0,,251.0,280.0,,237.0,314.0,128.0,99.0,159.0,364.0,322.0,334.0,Wazirpur_Delhi_DPCC,2018
17.0,,267.0,214.0,345.0,,324.0,137.0,91.0,164.0,391.0,322.0,380.0,Wazirpur_Delhi_DPCC,2018
18.0,,269.0,,281.0,,186.0,159.0,108.0,196.0,367.0,384.0,374.0,Wazirpur_Delhi_DPCC,2018
19.0,,339.0,225.0,272.0,,,120.0,84.0,194.0,352.0,389.0,411.0,Wazirpur_Delhi_DPCC,2018
20.0,,317.0,244.0,340.0,,201.0,118.0,,208.0,350.0,422.0,458.0,Wazirpur_Delhi_DPCC,2018
21.0,,372.0,322.0,,,255.0,149.0,,218.0,321.0,399.0,432.0,Wazirpur_Delhi_DPCC,2018
22.0,,351.0,172.0,,231.0,306.0,,,111.0,287.0,352.0,456.0,Wazirpur_Delhi_DPCC,2018
23.0,,311.0,156.0,,327.0,263.0,111.0,87.0,84.0,332.0,404.0,483.0,Wazirpur_Delhi_DPCC,2018
24.0,,370.0,205.0,291.0,267.0,202.0,155.0,123.0,61.0,398.0,294.0,483.0,Wazirpur_Delhi_DPCC,2018
25.0,,279.0,241.0,365.0,249.0,140.0,161.0,141.0,48.0,355.0,324.0,442.0,Wazirpur_Delhi_DPCC,2018
26.0,,170.0,193.0,429.0,,198.0,95.0,120.0,75.0,391.0,383.0,441.0,Wazirpur_Delhi_DPCC,2018
27.0,,184.0,281.0,,314.0,145.0,56.0,71.0,135.0,,422.0,445.0,Wazirpur_Delhi_DPCC,2018
28.0,,316.0,335.0,434.0,,83.0,50.0,80.0,242.0,,378.0,428.0,Wazirpur_Delhi_DPCC,2018
29.0,,,258.0,356.0,287.0,135.0,103.0,140.0,,,429.0,446.0,Wazirpur_Delhi_DPCC,2018
30.0,,,237.0,330.0,333.0,140.0,126.0,103.0,140.0,435.0,400.0,453.0,Wazirpur_Delhi_DPCC,2018
31.0,,,362.0,,222.0,,,166.0,,407.0,,448.0,Wazirpur_Delhi_DPCC,2018
1.0,444.0,310.0,229.0,176.0,356.0,330.0,,91.0,124.0,92.0,500.0,279.0,Anand_Vihar_Delhi_DPCC,2019
2.0,451.0,374.0,248.0,230.0,282.0,207.0,,84.0,107.0,,448.0,307.0,Anand_Vihar_Delhi_DPCC,2019
3.0,,343.0,118.0,212.0,174.0,290.0,133.0,103.0,162.0,179.0,495.0,308.0,Anand_Vihar_Delhi_DPCC,2019
4.0,412.0,353.0,272.0,304.0,202.0,160.0,101.0,100.0,193.0,135.0,440.0,325.0,Anand_Vihar_Delhi_DPCC,2019
5.0,400.0,442.0,196.0,325.0,,179.0,176.0,114.0,106.0,142.0,360.0,428.0,Anand_Vihar_Delhi_DPCC,2019
6.0,337.0,374.0,258.0,340.0,,241.0,83.0,83.0,98.0,162.0,264.0,,Anand_Vihar_Delhi_DPCC,2019
7.0,364.0,204.0,306.0,340.0,,171.0,86.0,100.0,100.0,165.0,333.0,400.0,Anand_Vihar_Delhi_DPCC,2019
8.0,329.0,192.0,,295.0,426.0,161.0,147.0,87.0,96.0,140.0,381.0,469.0,Anand_Vihar_Delhi_DPCC,2019
9.0,300.0,141.0,220.0,214.0,388.0,344.0,156.0,74.0,126.0,180.0,304.0,,Anand_Vihar_Delhi_DPCC,2019
10.0,317.0,241.0,185.0,325.0,336.0,332.0,183.0,,181.0,219.0,357.0,409.0,Anand_Vihar_Delhi_DPCC,2019
11.0,404.0,297.0,216.0,241.0,325.0,,401.0,,176.0,,392.0,,Anand_Vihar_Delhi_DPCC,2019
12.0,455.0,347.0,148.0,234.0,364.0,276.0,307.0,,148.0,285.0,448.0,455.0,Anand_Vihar_Delhi_DPCC,2019
13.0,436.0,391.0,196.0,215.0,379.0,179.0,,98.0,85.0,327.0,463.0,264.0,Anand_Vihar_Delhi_DPCC,2019
14.0,259.0,359.0,315.0,162.0,234.0,194.0,283.0,73.0,77.0,290.0,491.0,,Anand_Vihar_Delhi_DPCC,2019
15.0,243.0,262.0,163.0,177.0,247.0,302.0,169.0,108.0,87.0,310.0,,,Anand_Vihar_Delhi_DPCC,2019
16.0,387.0,311.0,144.0,219.0,191.0,248.0,111.0,70.0,131.0,338.0,352.0,,Anand_Vihar_Delhi_DPCC,2019
17.0,455.0,268.0,208.0,132.0,285.0,,101.0,54.0,180.0,303.0,214.0,192.0,Anand_Vihar_Delhi_DPCC,2019
18.0,403.0,258.0,219.0,94.0,101.0,116.0,104.0,59.0,115.0,,240.0,327.0,Anand_Vihar_Delhi_DPCC,2019
19.0,397.0,229.0,269.0,198.0,160.0,327.0,187.0,134.0,69.0,199.0,302.0,399.0,Anand_Vihar_Delhi_DPCC,2019
20.0,444.0,285.0,314.0,229.0,217.0,139.0,149.0,170.0,101.0,263.0,,,Anand_Vihar_Delhi_DPCC,2019
21.0,372.0,152.0,217.0,281.0,185.0,185.0,130.0,163.0,109.0,256.0,427.0,,Anand_Vihar_Delhi_DPCC,2019
22.0,132.0,263.0,137.0,288.0,144.0,195.0,144.0,192.0,,237.0,408.0,351.0,Anand_Vihar_Delhi_DPCC,2019
23.0,232.0,138.0,154.0,312.0,234.0,129.0,191.0,189.0,86.0,320.0,342.0,341.0,Anand_Vihar_Delhi_DPCC,2019
24.0,312.0,169.0,163.0,255.0,148.0,107.0,229.0,238.0,115.0,382.0,,423.0,Anand_Vihar_Delhi_DPCC,2019
25.0,157.0,260.0,163.0,249.0,105.0,101.0,100.0,101.0,94.0,313.0,247.0,388.0,Anand_Vihar_Delhi_DPCC,2019
26.0,213.0,,175.0,246.0,122.0,178.0,79.0,72.0,87.0,350.0,,358.0,Anand_Vihar_Delhi_DPCC,2019
27.0,259.0,117.0,213.0,263.0,142.0,220.0,58.0,,84.0,402.0,148.0,,Anand_Vihar_Delhi_DPCC,2019
28.0,261.0,,322.0,263.0,206.0,271.0,,124.0,67.0,390.0,127.0,,Anand_Vihar_Delhi_DPCC,2019
29.0,284.0,,300.0,235.0,231.0,282.0,66.0,106.0,80.0,446.0,95.0,452.0,Anand_Vihar_Delhi_DPCC,2019
30.0,350.0,,299.0,291.0,297.0,310.0,79.0,115.0,68.0,463.0,,465.0,Anand_Vihar_Delhi_DPCC,2019
31.0,397.0,,228.0,,349.0,,85.0,140.0,,468.0,,388.0,Anand_Vihar_Delhi_DPCC,2019
1.0,421.0,331.0,,142.0,272.0,298.0,,84.0,96.0,88.0,497.0,287.0,Ashok_Vihar_Delhi_DPCC,2019
2.0,456.0,363.0,,192.0,322.0,218.0,,77.0,78.0,,430.0,313.0,Ashok_Vihar_Delhi_DPCC,2019
3.0,471.0,323.0,,188.0,186.0,295.0,132.0,89.0,103.0,116.0,498.0,309.0,Ashok_Vihar_Delhi_DPCC,2019
4.0,420.0,345.0,,244.0,209.0,172.0,92.0,82.0,167.0,94.0,438.0,327.0,Ashok_Vihar_Delhi_DPCC,2019
5.0,425.0,423.0,,262.0,,188.0,100.0,106.0,88.0,90.0,348.0,434.0,Ashok_Vihar_Delhi_DPCC,2019
6.0,358.0,379.0,,267.0,,215.0,94.0,68.0,94.0,113.0,253.0,446.0,Ashok_Vihar_Delhi_DPCC,2019
7.0,369.0,194.0,224.0,316.0,339.0,175.0,88.0,72.0,77.0,124.0,320.0,389.0,Ashok_Vihar_Delhi_DPCC,2019
8.0,340.0,152.0,,257.0,418.0,,134.0,,67.0,106.0,347.0,430.0,Ashok_Vihar_Delhi_DPCC,2019
9.0,305.0,175.0,182.0,258.0,410.0,265.0,137.0,68.0,97.0,165.0,303.0,376.0,Ashok_Vihar_Delhi_DPCC,2019
10.0,312.0,283.0,170.0,229.0,343.0,,169.0,45.0,116.0,233.0,352.0,404.0,Ashok_Vihar_Delhi_DPCC,2019
11.0,396.0,334.0,192.0,154.0,243.0,,,60.0,232.0,231.0,384.0,446.0,Ashok_Vihar_Delhi_DPCC,2019
12.0,439.0,367.0,135.0,176.0,316.0,254.0,311.0,46.0,128.0,245.0,445.0,473.0,Ashok_Vihar_Delhi_DPCC,2019
13.0,442.0,371.0,188.0,134.0,322.0,181.0,378.0,62.0,85.0,295.0,476.0,,Ashok_Vihar_Delhi_DPCC,2019
14.0,269.0,367.0,272.0,113.0,157.0,186.0,306.0,47.0,73.0,259.0,483.0,207.0,Ashok_Vihar_Delhi_DPCC,2019
15.0,259.0,296.0,172.0,151.0,181.0,224.0,194.0,70.0,69.0,274.0,463.0,279.0,Ashok_Vihar_Delhi_DPCC,2019
16.0,402.0,321.0,170.0,171.0,186.0,216.0,90.0,48.0,110.0,328.0,378.0,237.0,Ashok_Vihar_Delhi_DPCC,2019
17.0,457.0,268.0,203.0,70.0,283.0,150.0,62.0,37.0,151.0,298.0,232.0,,Ashok_Vihar_Delhi_DPCC,2019
18.0,426.0,262.0,224.0,68.0,90.0,95.0,71.0,25.0,186.0,239.0,247.0,328.0,Ashok_Vihar_Delhi_DPCC,2019
19.0,398.0,260.0,237.0,129.0,179.0,202.0,129.0,76.0,71.0,196.0,273.0,386.0,Ashok_Vihar_Delhi_DPCC,2019
20.0,438.0,285.0,193.0,211.0,234.0,117.0,121.0,90.0,90.0,261.0,333.0,477.0,Ashok_Vihar_Delhi_DPCC,2019
21.0,380.0,154.0,246.0,219.0,203.0,178.0,110.0,112.0,103.0,265.0,393.0,448.0,Ashok_Vihar_Delhi_DPCC,2019
22.0,113.0,210.0,113.0,222.0,199.0,190.0,125.0,124.0,,221.0,384.0,347.0,Ashok_Vihar_Delhi_DPCC,2019
23.0,219.0,128.0,131.0,220.0,279.0,183.0,186.0,137.0,81.0,262.0,324.0,341.0,Ashok_Vihar_Delhi_DPCC,2019
24.0,329.0,203.0,136.0,205.0,125.0,100.0,150.0,132.0,89.0,351.0,248.0,394.0,Ashok_Vihar_Delhi_DPCC,2019
25.0,173.0,211.0,133.0,252.0,122.0,178.0,66.0,81.0,80.0,299.0,253.0,359.0,Ashok_Vihar_Delhi_DPCC,2019
26.0,253.0,,172.0,187.0,141.0,154.0,75.0,54.0,65.0,299.0,294.0,353.0,Ashok_Vihar_Delhi_DPCC,2019
27.0,278.0,112.0,186.0,218.0,185.0,199.0,53.0,,48.0,388.0,133.0,393.0,Ashok_Vihar_Delhi_DPCC,2019
28.0,282.0,,247.0,226.0,188.0,202.0,45.0,,58.0,376.0,106.0,412.0,Ashok_Vihar_Delhi_DPCC,2019
29.0,284.0,,220.0,223.0,200.0,278.0,61.0,90.0,55.0,424.0,69.0,439.0,Ashok_Vihar_Delhi_DPCC,2019
30.0,347.0,,256.0,225.0,228.0,257.0,74.0,180.0,57.0,456.0,256.0,454.0,Ashok_Vihar_Delhi_DPCC,2019
31.0,385.0,,154.0,,319.0,,76.0,112.0,,447.0,,409.0,Ashok_Vihar_Delhi_DPCC,2019
1.0,400.0,365.0,284.0,179.0,310.0,247.0,,99.0,160.0,127.0,500.0,283.0,Bawana_Delhi_DPCC,2019
2.0,440.0,349.0,290.0,252.0,306.0,173.0,,94.0,86.0,,427.0,333.0,Bawana_Delhi_DPCC,2019
3.0,421.0,282.0,173.0,241.0,251.0,224.0,162.0,71.0,158.0,160.0,500.0,345.0,Bawana_Delhi_DPCC,2019
4.0,315.0,296.0,249.0,303.0,214.0,188.0,107.0,77.0,210.0,97.0,440.0,359.0,Bawana_Delhi_DPCC,2019
5.0,438.0,426.0,183.0,324.0,,216.0,142.0,167.0,120.0,96.0,363.0,423.0,Bawana_Delhi_DPCC,2019
6.0,356.0,399.0,233.0,324.0,,218.0,110.0,65.0,110.0,137.0,277.0,424.0,Bawana_Delhi_DPCC,2019
7.0,340.0,214.0,260.0,376.0,380.0,160.0,108.0,66.0,113.0,136.0,338.0,398.0,Bawana_Delhi_DPCC,2019
8.0,341.0,157.0,250.0,310.0,411.0,193.0,113.0,80.0,107.0,115.0,346.0,413.0,Bawana_Delhi_DPCC,2019
9.0,330.0,199.0,209.0,265.0,383.0,261.0,127.0,83.0,148.0,253.0,267.0,378.0,Bawana_Delhi_DPCC,2019
10.0,334.0,316.0,208.0,201.0,307.0,252.0,162.0,51.0,184.0,288.0,362.0,420.0,Bawana_Delhi_DPCC,2019
11.0,413.0,338.0,224.0,184.0,241.0,,372.0,79.0,199.0,258.0,404.0,462.0,Bawana_Delhi_DPCC,2019
12.0,463.0,337.0,158.0,224.0,370.0,274.0,305.0,43.0,203.0,271.0,454.0,,Bawana_Delhi_DPCC,2019
13.0,435.0,381.0,201.0,198.0,373.0,166.0,315.0,49.0,101.0,302.0,480.0,263.0,Bawana_Delhi_DPCC,2019
14.0,294.0,386.0,285.0,155.0,173.0,238.0,260.0,50.0,97.0,277.0,470.0,189.0,Bawana_Delhi_DPCC,2019
15.0,304.0,297.0,196.0,190.0,202.0,251.0,155.0,72.0,114.0,306.0,,241.0,Bawana_Delhi_DPCC,2019
16.0,436.0,295.0,211.0,198.0,188.0,175.0,82.0,56.0,155.0,337.0,385.0,188.0,Bawana_Delhi_DPCC,2019
17.0,472.0,215.0,224.0,97.0,327.0,119.0,81.0,53.0,159.0,330.0,266.0,216.0,Bawana_Delhi_DPCC,2019
18.0,410.0,268.0,236.0,96.0,95.0,97.0,192.0,47.0,135.0,328.0,,322.0,Bawana_Delhi_DPCC,2019
19.0,428.0,261.0,268.0,166.0,255.0,238.0,128.0,76.0,88.0,164.0,,388.0,Bawana_Delhi_DPCC,2019
20.0,445.0,287.0,222.0,231.0,240.0,141.0,152.0,72.0,130.0,270.0,365.0,443.0,Bawana_Delhi_DPCC,2019
21.0,417.0,149.0,242.0,243.0,209.0,211.0,109.0,115.0,258.0,285.0,403.0,402.0,Bawana_Delhi_DPCC,2019
22.0,136.0,199.0,86.0,262.0,174.0,213.0,125.0,201.0,,,412.0,329.0,Bawana_Delhi_DPCC,2019
23.0,207.0,198.0,205.0,306.0,274.0,228.0,126.0,221.0,184.0,298.0,327.0,332.0,Bawana_Delhi_DPCC,2019
24.0,316.0,255.0,128.0,287.0,137.0,116.0,149.0,192.0,103.0,340.0,252.0,385.0,Bawana_Delhi_DPCC,2019
25.0,212.0,277.0,174.0,319.0,173.0,90.0,45.0,184.0,90.0,344.0,326.0,338.0,Bawana_Delhi_DPCC,2019
26.0,295.0,,213.0,250.0,190.0,145.0,89.0,153.0,,333.0,307.0,356.0,Bawana_Delhi_DPCC,2019
27.0,307.0,131.0,232.0,310.0,189.0,226.0,53.0,,75.0,395.0,152.0,397.0,Bawana_Delhi_DPCC,2019
28.0,294.0,,287.0,313.0,197.0,239.0,56.0,122.0,83.0,374.0,103.0,391.0,Bawana_Delhi_DPCC,2019
29.0,324.0,,255.0,285.0,219.0,276.0,55.0,114.0,80.0,420.0,123.0,425.0,Bawana_Delhi_DPCC,2019
30.0,378.0,,253.0,307.0,231.0,263.0,86.0,115.0,83.0,455.0,,431.0,Bawana_Delhi_DPCC,2019
31.0,393.0,,202.0,,289.0,,88.0,157.0,,460.0,,429.0,Bawana_Delhi_DPCC,2019
1.0,394.0,291.0,,151.0,269.0,293.0,254.0,64.0,73.0,62.0,497.0,218.0,CRRI_Mathura_Road_Delhi_IMD,2019
2.0,,303.0,187.0,187.0,210.0,181.0,224.0,62.0,70.0,61.0,410.0,262.0,CRRI_Mathura_Road_Delhi_IMD,2019
3.0,463.0,267.0,74.0,197.0,139.0,267.0,167.0,69.0,152.0,207.0,497.0,247.0,CRRI_Mathura_Road_Delhi_IMD,2019
4.0,374.0,257.0,215.0,272.0,192.0,142.0,202.0,81.0,153.0,99.0,415.0,262.0,CRRI_Mathura_Road_Delhi_IMD,2019
5.0,387.0,357.0,94.0,287.0,230.0,164.0,,91.0,74.0,119.0,323.0,371.0,CRRI_Mathura_Road_Delhi_IMD,2019
6.0,,,,240.0,221.0,206.0,111.0,81.0,71.0,159.0,223.0,386.0,CRRI_Mathura_Road_Delhi_IMD,2019
7.0,343.0,143.0,216.0,298.0,360.0,210.0,188.0,66.0,80.0,149.0,320.0,367.0,CRRI_Mathura_Road_Delhi_IMD,2019
8.0,329.0,162.0,177.0,240.0,423.0,170.0,,49.0,63.0,131.0,338.0,386.0,CRRI_Mathura_Road_Delhi_IMD,2019
9.0,295.0,144.0,,111.0,392.0,293.0,133.0,,107.0,165.0,282.0,313.0,CRRI_Mathura_Road_Delhi_IMD,2019
10.0,283.0,,,260.0,282.0,229.0,150.0,46.0,149.0,169.0,332.0,350.0,CRRI_Mathura_Road_Delhi_IMD,2019
11.0,386.0,314.0,,187.0,329.0,369.0,342.0,61.0,159.0,223.0,364.0,402.0,CRRI_Mathura_Road_Delhi_IMD,2019
12.0,414.0,338.0,126.0,,384.0,,275.0,99.0,121.0,239.0,435.0,395.0,CRRI_Mathura_Road_Delhi_IMD,2019
13.0,,,126.0,,348.0,207.0,302.0,,76.0,287.0,462.0,206.0,CRRI_Mathura_Road_Delhi_IMD,2019
14.0,245.0,307.0,279.0,,149.0,174.0,231.0,68.0,54.0,263.0,474.0,130.0,CRRI_Mathura_Road_Delhi_IMD,2019
15.0,234.0,207.0,140.0,151.0,181.0,302.0,168.0,80.0,59.0,291.0,460.0,196.0,CRRI_Mathura_Road_Delhi_IMD,2019
16.0,416.0,219.0,115.0,192.0,201.0,207.0,87.0,50.0,95.0,300.0,362.0,162.0,CRRI_Mathura_Road_Delhi_IMD,2019
17.0,415.0,163.0,183.0,,316.0,141.0,119.0,50.0,154.0,252.0,196.0,138.0,CRRI_Mathura_Road_Delhi_IMD,2019
18.0,,,196.0,,131.0,111.0,,94.0,,229.0,197.0,,CRRI_Mathura_Road_Delhi_IMD,2019
19.0,427.0,,226.0,143.0,170.0,194.0,120.0,85.0,,165.0,246.0,337.0,CRRI_Mathura_Road_Delhi_IMD,2019
20.0,457.0,,165.0,144.0,233.0,124.0,102.0,110.0,66.0,250.0,283.0,426.0,CRRI_Mathura_Road_Delhi_IMD,2019
21.0,359.0,,,196.0,184.0,158.0,106.0,133.0,91.0,261.0,376.0,409.0,CRRI_Mathura_Road_Delhi_IMD,2019
22.0,85.0,131.0,,270.0,175.0,203.0,107.0,138.0,68.0,220.0,355.0,301.0,CRRI_Mathura_Road_Delhi_IMD,2019
23.0,262.0,69.0,,263.0,254.0,111.0,141.0,132.0,,243.0,314.0,298.0,CRRI_Mathura_Road_Delhi_IMD,2019
24.0,322.0,,109.0,170.0,128.0,82.0,188.0,155.0,91.0,324.0,225.0,360.0,CRRI_Mathura_Road_Delhi_IMD,2019
25.0,121.0,224.0,,,130.0,77.0,,66.0,60.0,254.0,251.0,340.0,CRRI_Mathura_Road_Delhi_IMD,2019
26.0,234.0,72.0,128.0,197.0,140.0,164.0,53.0,59.0,47.0,267.0,259.0,340.0,CRRI_Mathura_Road_Delhi_IMD,2019
27.0,279.0,50.0,156.0,248.0,216.0,206.0,52.0,73.0,,253.0,100.0,351.0,CRRI_Mathura_Road_Delhi_IMD,2019
28.0,,182.0,241.0,229.0,223.0,214.0,76.0,78.0,38.0,393.0,91.0,413.0,CRRI_Mathura_Road_Delhi_IMD,2019
29.0,282.0,,,245.0,194.0,241.0,100.0,59.0,35.0,404.0,68.0,427.0,CRRI_Mathura_Road_Delhi_IMD,2019
30.0,339.0,,207.0,,275.0,280.0,60.0,67.0,46.0,426.0,169.0,460.0,CRRI_Mathura_Road_Delhi_IMD,2019
31.0,328.0,,185.0,,337.0,,62.0,97.0,,419.0,,343.0,CRRI_Mathura_Road_Delhi_IMD,2019
1.0,411.0,324.0,206.0,154.0,283.0,471.0,161.0,93.0,128.0,93.0,496.0,304.0,DTU_Delhi_CPCB,2019
2.0,432.0,,252.0,,288.0,195.0,193.0,83.0,97.0,88.0,412.0,338.0,DTU_Delhi_CPCB,2019
3.0,451.0,,157.0,,175.0,282.0,123.0,81.0,157.0,131.0,499.0,338.0,DTU_Delhi_CPCB,2019
4.0,372.0,,237.0,280.0,176.0,171.0,81.0,78.0,220.0,105.0,425.0,345.0,DTU_Delhi_CPCB,2019
5.0,402.0,,187.0,249.0,253.0,184.0,95.0,134.0,,112.0,338.0,408.0,DTU_Delhi_CPCB,2019
6.0,321.0,,222.0,303.0,313.0,192.0,93.0,82.0,115.0,111.0,273.0,432.0,DTU_Delhi_CPCB,2019
7.0,319.0,,215.0,333.0,336.0,142.0,83.0,82.0,102.0,110.0,307.0,399.0,DTU_Delhi_CPCB,2019
8.0,321.0,139.0,195.0,293.0,404.0,211.0,112.0,87.0,78.0,126.0,333.0,411.0,DTU_Delhi_CPCB,2019
9.0,303.0,176.0,180.0,242.0,379.0,230.0,117.0,86.0,114.0,229.0,278.0,381.0,DTU_Delhi_CPCB,2019
10.0,314.0,289.0,190.0,232.0,318.0,216.0,147.0,78.0,139.0,243.0,345.0,414.0,DTU_Delhi_CPCB,2019
11.0,374.0,311.0,182.0,200.0,243.0,303.0,368.0,71.0,182.0,267.0,,436.0,DTU_Delhi_CPCB,2019
12.0,413.0,322.0,128.0,200.0,390.0,248.0,302.0,52.0,176.0,228.0,433.0,457.0,DTU_Delhi_CPCB,2019
13.0,399.0,362.0,168.0,,326.0,176.0,321.0,68.0,97.0,290.0,469.0,264.0,DTU_Delhi_CPCB,2019
14.0,239.0,349.0,236.0,126.0,133.0,190.0,268.0,65.0,84.0,259.0,473.0,204.0,DTU_Delhi_CPCB,2019
15.0,262.0,261.0,169.0,165.0,189.0,237.0,144.0,66.0,79.0,342.0,465.0,249.0,DTU_Delhi_CPCB,2019
16.0,398.0,295.0,166.0,197.0,,210.0,72.0,,112.0,322.0,365.0,213.0,DTU_Delhi_CPCB,2019
17.0,436.0,224.0,223.0,82.0,341.0,140.0,54.0,46.0,135.0,326.0,242.0,195.0,DTU_Delhi_CPCB,2019
18.0,387.0,254.0,231.0,79.0,203.0,104.0,91.0,52.0,114.0,294.0,270.0,336.0,DTU_Delhi_CPCB,2019
19.0,391.0,237.0,242.0,138.0,199.0,252.0,121.0,94.0,76.0,181.0,291.0,391.0,DTU_Delhi_CPCB,2019
20.0,419.0,259.0,219.0,234.0,237.0,276.0,100.0,90.0,113.0,250.0,365.0,444.0,DTU_Delhi_CPCB,2019
21.0,381.0,153.0,211.0,238.0,205.0,188.0,102.0,118.0,189.0,270.0,376.0,417.0,DTU_Delhi_CPCB,2019
22.0,110.0,198.0,105.0,224.0,186.0,179.0,131.0,119.0,105.0,262.0,381.0,332.0,DTU_Delhi_CPCB,2019
23.0,176.0,121.0,164.0,271.0,247.0,175.0,224.0,134.0,98.0,338.0,308.0,333.0,DTU_Delhi_CPCB,2019
24.0,312.0,236.0,131.0,226.0,116.0,97.0,203.0,141.0,98.0,326.0,238.0,376.0,DTU_Delhi_CPCB,2019
25.0,160.0,229.0,156.0,267.0,119.0,110.0,93.0,88.0,96.0,310.0,277.0,356.0,DTU_Delhi_CPCB,2019
26.0,234.0,116.0,176.0,212.0,120.0,141.0,272.0,58.0,91.0,310.0,320.0,345.0,DTU_Delhi_CPCB,2019
27.0,272.0,89.0,213.0,273.0,167.0,182.0,51.0,110.0,76.0,360.0,115.0,378.0,DTU_Delhi_CPCB,2019
28.0,276.0,182.0,246.0,269.0,160.0,216.0,67.0,120.0,76.0,372.0,94.0,398.0,DTU_Delhi_CPCB,2019
29.0,292.0,,234.0,258.0,216.0,269.0,69.0,97.0,76.0,403.0,77.0,,DTU_Delhi_CPCB,2019
30.0,344.0,,224.0,,,226.0,96.0,112.0,170.0,441.0,236.0,,DTU_Delhi_CPCB,2019
31.0,356.0,,175.0,,298.0,,89.0,156.0,,432.0,,419.0,DTU_Delhi_CPCB,2019
1.0,350.0,277.0,,130.0,282.0,,149.0,83.0,,90.0,,199.0,IGI_Airport_(T3)_Delhi_IMD,2019
2.0,,305.0,171.0,182.0,,,190.0,84.0,,89.0,,240.0,IGI_Airport_(T3)_Delhi_IMD,2019
3.0,425.0,253.0,92.0,166.0,148.0,,120.0,89.0,,123.0,497.0,257.0,IGI_Airport_(T3)_Delhi_IMD,2019
4.0,361.0,249.0,204.0,233.0,171.0,,87.0,97.0,,96.0,,246.0,IGI_Airport_(T3)_Delhi_IMD,2019
5.0,368.0,318.0,102.0,229.0,207.0,,,82.0,,93.0,,317.0,IGI_Airport_(T3)_Delhi_IMD,2019
6.0,284.0,,,223.0,216.0,,91.0,66.0,,127.0,,394.0,IGI_Airport_(T3)_Delhi_IMD,2019
7.0,300.0,153.0,200.0,296.0,315.0,,92.0,,,128.0,,384.0,IGI_Airport_(T3)_Delhi_IMD,2019
8.0,287.0,121.0,152.0,298.0,336.0,,,72.0,68.0,101.0,,378.0,IGI_Airport_(T3)_Delhi_IMD,2019
9.0,256.0,116.0,,175.0,332.0,,110.0,,103.0,160.0,,332.0,IGI_Airport_(T3)_Delhi_IMD,2019
10.0,234.0,,,233.0,239.0,,153.0,45.0,133.0,195.0,,335.0,IGI_Airport_(T3)_Delhi_IMD,2019
11.0,318.0,308.0,,184.0,232.0,,305.0,72.0,162.0,175.0,,370.0,IGI_Airport_(T3)_Delhi_IMD,2019
12.0,425.0,310.0,140.0,,352.0,,284.0,50.0,179.0,207.0,,386.0,IGI_Airport_(T3)_Delhi_IMD,2019
13.0,,,169.0,,311.0,,214.0,,91.0,261.0,,212.0,IGI_Airport_(T3)_Delhi_IMD,2019
14.0,215.0,300.0,264.0,,274.0,,207.0,64.0,77.0,237.0,,118.0,IGI_Airport_(T3)_Delhi_IMD,2019
15.0,165.0,187.0,150.0,168.0,173.0,,180.0,108.0,69.0,226.0,,161.0,IGI_Airport_(T3)_Delhi_IMD,2019
16.0,345.0,228.0,110.0,168.0,181.0,,102.0,99.0,106.0,226.0,,125.0,IGI_Airport_(T3)_Delhi_IMD,2019
17.0,413.0,167.0,159.0,,250.0,,74.0,89.0,136.0,239.0,,124.0,IGI_Airport_(T3)_Delhi_IMD,2019
18.0,,,177.0,,87.0,,69.0,81.0,,,,,IGI_Airport_(T3)_Delhi_IMD,2019
19.0,299.0,,184.0,149.0,125.0,,,,67.0,,,347.0,IGI_Airport_(T3)_Delhi_IMD,2019
20.0,320.0,,164.0,138.0,204.0,,,,97.0,,,391.0,IGI_Airport_(T3)_Delhi_IMD,2019
21.0,266.0,,,155.0,180.0,,,,95.0,,,366.0,IGI_Airport_(T3)_Delhi_IMD,2019
22.0,134.0,148.0,,241.0,174.0,,96.0,,78.0,,,,IGI_Airport_(T3)_Delhi_IMD,2019
23.0,,90.0,126.0,264.0,182.0,,113.0,,,,,,IGI_Airport_(T3)_Delhi_IMD,2019
24.0,296.0,,108.0,202.0,109.0,,134.0,,92.0,336.0,,366.0,IGI_Airport_(T3)_Delhi_IMD,2019
25.0,139.0,159.0,122.0,,93.0,92.0,58.0,,109.0,,,332.0,IGI_Airport_(T3)_Delhi_IMD,2019
26.0,235.0,103.0,138.0,210.0,102.0,125.0,,,87.0,,,336.0,IGI_Airport_(T3)_Delhi_IMD,2019
27.0,237.0,87.0,118.0,216.0,124.0,156.0,,,69.0,,,337.0,IGI_Airport_(T3)_Delhi_IMD,2019
28.0,,150.0,178.0,232.0,133.0,155.0,,,76.0,412.0,,397.0,IGI_Airport_(T3)_Delhi_IMD,2019
29.0,239.0,,228.0,,,181.0,57.0,,65.0,,79.0,416.0,IGI_Airport_(T3)_Delhi_IMD,2019
30.0,246.0,,208.0,,210.0,232.0,86.0,,55.0,,124.0,416.0,IGI_Airport_(T3)_Delhi_IMD,2019
31.0,271.0,,151.0,,,,73.0,,,,,355.0,IGI_Airport_(T3)_Delhi_IMD,2019
1.0,393.0,305.0,200.0,108.0,281.0,241.0,139.0,75.0,,76.0,486.0,261.0,ITO_Delhi_CPCB,2019
2.0,426.0,350.0,218.0,184.0,212.0,169.0,166.0,70.0,,,442.0,283.0,ITO_Delhi_CPCB,2019
3.0,454.0,304.0,112.0,157.0,138.0,209.0,,74.0,109.0,,499.0,283.0,ITO_Delhi_CPCB,2019
4.0,377.0,293.0,271.0,259.0,145.0,126.0,80.0,99.0,,,410.0,302.0,ITO_Delhi_CPCB,2019
5.0,386.0,381.0,139.0,263.0,195.0,161.0,123.0,,74.0,72.0,345.0,401.0,ITO_Delhi_CPCB,2019
6.0,348.0,364.0,184.0,233.0,216.0,170.0,71.0,90.0,65.0,106.0,183.0,405.0,ITO_Delhi_CPCB,2019
7.0,357.0,194.0,226.0,286.0,242.0,127.0,70.0,84.0,62.0,109.0,326.0,365.0,ITO_Delhi_CPCB,2019
8.0,326.0,145.0,180.0,249.0,271.0,252.0,101.0,62.0,67.0,85.0,332.0,365.0,ITO_Delhi_CPCB,2019
9.0,284.0,129.0,171.0,178.0,282.0,238.0,90.0,54.0,99.0,162.0,292.0,279.0,ITO_Delhi_CPCB,2019
10.0,315.0,264.0,148.0,228.0,221.0,184.0,113.0,42.0,126.0,190.0,337.0,331.0,ITO_Delhi_CPCB,2019
11.0,411.0,322.0,82.0,144.0,226.0,295.0,215.0,54.0,161.0,,370.0,391.0,ITO_Delhi_CPCB,2019
12.0,417.0,348.0,112.0,164.0,307.0,167.0,192.0,46.0,151.0,239.0,433.0,419.0,ITO_Delhi_CPCB,2019
13.0,,380.0,132.0,134.0,335.0,151.0,233.0,49.0,70.0,284.0,467.0,224.0,ITO_Delhi_CPCB,2019
14.0,,347.0,272.0,116.0,125.0,130.0,180.0,53.0,52.0,252.0,478.0,161.0,ITO_Delhi_CPCB,2019
15.0,222.0,286.0,167.0,129.0,199.0,169.0,110.0,76.0,63.0,279.0,460.0,220.0,ITO_Delhi_CPCB,2019
16.0,375.0,304.0,120.0,155.0,183.0,129.0,103.0,37.0,84.0,305.0,353.0,177.0,ITO_Delhi_CPCB,2019
17.0,440.0,223.0,188.0,71.0,248.0,102.0,70.0,36.0,128.0,282.0,201.0,153.0,ITO_Delhi_CPCB,2019
18.0,406.0,235.0,202.0,64.0,94.0,103.0,74.0,24.0,86.0,233.0,231.0,284.0,ITO_Delhi_CPCB,2019
19.0,400.0,238.0,219.0,131.0,163.0,262.0,107.0,79.0,50.0,133.0,248.0,364.0,ITO_Delhi_CPCB,2019
20.0,414.0,287.0,222.0,182.0,189.0,195.0,109.0,105.0,59.0,258.0,282.0,429.0,ITO_Delhi_CPCB,2019
21.0,369.0,121.0,276.0,180.0,177.0,149.0,109.0,87.0,85.0,241.0,389.0,424.0,ITO_Delhi_CPCB,2019
22.0,99.0,209.0,87.0,245.0,124.0,198.0,,94.0,64.0,181.0,351.0,347.0,ITO_Delhi_CPCB,2019
23.0,237.0,82.0,96.0,236.0,200.0,104.0,173.0,110.0,55.0,,318.0,351.0,ITO_Delhi_CPCB,2019
24.0,324.0,175.0,108.0,217.0,103.0,106.0,171.0,,84.0,307.0,231.0,382.0,ITO_Delhi_CPCB,2019
25.0,138.0,244.0,138.0,239.0,98.0,158.0,55.0,78.0,78.0,301.0,263.0,348.0,ITO_Delhi_CPCB,2019
26.0,220.0,163.0,148.0,193.0,104.0,142.0,63.0,46.0,53.0,279.0,271.0,339.0,ITO_Delhi_CPCB,2019
27.0,254.0,91.0,131.0,,138.0,148.0,,77.0,40.0,342.0,133.0,366.0,ITO_Delhi_CPCB,2019
28.0,247.0,186.0,212.0,,132.0,138.0,,85.0,45.0,373.0,111.0,405.0,ITO_Delhi_CPCB,2019
29.0,261.0,,208.0,,134.0,161.0,,75.0,38.0,401.0,80.0,431.0,ITO_Delhi_CPCB,2019
30.0,331.0,,280.0,242.0,174.0,180.0,62.0,87.0,50.0,411.0,210.0,448.0,ITO_Delhi_CPCB,2019
31.0,368.0,,190.0,,214.0,,61.0,,,410.0,,360.0,ITO_Delhi_CPCB,2019
1.0,452.0,323.0,293.0,188.0,297.0,284.0,,96.0,129.0,97.0,481.0,297.0,Jahangirpuri_Delhi_DPCC,2019
2.0,444.0,347.0,267.0,267.0,260.0,236.0,,89.0,81.0,,435.0,336.0,Jahangirpuri_Delhi_DPCC,2019
3.0,473.0,320.0,120.0,247.0,220.0,271.0,125.0,83.0,123.0,116.0,,340.0,Jahangirpuri_Delhi_DPCC,2019
4.0,421.0,357.0,229.0,267.0,190.0,228.0,94.0,81.0,180.0,113.0,417.0,361.0,Jahangirpuri_Delhi_DPCC,2019
5.0,422.0,418.0,191.0,296.0,,174.0,99.0,120.0,98.0,115.0,332.0,441.0,Jahangirpuri_Delhi_DPCC,2019
6.0,359.0,356.0,228.0,298.0,,206.0,88.0,94.0,103.0,141.0,260.0,433.0,Jahangirpuri_Delhi_DPCC,2019
7.0,380.0,160.0,285.0,346.0,338.0,241.0,81.0,64.0,97.0,147.0,297.0,394.0,Jahangirpuri_Delhi_DPCC,2019
8.0,363.0,153.0,226.0,295.0,405.0,272.0,121.0,99.0,81.0,130.0,303.0,426.0,Jahangirpuri_Delhi_DPCC,2019
9.0,349.0,220.0,204.0,248.0,372.0,255.0,127.0,43.0,104.0,258.0,283.0,375.0,Jahangirpuri_Delhi_DPCC,2019
10.0,346.0,319.0,217.0,256.0,314.0,232.0,109.0,51.0,128.0,244.0,337.0,404.0,Jahangirpuri_Delhi_DPCC,2019
11.0,398.0,356.0,215.0,192.0,271.0,,337.0,77.0,157.0,261.0,361.0,453.0,Jahangirpuri_Delhi_DPCC,2019
12.0,411.0,374.0,141.0,215.0,369.0,228.0,264.0,71.0,146.0,263.0,426.0,453.0,Jahangirpuri_Delhi_DPCC,2019
13.0,413.0,374.0,238.0,176.0,337.0,172.0,283.0,81.0,96.0,300.0,486.0,239.0,Jahangirpuri_Delhi_DPCC,2019
14.0,,355.0,273.0,157.0,165.0,201.0,218.0,59.0,81.0,275.0,474.0,224.0,Jahangirpuri_Delhi_DPCC,2019
15.0,261.0,274.0,169.0,185.0,196.0,263.0,127.0,79.0,65.0,288.0,453.0,278.0,Jahangirpuri_Delhi_DPCC,2019
16.0,398.0,308.0,190.0,194.0,206.0,191.0,73.0,49.0,118.0,323.0,361.0,299.0,Jahangirpuri_Delhi_DPCC,2019
17.0,439.0,284.0,247.0,93.0,313.0,126.0,64.0,52.0,137.0,309.0,251.0,274.0,Jahangirpuri_Delhi_DPCC,2019
18.0,412.0,265.0,267.0,170.0,113.0,91.0,77.0,59.0,110.0,269.0,287.0,356.0,Jahangirpuri_Delhi_DPCC,2019
19.0,426.0,246.0,282.0,201.0,245.0,186.0,224.0,93.0,72.0,239.0,,403.0,Jahangirpuri_Delhi_DPCC,2019
20.0,440.0,266.0,260.0,207.0,227.0,116.0,114.0,108.0,156.0,290.0,,474.0,Jahangirpuri_Delhi_DPCC,2019
21.0,,170.0,268.0,244.0,214.0,168.0,108.0,126.0,108.0,300.0,369.0,452.0,Jahangirpuri_Delhi_DPCC,2019
22.0,112.0,219.0,125.0,238.0,190.0,223.0,109.0,132.0,,260.0,362.0,390.0,Jahangirpuri_Delhi_DPCC,2019
23.0,233.0,178.0,168.0,284.0,302.0,213.0,136.0,147.0,85.0,,310.0,387.0,Jahangirpuri_Delhi_DPCC,2019
24.0,311.0,252.0,176.0,271.0,137.0,95.0,171.0,145.0,91.0,359.0,270.0,404.0,Jahangirpuri_Delhi_DPCC,2019
25.0,199.0,244.0,185.0,281.0,138.0,101.0,76.0,86.0,83.0,306.0,292.0,407.0,Jahangirpuri_Delhi_DPCC,2019
26.0,288.0,,221.0,223.0,166.0,130.0,80.0,60.0,79.0,310.0,295.0,398.0,Jahangirpuri_Delhi_DPCC,2019
27.0,306.0,109.0,237.0,302.0,193.0,199.0,69.0,,54.0,382.0,164.0,403.0,Jahangirpuri_Delhi_DPCC,2019
28.0,309.0,,295.0,320.0,187.0,195.0,57.0,114.0,63.0,384.0,135.0,443.0,Jahangirpuri_Delhi_DPCC,2019
29.0,320.0,,274.0,282.0,222.0,247.0,67.0,96.0,59.0,415.0,136.0,443.0,Jahangirpuri_Delhi_DPCC,2019
30.0,367.0,,254.0,,270.0,241.0,90.0,166.0,69.0,446.0,241.0,459.0,Jahangirpuri_Delhi_DPCC,2019
31.0,377.0,,216.0,,308.0,,79.0,126.0,,443.0,,419.0,Jahangirpuri_Delhi_DPCC,2019
1.0,404.0,315.0,237.0,152.0,317.0,241.0,,88.0,76.0,82.0,497.0,281.0,Jawaharlal_Nehru_Stadium_Delhi_DPCC,2019
2.0,429.0,363.0,206.0,158.0,270.0,209.0,,92.0,200.0,,401.0,295.0,Jawaharlal_Nehru_Stadium_Delhi_DPCC,2019
3.0,456.0,307.0,126.0,223.0,180.0,281.0,127.0,91.0,108.0,,,289.0,Jawaharlal_Nehru_Stadium_Delhi_DPCC,2019
4.0,406.0,281.0,235.0,218.0,161.0,160.0,91.0,88.0,140.0,94.0,400.0,299.0,Jawaharlal_Nehru_Stadium_Delhi_DPCC,2019
5.0,413.0,375.0,135.0,204.0,,240.0,99.0,95.0,80.0,89.0,330.0,397.0,Jawaharlal_Nehru_Stadium_Delhi_DPCC,2019
6.0,358.0,357.0,,274.0,,189.0,92.0,93.0,70.0,117.0,188.0,423.0,Jawaharlal_Nehru_Stadium_Delhi_DPCC,2019
7.0,362.0,183.0,,293.0,291.0,160.0,91.0,87.0,65.0,129.0,323.0,408.0,Jawaharlal_Nehru_Stadium_Delhi_DPCC,2019
8.0,359.0,123.0,173.0,258.0,367.0,145.0,157.0,88.0,129.0,,358.0,417.0,Jawaharlal_Nehru_Stadium_Delhi_DPCC,2019
9.0,,125.0,147.0,,365.0,215.0,115.0,83.0,92.0,,286.0,369.0,Jawaharlal_Nehru_Stadium_Delhi_DPCC,2019
10.0,309.0,275.0,140.0,,302.0,181.0,153.0,84.0,189.0,,323.0,386.0,Jawaharlal_Nehru_Stadium_Delhi_DPCC,2019
11.0,378.0,323.0,178.0,197.0,275.0,,343.0,84.0,127.0,,352.0,416.0,Jawaharlal_Nehru_Stadium_Delhi_DPCC,2019
12.0,449.0,371.0,119.0,213.0,302.0,250.0,303.0,85.0,125.0,225.0,,440.0,Jawaharlal_Nehru_Stadium_Delhi_DPCC,2019
13.0,,376.0,157.0,150.0,305.0,175.0,314.0,86.0,73.0,269.0,469.0,,Jawaharlal_Nehru_Stadium_Delhi_DPCC,2019
14.0,272.0,344.0,258.0,130.0,126.0,160.0,265.0,58.0,53.0,248.0,492.0,,Jawaharlal_Nehru_Stadium_Delhi_DPCC,2019
15.0,241.0,262.0,148.0,170.0,151.0,,200.0,69.0,54.0,262.0,488.0,244.0,Jawaharlal_Nehru_Stadium_Delhi_DPCC,2019
16.0,,307.0,117.0,168.0,172.0,197.0,98.0,37.0,97.0,305.0,401.0,,Jawaharlal_Nehru_Stadium_Delhi_DPCC,2019
17.0,456.0,238.0,178.0,80.0,265.0,120.0,88.0,36.0,170.0,283.0,273.0,,Jawaharlal_Nehru_Stadium_Delhi_DPCC,2019
18.0,418.0,252.0,149.0,177.0,99.0,85.0,91.0,31.0,95.0,252.0,227.0,301.0,Jawaharlal_Nehru_Stadium_Delhi_DPCC,2019
19.0,354.0,222.0,186.0,131.0,195.0,156.0,208.0,69.0,55.0,187.0,262.0,373.0,Jawaharlal_Nehru_Stadium_Delhi_DPCC,2019
20.0,408.0,272.0,194.0,213.0,176.0,116.0,121.0,81.0,76.0,239.0,292.0,450.0,Jawaharlal_Nehru_Stadium_Delhi_DPCC,2019
21.0,326.0,,,181.0,219.0,223.0,82.0,103.0,81.0,239.0,362.0,445.0,Jawaharlal_Nehru_Stadium_Delhi_DPCC,2019
22.0,95.0,188.0,,205.0,155.0,254.0,88.0,110.0,,198.0,363.0,324.0,Jawaharlal_Nehru_Stadium_Delhi_DPCC,2019
23.0,228.0,94.0,124.0,216.0,202.0,119.0,104.0,108.0,62.0,218.0,346.0,337.0,Jawaharlal_Nehru_Stadium_Delhi_DPCC,2019
24.0,324.0,195.0,123.0,232.0,123.0,94.0,163.0,117.0,82.0,285.0,261.0,401.0,Jawaharlal_Nehru_Stadium_Delhi_DPCC,2019
25.0,127.0,228.0,129.0,256.0,107.0,103.0,85.0,77.0,78.0,277.0,267.0,371.0,Jawaharlal_Nehru_Stadium_Delhi_DPCC,2019
26.0,250.0,,132.0,186.0,170.0,170.0,89.0,56.0,52.0,279.0,286.0,358.0,Jawaharlal_Nehru_Stadium_Delhi_DPCC,2019
27.0,270.0,91.0,139.0,270.0,151.0,175.0,91.0,,43.0,342.0,144.0,371.0,Jawaharlal_Nehru_Stadium_Delhi_DPCC,2019
28.0,265.0,,192.0,279.0,179.0,181.0,86.0,88.0,44.0,360.0,89.0,434.0,Jawaharlal_Nehru_Stadium_Delhi_DPCC,2019
29.0,274.0,,189.0,227.0,167.0,239.0,87.0,71.0,40.0,410.0,90.0,456.0,Jawaharlal_Nehru_Stadium_Delhi_DPCC,2019
30.0,334.0,,277.0,226.0,197.0,240.0,89.0,70.0,57.0,418.0,213.0,476.0,Jawaharlal_Nehru_Stadium_Delhi_DPCC,2019
31.0,374.0,,172.0,,280.0,,89.0,81.0,,417.0,,391.0,Jawaharlal_Nehru_Stadium_Delhi_DPCC,2019
1.0,342.0,267.0,,115.0,,179.0,145.0,77.0,71.0,65.0,487.0,,Lodhi_Road_Delhi_IMD,2019
2.0,,288.0,,126.0,,176.0,189.0,78.0,157.0,59.0,392.0,221.0,Lodhi_Road_Delhi_IMD,2019
3.0,413.0,215.0,77.0,128.0,139.0,252.0,113.0,84.0,,86.0,499.0,,Lodhi_Road_Delhi_IMD,2019
4.0,323.0,178.0,204.0,,120.0,138.0,78.0,85.0,,80.0,376.0,,Lodhi_Road_Delhi_IMD,2019
5.0,355.0,293.0,,180.0,167.0,150.0,,89.0,71.0,70.0,315.0,,Lodhi_Road_Delhi_IMD,2019
6.0,296.0,,,,167.0,157.0,49.0,73.0,63.0,93.0,155.0,,Lodhi_Road_Delhi_IMD,2019
7.0,302.0,149.0,138.0,228.0,207.0,134.0,56.0,,62.0,102.0,302.0,,Lodhi_Road_Delhi_IMD,2019
8.0,,93.0,121.0,245.0,279.0,129.0,,83.0,58.0,85.0,326.0,,Lodhi_Road_Delhi_IMD,2019
9.0,232.0,107.0,,142.0,285.0,165.0,108.0,,,115.0,252.0,,Lodhi_Road_Delhi_IMD,2019
10.0,233.0,,,156.0,212.0,144.0,143.0,83.0,106.0,158.0,294.0,,Lodhi_Road_Delhi_IMD,2019
11.0,307.0,283.0,,130.0,212.0,271.0,291.0,92.0,180.0,230.0,328.0,,Lodhi_Road_Delhi_IMD,2019
12.0,387.0,290.0,103.0,,297.0,,274.0,97.0,136.0,213.0,401.0,390.0,Lodhi_Road_Delhi_IMD,2019
13.0,,,131.0,,276.0,163.0,260.0,,64.0,274.0,446.0,,Lodhi_Road_Delhi_IMD,2019
14.0,167.0,298.0,201.0,,116.0,134.0,220.0,,55.0,241.0,442.0,88.0,Lodhi_Road_Delhi_IMD,2019
15.0,165.0,,103.0,132.0,143.0,174.0,165.0,108.0,53.0,264.0,,140.0,Lodhi_Road_Delhi_IMD,2019
16.0,308.0,174.0,91.0,141.0,170.0,150.0,87.0,104.0,,,,124.0,Lodhi_Road_Delhi_IMD,2019
17.0,406.0,111.0,152.0,,238.0,104.0,89.0,107.0,,273.0,,119.0,Lodhi_Road_Delhi_IMD,2019
18.0,,,132.0,,77.0,69.0,93.0,107.0,,246.0,,,Lodhi_Road_Delhi_IMD,2019
19.0,,,147.0,,,170.0,,111.0,,168.0,,312.0,Lodhi_Road_Delhi_IMD,2019
20.0,326.0,,146.0,,,96.0,104.0,113.0,,223.0,258.0,393.0,Lodhi_Road_Delhi_IMD,2019
21.0,296.0,,,,,158.0,,90.0,,216.0,319.0,394.0,Lodhi_Road_Delhi_IMD,2019
22.0,74.0,125.0,,,,137.0,100.0,98.0,,164.0,325.0,293.0,Lodhi_Road_Delhi_IMD,2019
23.0,,67.0,94.0,,156.0,102.0,98.0,99.0,,187.0,302.0,,Lodhi_Road_Delhi_IMD,2019
24.0,260.0,,97.0,,99.0,78.0,,119.0,68.0,269.0,201.0,,Lodhi_Road_Delhi_IMD,2019
25.0,91.0,140.0,109.0,,94.0,72.0,,70.0,,274.0,220.0,318.0,Lodhi_Road_Delhi_IMD,2019
26.0,109.0,,,167.0,115.0,126.0,103.0,37.0,,308.0,,328.0,Lodhi_Road_Delhi_IMD,2019
27.0,,,,,112.0,140.0,96.0,168.0,37.0,346.0,98.0,,Lodhi_Road_Delhi_IMD,2019
28.0,,135.0,,,110.0,143.0,74.0,74.0,,358.0,92.0,,Lodhi_Road_Delhi_IMD,2019
29.0,208.0,,,,,174.0,73.0,110.0,,389.0,64.0,,Lodhi_Road_Delhi_IMD,2019
30.0,252.0,,,,,,79.0,76.0,47.0,425.0,114.0,,Lodhi_Road_Delhi_IMD,2019
31.0,263.0,,140.0,,268.0,,76.0,76.0,,388.0,,,Lodhi_Road_Delhi_IMD,2019
1.0,385.0,318.0,,,282.0,290.0,,106.0,118.0,122.0,486.0,233.0,Narela_Delhi_DPCC,2019
2.0,442.0,316.0,,231.0,280.0,215.0,,102.0,97.0,,409.0,300.0,Narela_Delhi_DPCC,2019
3.0,443.0,227.0,,202.0,156.0,292.0,160.0,91.0,141.0,128.0,495.0,319.0,Narela_Delhi_DPCC,2019
4.0,368.0,260.0,,311.0,195.0,179.0,109.0,70.0,118.0,116.0,439.0,327.0,Narela_Delhi_DPCC,2019
5.0,424.0,345.0,,324.0,,213.0,109.0,122.0,106.0,90.0,309.0,,Narela_Delhi_DPCC,2019
6.0,310.0,388.0,132.0,299.0,,223.0,103.0,83.0,96.0,123.0,235.0,407.0,Narela_Delhi_DPCC,2019
7.0,318.0,180.0,171.0,369.0,377.0,176.0,90.0,88.0,105.0,137.0,294.0,358.0,Narela_Delhi_DPCC,2019
8.0,316.0,124.0,184.0,337.0,407.0,221.0,135.0,74.0,94.0,115.0,,361.0,Narela_Delhi_DPCC,2019
9.0,279.0,140.0,173.0,249.0,372.0,268.0,130.0,78.0,144.0,166.0,257.0,339.0,Narela_Delhi_DPCC,2019
10.0,304.0,254.0,138.0,,,,163.0,56.0,147.0,288.0,314.0,367.0,Narela_Delhi_DPCC,2019
11.0,368.0,255.0,195.0,201.0,235.0,,402.0,80.0,177.0,,347.0,433.0,Narela_Delhi_DPCC,2019
12.0,426.0,286.0,140.0,222.0,362.0,244.0,237.0,83.0,204.0,189.0,415.0,462.0,Narela_Delhi_DPCC,2019
13.0,413.0,354.0,173.0,184.0,322.0,194.0,346.0,85.0,97.0,285.0,444.0,242.0,Narela_Delhi_DPCC,2019
14.0,236.0,377.0,241.0,162.0,158.0,191.0,165.0,80.0,86.0,264.0,417.0,135.0,Narela_Delhi_DPCC,2019
15.0,261.0,267.0,141.0,173.0,208.0,236.0,155.0,94.0,91.0,285.0,397.0,175.0,Narela_Delhi_DPCC,2019
16.0,369.0,256.0,138.0,182.0,180.0,187.0,100.0,75.0,110.0,335.0,350.0,132.0,Narela_Delhi_DPCC,2019
17.0,444.0,178.0,171.0,91.0,302.0,123.0,77.0,92.0,146.0,319.0,215.0,139.0,Narela_Delhi_DPCC,2019
18.0,379.0,233.0,193.0,155.0,101.0,107.0,157.0,89.0,129.0,293.0,,264.0,Narela_Delhi_DPCC,2019
19.0,372.0,258.0,204.0,,182.0,249.0,270.0,70.0,72.0,181.0,271.0,364.0,Narela_Delhi_DPCC,2019
20.0,406.0,271.0,,195.0,228.0,,149.0,87.0,106.0,228.0,326.0,435.0,Narela_Delhi_DPCC,2019
21.0,371.0,141.0,203.0,203.0,194.0,223.0,120.0,109.0,175.0,247.0,375.0,392.0,Narela_Delhi_DPCC,2019
22.0,96.0,161.0,97.0,251.0,171.0,261.0,118.0,124.0,,208.0,400.0,281.0,Narela_Delhi_DPCC,2019
23.0,172.0,107.0,119.0,278.0,255.0,191.0,115.0,142.0,71.0,247.0,,305.0,Narela_Delhi_DPCC,2019
24.0,262.0,180.0,110.0,301.0,161.0,98.0,156.0,152.0,84.0,306.0,,354.0,Narela_Delhi_DPCC,2019
25.0,151.0,226.0,131.0,296.0,115.0,103.0,61.0,100.0,95.0,,270.0,279.0,Narela_Delhi_DPCC,2019
26.0,213.0,,174.0,240.0,176.0,150.0,88.0,73.0,91.0,,,326.0,Narela_Delhi_DPCC,2019
27.0,266.0,113.0,193.0,283.0,,207.0,101.0,,72.0,338.0,,381.0,Narela_Delhi_DPCC,2019
28.0,262.0,,226.0,301.0,167.0,186.0,93.0,116.0,83.0,347.0,95.0,376.0,Narela_Delhi_DPCC,2019
29.0,289.0,,192.0,298.0,194.0,252.0,67.0,108.0,66.0,393.0,95.0,405.0,Narela_Delhi_DPCC,2019
30.0,329.0,,217.0,338.0,239.0,243.0,73.0,107.0,63.0,451.0,178.0,394.0,Narela_Delhi_DPCC,2019
31.0,352.0,,176.0,,,,78.0,121.0,,,,393.0,Narela_Delhi_DPCC,2019
1.0,427.0,368.0,,172.0,362.0,,225.0,68.0,113.0,80.0,483.0,185.0,North_Campus_DU_Delhi_IMD,2019
2.0,,366.0,247.0,213.0,,,280.0,58.0,101.0,70.0,415.0,244.0,North_Campus_DU_Delhi_IMD,2019
3.0,474.0,302.0,145.0,,204.0,,113.0,,,120.0,,,North_Campus_DU_Delhi_IMD,2019
4.0,391.0,355.0,259.0,306.0,194.0,,,93.0,156.0,,412.0,283.0,North_Campus_DU_Delhi_IMD,2019
5.0,,434.0,137.0,349.0,279.0,,,143.0,,,330.0,376.0,North_Campus_DU_Delhi_IMD,2019
6.0,,,,349.0,341.0,,61.0,61.0,84.0,,223.0,374.0,North_Campus_DU_Delhi_IMD,2019
7.0,,214.0,223.0,375.0,340.0,,68.0,51.0,72.0,,289.0,355.0,North_Campus_DU_Delhi_IMD,2019
8.0,,143.0,229.0,315.0,442.0,,,,66.0,101.0,306.0,,North_Campus_DU_Delhi_IMD,2019
9.0,250.0,200.0,,,,,,,91.0,138.0,252.0,296.0,North_Campus_DU_Delhi_IMD,2019
10.0,269.0,,,,,,139.0,44.0,108.0,162.0,,345.0,North_Campus_DU_Delhi_IMD,2019
11.0,389.0,370.0,234.0,,,,345.0,53.0,133.0,212.0,,389.0,North_Campus_DU_Delhi_IMD,2019
12.0,420.0,379.0,139.0,,,,273.0,37.0,139.0,216.0,420.0,456.0,North_Campus_DU_Delhi_IMD,2019
13.0,,,199.0,,,,300.0,,79.0,266.0,,206.0,North_Campus_DU_Delhi_IMD,2019
14.0,223.0,385.0,280.0,,,,226.0,,65.0,,453.0,156.0,North_Campus_DU_Delhi_IMD,2019
15.0,255.0,341.0,171.0,,,,143.0,55.0,,246.0,452.0,160.0,North_Campus_DU_Delhi_IMD,2019
16.0,411.0,300.0,,,,,76.0,39.0,102.0,,342.0,155.0,North_Campus_DU_Delhi_IMD,2019
17.0,,254.0,,,,,60.0,,122.0,,178.0,125.0,North_Campus_DU_Delhi_IMD,2019
18.0,,,,,,,64.0,23.0,101.0,,197.0,,North_Campus_DU_Delhi_IMD,2019
19.0,449.0,,,158.0,,,106.0,63.0,57.0,117.0,228.0,360.0,North_Campus_DU_Delhi_IMD,2019
20.0,420.0,,,206.0,,,,88.0,81.0,236.0,293.0,429.0,North_Campus_DU_Delhi_IMD,2019
21.0,381.0,,,,,,115.0,90.0,88.0,234.0,,428.0,North_Campus_DU_Delhi_IMD,2019
22.0,108.0,217.0,,259.0,,,,100.0,,175.0,338.0,289.0,North_Campus_DU_Delhi_IMD,2019
23.0,,135.0,,240.0,,,,118.0,,225.0,288.0,296.0,North_Campus_DU_Delhi_IMD,2019
24.0,355.0,,,252.0,,,129.0,103.0,,314.0,194.0,364.0,North_Campus_DU_Delhi_IMD,2019
25.0,163.0,262.0,,,,122.0,,83.0,75.0,291.0,203.0,314.0,North_Campus_DU_Delhi_IMD,2019
26.0,272.0,146.0,,253.0,,198.0,63.0,53.0,,272.0,252.0,330.0,North_Campus_DU_Delhi_IMD,2019
27.0,294.0,110.0,207.0,316.0,,216.0,49.0,110.0,,348.0,,345.0,North_Campus_DU_Delhi_IMD,2019
28.0,297.0,186.0,267.0,335.0,,209.0,98.0,106.0,52.0,366.0,,381.0,North_Campus_DU_Delhi_IMD,2019
29.0,314.0,,,,,252.0,114.0,76.0,46.0,415.0,,401.0,North_Campus_DU_Delhi_IMD,2019
30.0,316.0,,239.0,,,,,126.0,48.0,447.0,151.0,,North_Campus_DU_Delhi_IMD,2019
31.0,389.0,,229.0,,,,80.0,91.0,,430.0,,,North_Campus_DU_Delhi_IMD,2019
1.0,380.0,263.0,156.0,180.0,263.0,256.0,181.0,80.0,131.0,70.0,442.0,310.0,NSIT_Dwarka_Delhi_CPCB,2019
2.0,378.0,314.0,191.0,195.0,249.0,238.0,224.0,89.0,89.0,159.0,352.0,343.0,NSIT_Dwarka_Delhi_CPCB,2019
3.0,429.0,302.0,92.0,175.0,,242.0,136.0,99.0,174.0,107.0,495.0,346.0,NSIT_Dwarka_Delhi_CPCB,2019
4.0,377.0,239.0,203.0,251.0,198.0,303.0,75.0,98.0,217.0,104.0,381.0,275.0,NSIT_Dwarka_Delhi_CPCB,2019
5.0,400.0,347.0,141.0,280.0,276.0,277.0,93.0,86.0,107.0,102.0,303.0,324.0,NSIT_Dwarka_Delhi_CPCB,2019
6.0,292.0,279.0,158.0,276.0,288.0,209.0,85.0,89.0,88.0,146.0,218.0,368.0,NSIT_Dwarka_Delhi_CPCB,2019
7.0,281.0,168.0,179.0,308.0,,244.0,105.0,83.0,77.0,156.0,256.0,366.0,NSIT_Dwarka_Delhi_CPCB,2019
8.0,331.0,112.0,188.0,299.0,,220.0,130.0,87.0,100.0,133.0,328.0,377.0,NSIT_Dwarka_Delhi_CPCB,2019
9.0,295.0,157.0,171.0,180.0,,275.0,122.0,91.0,114.0,209.0,300.0,341.0,NSIT_Dwarka_Delhi_CPCB,2019
10.0,307.0,292.0,154.0,273.0,298.0,241.0,167.0,76.0,155.0,236.0,299.0,346.0,NSIT_Dwarka_Delhi_CPCB,2019
11.0,392.0,327.0,191.0,218.0,298.0,321.0,301.0,58.0,172.0,254.0,340.0,396.0,NSIT_Dwarka_Delhi_CPCB,2019
12.0,423.0,321.0,197.0,253.0,381.0,234.0,281.0,79.0,159.0,206.0,398.0,399.0,NSIT_Dwarka_Delhi_CPCB,2019
13.0,364.0,314.0,221.0,200.0,352.0,187.0,207.0,76.0,91.0,275.0,424.0,250.0,NSIT_Dwarka_Delhi_CPCB,2019
14.0,277.0,285.0,289.0,156.0,160.0,125.0,256.0,70.0,67.0,281.0,439.0,200.0,NSIT_Dwarka_Delhi_CPCB,2019
15.0,238.0,196.0,196.0,213.0,222.0,226.0,221.0,77.0,72.0,271.0,469.0,247.0,NSIT_Dwarka_Delhi_CPCB,2019
16.0,340.0,257.0,160.0,243.0,222.0,206.0,120.0,62.0,94.0,297.0,366.0,230.0,NSIT_Dwarka_Delhi_CPCB,2019
17.0,397.0,,230.0,84.0,296.0,180.0,80.0,52.0,121.0,287.0,245.0,209.0,NSIT_Dwarka_Delhi_CPCB,2019
18.0,369.0,295.0,228.0,71.0,106.0,142.0,66.0,47.0,85.0,234.0,200.0,275.0,NSIT_Dwarka_Delhi_CPCB,2019
19.0,360.0,216.0,224.0,175.0,194.0,195.0,138.0,65.0,79.0,170.0,222.0,349.0,NSIT_Dwarka_Delhi_CPCB,2019
20.0,402.0,253.0,201.0,213.0,249.0,172.0,144.0,97.0,79.0,251.0,297.0,399.0,NSIT_Dwarka_Delhi_CPCB,2019
21.0,320.0,104.0,294.0,196.0,219.0,139.0,136.0,115.0,72.0,260.0,365.0,388.0,NSIT_Dwarka_Delhi_CPCB,2019
22.0,111.0,176.0,151.0,264.0,165.0,138.0,94.0,104.0,75.0,231.0,362.0,299.0,NSIT_Dwarka_Delhi_CPCB,2019
23.0,173.0,99.0,161.0,256.0,230.0,107.0,127.0,95.0,67.0,231.0,304.0,313.0,NSIT_Dwarka_Delhi_CPCB,2019
24.0,309.0,150.0,131.0,220.0,126.0,92.0,131.0,142.0,88.0,326.0,326.0,383.0,NSIT_Dwarka_Delhi_CPCB,2019
25.0,152.0,187.0,167.0,252.0,152.0,203.0,75.0,69.0,76.0,272.0,324.0,311.0,NSIT_Dwarka_Delhi_CPCB,2019
26.0,257.0,104.0,209.0,267.0,140.0,232.0,66.0,65.0,65.0,276.0,307.0,360.0,NSIT_Dwarka_Delhi_CPCB,2019
27.0,267.0,92.0,184.0,280.0,167.0,133.0,80.0,75.0,64.0,321.0,199.0,366.0,NSIT_Dwarka_Delhi_CPCB,2019
28.0,259.0,167.0,243.0,297.0,177.0,180.0,62.0,85.0,66.0,362.0,144.0,404.0,NSIT_Dwarka_Delhi_CPCB,2019
29.0,293.0,,240.0,289.0,203.0,237.0,63.0,68.0,58.0,362.0,113.0,416.0,NSIT_Dwarka_Delhi_CPCB,2019
30.0,313.0,,252.0,265.0,230.0,263.0,84.0,77.0,63.0,355.0,264.0,415.0,NSIT_Dwarka_Delhi_CPCB,2019
31.0,312.0,,210.0,,282.0,,99.0,119.0,,357.0,,376.0,NSIT_Dwarka_Delhi_CPCB,2019
1.0,401.0,285.0,,132.0,297.0,237.0,,79.0,89.0,83.0,495.0,254.0,Okhla_Phase-2_Delhi_DPCC,2019
2.0,437.0,342.0,,157.0,262.0,188.0,,79.0,74.0,,407.0,270.0,Okhla_Phase-2_Delhi_DPCC,2019
3.0,459.0,299.0,127.0,148.0,142.0,261.0,127.0,80.0,162.0,129.0,497.0,269.0,Okhla_Phase-2_Delhi_DPCC,2019
4.0,410.0,262.0,,232.0,136.0,152.0,102.0,70.0,136.0,112.0,427.0,290.0,Okhla_Phase-2_Delhi_DPCC,2019
5.0,433.0,368.0,,268.0,,166.0,94.0,92.0,84.0,92.0,314.0,401.0,Okhla_Phase-2_Delhi_DPCC,2019
6.0,379.0,328.0,168.0,,,194.0,84.0,77.0,78.0,121.0,189.0,419.0,Okhla_Phase-2_Delhi_DPCC,2019
7.0,364.0,144.0,196.0,246.0,246.0,171.0,77.0,77.0,81.0,128.0,331.0,389.0,Okhla_Phase-2_Delhi_DPCC,2019
8.0,354.0,130.0,203.0,216.0,313.0,203.0,132.0,59.0,68.0,109.0,347.0,415.0,Okhla_Phase-2_Delhi_DPCC,2019
9.0,302.0,132.0,168.0,162.0,298.0,231.0,145.0,60.0,,156.0,294.0,,Okhla_Phase-2_Delhi_DPCC,2019
10.0,290.0,241.0,133.0,,247.0,,158.0,42.0,131.0,191.0,306.0,376.0,Okhla_Phase-2_Delhi_DPCC,2019
11.0,393.0,270.0,166.0,149.0,254.0,,363.0,57.0,167.0,196.0,,421.0,Okhla_Phase-2_Delhi_DPCC,2019
12.0,450.0,331.0,120.0,156.0,278.0,246.0,281.0,47.0,145.0,220.0,431.0,441.0,Okhla_Phase-2_Delhi_DPCC,2019
13.0,436.0,361.0,174.0,122.0,296.0,192.0,329.0,63.0,79.0,268.0,465.0,,Okhla_Phase-2_Delhi_DPCC,2019
14.0,258.0,330.0,304.0,103.0,95.0,146.0,252.0,56.0,68.0,244.0,472.0,177.0,Okhla_Phase-2_Delhi_DPCC,2019
15.0,248.0,207.0,153.0,130.0,159.0,206.0,,75.0,63.0,284.0,,236.0,Okhla_Phase-2_Delhi_DPCC,2019
16.0,379.0,259.0,120.0,146.0,135.0,192.0,97.0,38.0,111.0,302.0,366.0,250.0,Okhla_Phase-2_Delhi_DPCC,2019
17.0,457.0,212.0,174.0,56.0,165.0,125.0,70.0,35.0,,282.0,221.0,216.0,Okhla_Phase-2_Delhi_DPCC,2019
18.0,414.0,241.0,180.0,51.0,60.0,87.0,80.0,42.0,105.0,250.0,200.0,320.0,Okhla_Phase-2_Delhi_DPCC,2019
19.0,338.0,184.0,197.0,128.0,149.0,227.0,154.0,77.0,65.0,143.0,250.0,391.0,Okhla_Phase-2_Delhi_DPCC,2019
20.0,425.0,252.0,206.0,150.0,156.0,150.0,,104.0,85.0,246.0,297.0,470.0,Okhla_Phase-2_Delhi_DPCC,2019
21.0,365.0,142.0,237.0,,172.0,169.0,101.0,109.0,102.0,249.0,390.0,451.0,Okhla_Phase-2_Delhi_DPCC,2019
22.0,,183.0,89.0,194.0,127.0,186.0,94.0,119.0,,196.0,371.0,348.0,Okhla_Phase-2_Delhi_DPCC,2019
23.0,214.0,93.0,121.0,257.0,229.0,114.0,124.0,133.0,54.0,232.0,323.0,341.0,Okhla_Phase-2_Delhi_DPCC,2019
24.0,314.0,177.0,117.0,179.0,113.0,98.0,168.0,152.0,95.0,329.0,245.0,412.0,Okhla_Phase-2_Delhi_DPCC,2019
25.0,,228.0,122.0,170.0,110.0,191.0,86.0,79.0,87.0,,258.0,393.0,Okhla_Phase-2_Delhi_DPCC,2019
26.0,221.0,,127.0,197.0,116.0,140.0,63.0,46.0,63.0,294.0,287.0,369.0,Okhla_Phase-2_Delhi_DPCC,2019
27.0,255.0,74.0,145.0,230.0,,170.0,42.0,,54.0,345.0,136.0,393.0,Okhla_Phase-2_Delhi_DPCC,2019
28.0,254.0,,182.0,221.0,126.0,182.0,40.0,94.0,52.0,365.0,113.0,468.0,Okhla_Phase-2_Delhi_DPCC,2019
29.0,259.0,,238.0,209.0,154.0,212.0,53.0,89.0,42.0,404.0,86.0,474.0,Okhla_Phase-2_Delhi_DPCC,2019
30.0,297.0,,193.0,253.0,192.0,234.0,69.0,85.0,58.0,409.0,196.0,492.0,Okhla_Phase-2_Delhi_DPCC,2019
31.0,344.0,,164.0,,251.0,,70.0,100.0,,406.0,,388.0,Okhla_Phase-2_Delhi_DPCC,2019
1.0,402.0,288.0,200.0,116.0,312.0,257.0,,60.0,89.0,64.0,483.0,249.0,Patparganj_Delhi_DPCC,2019
2.0,441.0,355.0,186.0,144.0,262.0,215.0,,62.0,82.0,,387.0,274.0,Patparganj_Delhi_DPCC,2019
3.0,450.0,309.0,90.0,138.0,169.0,279.0,122.0,65.0,165.0,97.0,489.0,273.0,Patparganj_Delhi_DPCC,2019
4.0,392.0,311.0,219.0,217.0,149.0,160.0,89.0,72.0,142.0,76.0,396.0,276.0,Patparganj_Delhi_DPCC,2019
5.0,390.0,378.0,105.0,251.0,,158.0,91.0,67.0,114.0,74.0,320.0,398.0,Patparganj_Delhi_DPCC,2019
6.0,329.0,325.0,159.0,176.0,,168.0,57.0,56.0,114.0,96.0,168.0,386.0,Patparganj_Delhi_DPCC,2019
7.0,347.0,146.0,185.0,235.0,234.0,150.0,,67.0,73.0,111.0,297.0,372.0,Patparganj_Delhi_DPCC,2019
8.0,311.0,137.0,172.0,183.0,320.0,148.0,109.0,65.0,108.0,91.0,335.0,382.0,Patparganj_Delhi_DPCC,2019
9.0,270.0,120.0,131.0,149.0,300.0,229.0,98.0,55.0,99.0,140.0,270.0,333.0,Patparganj_Delhi_DPCC,2019
10.0,297.0,245.0,108.0,206.0,238.0,,125.0,39.0,130.0,,322.0,362.0,Patparganj_Delhi_DPCC,2019
11.0,370.0,283.0,157.0,153.0,246.0,,261.0,41.0,125.0,181.0,364.0,412.0,Patparganj_Delhi_DPCC,2019
12.0,,334.0,103.0,169.0,298.0,209.0,231.0,35.0,121.0,205.0,426.0,412.0,Patparganj_Delhi_DPCC,2019
13.0,414.0,362.0,140.0,143.0,290.0,161.0,232.0,42.0,78.0,260.0,,253.0,Patparganj_Delhi_DPCC,2019
14.0,239.0,,265.0,120.0,99.0,124.0,176.0,56.0,61.0,230.0,,126.0,Patparganj_Delhi_DPCC,2019
15.0,215.0,212.0,120.0,135.0,160.0,176.0,144.0,63.0,66.0,243.0,,120.0,Patparganj_Delhi_DPCC,2019
16.0,367.0,278.0,97.0,91.0,168.0,139.0,70.0,34.0,87.0,289.0,324.0,173.0,Patparganj_Delhi_DPCC,2019
17.0,440.0,206.0,139.0,33.0,231.0,99.0,51.0,24.0,119.0,248.0,172.0,170.0,Patparganj_Delhi_DPCC,2019
18.0,398.0,239.0,162.0,49.0,76.0,69.0,68.0,30.0,88.0,201.0,204.0,301.0,Patparganj_Delhi_DPCC,2019
19.0,377.0,164.0,,128.0,122.0,185.0,102.0,54.0,54.0,129.0,226.0,385.0,Patparganj_Delhi_DPCC,2019
20.0,427.0,245.0,169.0,154.0,154.0,93.0,97.0,69.0,65.0,218.0,261.0,452.0,Patparganj_Delhi_DPCC,2019
21.0,341.0,114.0,214.0,149.0,138.0,160.0,87.0,80.0,82.0,235.0,384.0,443.0,Patparganj_Delhi_DPCC,2019
22.0,84.0,164.0,88.0,198.0,128.0,145.0,88.0,93.0,,181.0,360.0,328.0,Patparganj_Delhi_DPCC,2019
23.0,198.0,92.0,97.0,182.0,159.0,126.0,144.0,90.0,58.0,205.0,,336.0,Patparganj_Delhi_DPCC,2019
24.0,301.0,125.0,103.0,127.0,108.0,102.0,161.0,113.0,77.0,292.0,190.0,404.0,Patparganj_Delhi_DPCC,2019
25.0,116.0,220.0,102.0,142.0,90.0,95.0,52.0,70.0,62.0,245.0,226.0,372.0,Patparganj_Delhi_DPCC,2019
26.0,201.0,,113.0,196.0,119.0,136.0,48.0,39.0,57.0,243.0,,350.0,Patparganj_Delhi_DPCC,2019
27.0,242.0,72.0,125.0,213.0,144.0,171.0,31.0,,48.0,330.0,,390.0,Patparganj_Delhi_DPCC,2019
28.0,230.0,,184.0,217.0,144.0,163.0,31.0,72.0,48.0,344.0,112.0,440.0,Patparganj_Delhi_DPCC,2019
29.0,248.0,,187.0,212.0,149.0,195.0,42.0,62.0,37.0,416.0,,454.0,Patparganj_Delhi_DPCC,2019
30.0,314.0,,199.0,218.0,177.0,232.0,50.0,68.0,45.0,401.0,179.0,427.0,Patparganj_Delhi_DPCC,2019
31.0,363.0,,137.0,,276.0,,53.0,86.0,,400.0,,370.0,Patparganj_Delhi_DPCC,2019
1.0,400.0,304.0,208.0,147.0,254.0,232.0,,85.0,127.0,85.0,500.0,258.0,Punjabi_Bagh_Delhi_DPCC,2019
2.0,430.0,343.0,202.0,189.0,263.0,197.0,,73.0,82.0,,410.0,277.0,Punjabi_Bagh_Delhi_DPCC,2019
3.0,457.0,297.0,118.0,163.0,176.0,262.0,124.0,76.0,121.0,124.0,499.0,279.0,Punjabi_Bagh_Delhi_DPCC,2019
4.0,398.0,332.0,262.0,,161.0,,86.0,101.0,187.0,93.0,423.0,306.0,Punjabi_Bagh_Delhi_DPCC,2019
5.0,405.0,401.0,153.0,250.0,,162.0,94.0,99.0,84.0,86.0,331.0,387.0,Punjabi_Bagh_Delhi_DPCC,2019
6.0,314.0,338.0,196.0,234.0,,173.0,79.0,76.0,71.0,118.0,229.0,401.0,Punjabi_Bagh_Delhi_DPCC,2019
7.0,351.0,170.0,213.0,294.0,292.0,150.0,65.0,88.0,75.0,129.0,304.0,369.0,Punjabi_Bagh_Delhi_DPCC,2019
8.0,322.0,140.0,163.0,230.0,356.0,154.0,114.0,78.0,68.0,111.0,337.0,392.0,Punjabi_Bagh_Delhi_DPCC,2019
9.0,290.0,139.0,155.0,186.0,342.0,223.0,106.0,72.0,104.0,143.0,272.0,331.0,Punjabi_Bagh_Delhi_DPCC,2019
10.0,304.0,273.0,138.0,234.0,301.0,177.0,126.0,53.0,115.0,180.0,318.0,365.0,Punjabi_Bagh_Delhi_DPCC,2019
11.0,370.0,318.0,169.0,166.0,225.0,,285.0,50.0,158.0,221.0,366.0,418.0,Punjabi_Bagh_Delhi_DPCC,2019
12.0,428.0,352.0,128.0,179.0,,221.0,286.0,55.0,130.0,216.0,429.0,441.0,Punjabi_Bagh_Delhi_DPCC,2019
13.0,396.0,351.0,159.0,150.0,,145.0,274.0,65.0,,257.0,465.0,234.0,Punjabi_Bagh_Delhi_DPCC,2019
14.0,241.0,337.0,243.0,123.0,,153.0,260.0,73.0,67.0,249.0,471.0,172.0,Punjabi_Bagh_Delhi_DPCC,2019
15.0,236.0,266.0,155.0,153.0,179.0,193.0,171.0,72.0,72.0,262.0,463.0,229.0,Punjabi_Bagh_Delhi_DPCC,2019
16.0,392.0,286.0,116.0,136.0,,154.0,89.0,57.0,108.0,301.0,362.0,179.0,Punjabi_Bagh_Delhi_DPCC,2019
17.0,438.0,239.0,186.0,75.0,234.0,118.0,76.0,49.0,122.0,278.0,219.0,133.0,Punjabi_Bagh_Delhi_DPCC,2019
18.0,383.0,230.0,199.0,80.0,,76.0,62.0,57.0,96.0,224.0,217.0,280.0,Punjabi_Bagh_Delhi_DPCC,2019
19.0,342.0,222.0,210.0,135.0,162.0,173.0,118.0,74.0,63.0,139.0,257.0,384.0,Punjabi_Bagh_Delhi_DPCC,2019
20.0,424.0,261.0,178.0,200.0,211.0,108.0,123.0,84.0,62.0,,306.0,442.0,Punjabi_Bagh_Delhi_DPCC,2019
21.0,315.0,142.0,227.0,208.0,174.0,158.0,110.0,102.0,73.0,,365.0,416.0,Punjabi_Bagh_Delhi_DPCC,2019
22.0,90.0,173.0,108.0,227.0,148.0,142.0,116.0,109.0,,237.0,361.0,311.0,Punjabi_Bagh_Delhi_DPCC,2019
23.0,217.0,98.0,114.0,250.0,213.0,112.0,152.0,124.0,59.0,264.0,303.0,316.0,Punjabi_Bagh_Delhi_DPCC,2019
24.0,331.0,185.0,117.0,211.0,125.0,92.0,146.0,134.0,82.0,329.0,222.0,370.0,Punjabi_Bagh_Delhi_DPCC,2019
25.0,,211.0,122.0,246.0,101.0,154.0,61.0,83.0,79.0,284.0,247.0,339.0,Punjabi_Bagh_Delhi_DPCC,2019
26.0,149.0,,148.0,206.0,108.0,134.0,78.0,68.0,67.0,,270.0,329.0,Punjabi_Bagh_Delhi_DPCC,2019
27.0,152.0,97.0,131.0,227.0,133.0,160.0,59.0,,64.0,364.0,131.0,368.0,Punjabi_Bagh_Delhi_DPCC,2019
28.0,280.0,,211.0,229.0,137.0,180.0,60.0,95.0,68.0,366.0,109.0,404.0,Punjabi_Bagh_Delhi_DPCC,2019
29.0,262.0,,213.0,217.0,168.0,220.0,71.0,78.0,59.0,417.0,84.0,415.0,Punjabi_Bagh_Delhi_DPCC,2019
30.0,334.0,,185.0,200.0,180.0,227.0,78.0,72.0,59.0,425.0,201.0,442.0,Punjabi_Bagh_Delhi_DPCC,2019
31.0,369.0,,167.0,,276.0,,78.0,112.0,,422.0,,379.0,Punjabi_Bagh_Delhi_DPCC,2019
1.0,436.0,338.0,261.0,,284.0,287.0,,82.0,131.0,93.0,486.0,321.0,Rohini_Delhi_DPCC,2019
2.0,460.0,346.0,251.0,263.0,283.0,196.0,,74.0,88.0,,386.0,350.0,Rohini_Delhi_DPCC,2019
3.0,474.0,287.0,147.0,219.0,213.0,266.0,128.0,88.0,140.0,155.0,491.0,348.0,Rohini_Delhi_DPCC,2019
4.0,404.0,327.0,253.0,257.0,201.0,157.0,87.0,91.0,207.0,106.0,399.0,365.0,Rohini_Delhi_DPCC,2019
5.0,427.0,414.0,124.0,278.0,,175.0,117.0,127.0,90.0,100.0,286.0,442.0,Rohini_Delhi_DPCC,2019
6.0,355.0,365.0,220.0,305.0,,191.0,85.0,80.0,98.0,120.0,229.0,461.0,Rohini_Delhi_DPCC,2019
7.0,361.0,170.0,264.0,354.0,360.0,154.0,119.0,69.0,,128.0,,,Rohini_Delhi_DPCC,2019
8.0,,143.0,231.0,279.0,410.0,139.0,113.0,74.0,77.0,107.0,366.0,453.0,Rohini_Delhi_DPCC,2019
9.0,328.0,204.0,192.0,237.0,,256.0,124.0,69.0,121.0,199.0,327.0,414.0,Rohini_Delhi_DPCC,2019
10.0,323.0,305.0,188.0,273.0,278.0,259.0,156.0,42.0,127.0,260.0,365.0,427.0,Rohini_Delhi_DPCC,2019
11.0,395.0,352.0,193.0,193.0,235.0,,358.0,60.0,154.0,239.0,405.0,466.0,Rohini_Delhi_DPCC,2019
12.0,454.0,367.0,128.0,203.0,353.0,231.0,302.0,50.0,158.0,252.0,449.0,477.0,Rohini_Delhi_DPCC,2019
13.0,426.0,371.0,171.0,180.0,351.0,155.0,315.0,59.0,88.0,297.0,489.0,303.0,Rohini_Delhi_DPCC,2019
14.0,280.0,370.0,258.0,141.0,169.0,164.0,268.0,53.0,65.0,264.0,487.0,206.0,Rohini_Delhi_DPCC,2019
15.0,281.0,292.0,186.0,174.0,209.0,220.0,145.0,72.0,63.0,317.0,460.0,282.0,Rohini_Delhi_DPCC,2019
16.0,430.0,293.0,180.0,189.0,187.0,179.0,74.0,37.0,116.0,318.0,401.0,231.0,Rohini_Delhi_DPCC,2019
17.0,465.0,242.0,217.0,87.0,292.0,117.0,73.0,25.0,134.0,319.0,256.0,225.0,Rohini_Delhi_DPCC,2019
18.0,434.0,254.0,238.0,156.0,91.0,89.0,95.0,30.0,103.0,259.0,274.0,339.0,Rohini_Delhi_DPCC,2019
19.0,423.0,247.0,267.0,162.0,247.0,194.0,132.0,91.0,63.0,133.0,295.0,412.0,Rohini_Delhi_DPCC,2019
20.0,436.0,280.0,259.0,264.0,237.0,117.0,120.0,90.0,112.0,263.0,366.0,458.0,Rohini_Delhi_DPCC,2019
21.0,391.0,146.0,237.0,285.0,213.0,167.0,111.0,112.0,109.0,275.0,412.0,425.0,Rohini_Delhi_DPCC,2019
22.0,112.0,196.0,110.0,256.0,172.0,162.0,148.0,116.0,,236.0,419.0,334.0,Rohini_Delhi_DPCC,2019
23.0,239.0,149.0,167.0,301.0,276.0,130.0,166.0,149.0,85.0,274.0,332.0,346.0,Rohini_Delhi_DPCC,2019
24.0,332.0,239.0,122.0,241.0,135.0,95.0,153.0,179.0,97.0,356.0,261.0,392.0,Rohini_Delhi_DPCC,2019
25.0,182.0,264.0,158.0,260.0,110.0,106.0,59.0,87.0,82.0,310.0,289.0,353.0,Rohini_Delhi_DPCC,2019
26.0,269.0,,181.0,210.0,170.0,152.0,70.0,58.0,78.0,314.0,318.0,352.0,Rohini_Delhi_DPCC,2019
27.0,295.0,101.0,207.0,265.0,151.0,182.0,41.0,,54.0,374.0,156.0,401.0,Rohini_Delhi_DPCC,2019
28.0,291.0,,257.0,272.0,173.0,200.0,55.0,134.0,64.0,381.0,109.0,415.0,Rohini_Delhi_DPCC,2019
29.0,303.0,,251.0,266.0,197.0,259.0,61.0,89.0,56.0,417.0,98.0,429.0,Rohini_Delhi_DPCC,2019
30.0,366.0,,238.0,266.0,242.0,241.0,83.0,119.0,57.0,447.0,258.0,455.0,Rohini_Delhi_DPCC,2019
31.0,384.0,,,,294.0,,79.0,143.0,,430.0,,423.0,Rohini_Delhi_DPCC,2019
1.0,405.0,300.0,213.0,202.0,347.0,283.0,202.0,217.0,107.0,242.0,494.0,271.0,Sirifort_Delhi_CPCB,2019
2.0,430.0,350.0,235.0,238.0,322.0,224.0,245.0,195.0,201.0,181.0,405.0,284.0,Sirifort_Delhi_CPCB,2019
3.0,453.0,310.0,114.0,259.0,202.0,290.0,152.0,204.0,264.0,188.0,498.0,275.0,Sirifort_Delhi_CPCB,2019
4.0,396.0,262.0,237.0,335.0,181.0,166.0,110.0,145.0,290.0,120.0,417.0,279.0,Sirifort_Delhi_CPCB,2019
5.0,411.0,409.0,,330.0,248.0,205.0,97.0,82.0,216.0,118.0,326.0,354.0,Sirifort_Delhi_CPCB,2019
6.0,344.0,346.0,191.0,348.0,259.0,231.0,74.0,94.0,190.0,206.0,237.0,416.0,Sirifort_Delhi_CPCB,2019
7.0,357.0,173.0,275.0,328.0,359.0,188.0,110.0,83.0,166.0,193.0,330.0,400.0,Sirifort_Delhi_CPCB,2019
8.0,359.0,,287.0,239.0,374.0,185.0,202.0,141.0,79.0,172.0,350.0,401.0,Sirifort_Delhi_CPCB,2019
9.0,293.0,146.0,250.0,238.0,391.0,243.0,208.0,266.0,154.0,272.0,307.0,351.0,Sirifort_Delhi_CPCB,2019
10.0,276.0,262.0,167.0,267.0,312.0,258.0,180.0,171.0,242.0,306.0,317.0,378.0,Sirifort_Delhi_CPCB,2019
11.0,365.0,334.0,,,306.0,213.0,359.0,171.0,291.0,276.0,365.0,407.0,Sirifort_Delhi_CPCB,2019
12.0,425.0,393.0,132.0,267.0,332.0,291.0,311.0,,306.0,272.0,423.0,422.0,Sirifort_Delhi_CPCB,2019
13.0,410.0,430.0,251.0,,336.0,192.0,359.0,78.0,211.0,290.0,464.0,249.0,Sirifort_Delhi_CPCB,2019
14.0,264.0,346.0,326.0,146.0,158.0,215.0,293.0,47.0,174.0,273.0,478.0,179.0,Sirifort_Delhi_CPCB,2019
15.0,211.0,248.0,176.0,245.0,166.0,279.0,236.0,64.0,162.0,296.0,490.0,241.0,Sirifort_Delhi_CPCB,2019
16.0,352.0,298.0,157.0,275.0,197.0,236.0,,63.0,218.0,326.0,381.0,221.0,Sirifort_Delhi_CPCB,2019
17.0,453.0,245.0,232.0,116.0,269.0,125.0,66.0,,204.0,304.0,239.0,172.0,Sirifort_Delhi_CPCB,2019
18.0,402.0,272.0,220.0,171.0,185.0,102.0,73.0,28.0,196.0,288.0,207.0,296.0,Sirifort_Delhi_CPCB,2019
19.0,356.0,215.0,318.0,195.0,185.0,187.0,120.0,80.0,165.0,193.0,273.0,365.0,Sirifort_Delhi_CPCB,2019
20.0,399.0,264.0,340.0,260.0,208.0,125.0,,120.0,232.0,273.0,302.0,444.0,Sirifort_Delhi_CPCB,2019
21.0,354.0,143.0,331.0,239.0,212.0,186.0,114.0,,245.0,361.0,355.0,428.0,Sirifort_Delhi_CPCB,2019
22.0,92.0,220.0,186.0,,184.0,250.0,78.0,230.0,66.0,295.0,357.0,340.0,Sirifort_Delhi_CPCB,2019
23.0,216.0,133.0,175.0,,271.0,271.0,136.0,,123.0,300.0,344.0,333.0,Sirifort_Delhi_CPCB,2019
24.0,319.0,222.0,149.0,,152.0,244.0,255.0,281.0,233.0,,263.0,414.0,Sirifort_Delhi_CPCB,2019
25.0,125.0,268.0,272.0,,208.0,248.0,77.0,196.0,270.0,,264.0,377.0,Sirifort_Delhi_CPCB,2019
26.0,239.0,123.0,230.0,,264.0,170.0,78.0,144.0,246.0,366.0,291.0,371.0,Sirifort_Delhi_CPCB,2019
27.0,258.0,126.0,331.0,,176.0,190.0,43.0,234.0,223.0,352.0,134.0,377.0,Sirifort_Delhi_CPCB,2019
28.0,252.0,178.0,277.0,286.0,245.0,218.0,43.0,223.0,232.0,378.0,114.0,441.0,Sirifort_Delhi_CPCB,2019
29.0,277.0,,369.0,291.0,196.0,265.0,95.0,219.0,200.0,398.0,103.0,471.0,Sirifort_Delhi_CPCB,2019
30.0,343.0,,342.0,308.0,263.0,266.0,187.0,235.0,207.0,409.0,226.0,481.0,Sirifort_Delhi_CPCB,2019
31.0,400.0,,294.0,,334.0,,219.0,243.0,,413.0,,393.0,Sirifort_Delhi_CPCB,2019
1.0,408.0,301.0,219.0,143.0,328.0,271.0,,90.0,87.0,95.0,,272.0,Vivek_Vihar_Delhi_DPCC,2019
2.0,446.0,357.0,202.0,188.0,,205.0,,81.0,89.0,,450.0,294.0,Vivek_Vihar_Delhi_DPCC,2019
3.0,,303.0,110.0,155.0,195.0,281.0,120.0,90.0,160.0,127.0,493.0,298.0,Vivek_Vihar_Delhi_DPCC,2019
4.0,396.0,335.0,246.0,251.0,153.0,185.0,92.0,82.0,148.0,108.0,,327.0,Vivek_Vihar_Delhi_DPCC,2019
5.0,421.0,416.0,120.0,272.0,,175.0,,106.0,88.0,99.0,361.0,444.0,Vivek_Vihar_Delhi_DPCC,2019
6.0,370.0,339.0,143.0,255.0,,273.0,77.0,85.0,87.0,126.0,230.0,407.0,Vivek_Vihar_Delhi_DPCC,2019
7.0,358.0,176.0,199.0,301.0,312.0,187.0,,84.0,,141.0,315.0,370.0,Vivek_Vihar_Delhi_DPCC,2019
8.0,308.0,174.0,232.0,264.0,384.0,250.0,,103.0,66.0,111.0,369.0,405.0,Vivek_Vihar_Delhi_DPCC,2019
9.0,294.0,138.0,202.0,191.0,360.0,247.0,120.0,71.0,101.0,143.0,294.0,345.0,Vivek_Vihar_Delhi_DPCC,2019
10.0,303.0,236.0,129.0,,303.0,170.0,149.0,79.0,121.0,230.0,352.0,387.0,Vivek_Vihar_Delhi_DPCC,2019
11.0,386.0,277.0,188.0,195.0,,,385.0,34.0,131.0,,385.0,432.0,Vivek_Vihar_Delhi_DPCC,2019
12.0,437.0,320.0,134.0,205.0,332.0,230.0,277.0,33.0,,251.0,443.0,466.0,Vivek_Vihar_Delhi_DPCC,2019
13.0,429.0,362.0,185.0,182.0,317.0,172.0,352.0,30.0,,320.0,452.0,262.0,Vivek_Vihar_Delhi_DPCC,2019
14.0,241.0,346.0,284.0,152.0,194.0,174.0,257.0,74.0,45.0,282.0,485.0,186.0,Vivek_Vihar_Delhi_DPCC,2019
15.0,175.0,233.0,126.0,164.0,189.0,202.0,172.0,77.0,72.0,298.0,447.0,236.0,Vivek_Vihar_Delhi_DPCC,2019
16.0,399.0,285.0,113.0,169.0,184.0,196.0,,47.0,94.0,325.0,338.0,250.0,Vivek_Vihar_Delhi_DPCC,2019
17.0,460.0,238.0,176.0,91.0,247.0,132.0,68.0,25.0,134.0,315.0,204.0,192.0,Vivek_Vihar_Delhi_DPCC,2019
18.0,398.0,237.0,171.0,231.0,115.0,98.0,106.0,28.0,92.0,,232.0,321.0,Vivek_Vihar_Delhi_DPCC,2019
19.0,384.0,216.0,181.0,170.0,192.0,213.0,131.0,86.0,61.0,178.0,287.0,389.0,Vivek_Vihar_Delhi_DPCC,2019
20.0,430.0,258.0,223.0,176.0,188.0,122.0,,94.0,,239.0,331.0,475.0,Vivek_Vihar_Delhi_DPCC,2019
21.0,378.0,154.0,217.0,194.0,170.0,169.0,,105.0,95.0,263.0,392.0,459.0,Vivek_Vihar_Delhi_DPCC,2019
22.0,97.0,209.0,116.0,248.0,145.0,195.0,,138.0,,220.0,403.0,343.0,Vivek_Vihar_Delhi_DPCC,2019
23.0,,108.0,123.0,235.0,203.0,134.0,,111.0,88.0,257.0,337.0,340.0,Vivek_Vihar_Delhi_DPCC,2019
24.0,290.0,130.0,132.0,210.0,145.0,113.0,162.0,,96.0,,,407.0,Vivek_Vihar_Delhi_DPCC,2019
25.0,139.0,266.0,129.0,247.0,114.0,171.0,44.0,89.0,,299.0,236.0,366.0,Vivek_Vihar_Delhi_DPCC,2019
26.0,202.0,,149.0,220.0,118.0,144.0,80.0,32.0,89.0,284.0,289.0,356.0,Vivek_Vihar_Delhi_DPCC,2019
27.0,245.0,114.0,143.0,258.0,146.0,192.0,80.0,,38.0,381.0,155.0,407.0,Vivek_Vihar_Delhi_DPCC,2019
28.0,247.0,,219.0,257.0,178.0,183.0,126.0,124.0,81.0,376.0,113.0,434.0,Vivek_Vihar_Delhi_DPCC,2019
29.0,272.0,,256.0,234.0,164.0,241.0,34.0,80.0,34.0,,78.0,443.0,Vivek_Vihar_Delhi_DPCC,2019
30.0,312.0,,259.0,254.0,207.0,237.0,78.0,90.0,33.0,454.0,209.0,459.0,Vivek_Vihar_Delhi_DPCC,2019
31.0,387.0,,184.0,,289.0,,76.0,76.0,,455.0,,396.0,Vivek_Vihar_Delhi_DPCC,2019
1.0,437.0,372.0,,184.0,334.0,383.0,,,155.0,155.0,498.0,312.0,Wazirpur_Delhi_DPCC,2019
2.0,464.0,376.0,,243.0,317.0,277.0,,141.0,150.0,,439.0,344.0,Wazirpur_Delhi_DPCC,2019
3.0,476.0,355.0,220.0,220.0,201.0,322.0,160.0,130.0,119.0,156.0,,336.0,Wazirpur_Delhi_DPCC,2019
4.0,424.0,388.0,310.0,289.0,210.0,243.0,124.0,136.0,229.0,128.0,,358.0,Wazirpur_Delhi_DPCC,2019
5.0,449.0,427.0,,311.0,,211.0,127.0,160.0,144.0,118.0,356.0,446.0,Wazirpur_Delhi_DPCC,2019
6.0,382.0,420.0,229.0,349.0,,254.0,140.0,110.0,149.0,138.0,280.0,440.0,Wazirpur_Delhi_DPCC,2019
7.0,370.0,243.0,251.0,395.0,381.0,209.0,112.0,116.0,165.0,145.0,332.0,400.0,Wazirpur_Delhi_DPCC,2019
8.0,348.0,206.0,221.0,336.0,425.0,194.0,152.0,140.0,,130.0,360.0,,Wazirpur_Delhi_DPCC,2019
9.0,312.0,229.0,196.0,292.0,397.0,305.0,182.0,,114.0,188.0,309.0,,Wazirpur_Delhi_DPCC,2019
10.0,324.0,311.0,182.0,299.0,341.0,,199.0,100.0,148.0,,,420.0,Wazirpur_Delhi_DPCC,2019
11.0,398.0,356.0,,205.0,282.0,,410.0,110.0,175.0,,396.0,453.0,Wazirpur_Delhi_DPCC,2019
12.0,436.0,380.0,130.0,272.0,370.0,287.0,342.0,,197.0,261.0,450.0,479.0,Wazirpur_Delhi_DPCC,2019
13.0,449.0,395.0,190.0,180.0,342.0,202.0,357.0,100.0,141.0,317.0,,299.0,Wazirpur_Delhi_DPCC,2019
14.0,,386.0,270.0,147.0,206.0,209.0,322.0,85.0,145.0,276.0,485.0,,Wazirpur_Delhi_DPCC,2019
15.0,288.0,338.0,171.0,203.0,201.0,240.0,92.0,87.0,,286.0,466.0,280.0,Wazirpur_Delhi_DPCC,2019
16.0,,,172.0,231.0,241.0,212.0,115.0,105.0,,333.0,380.0,,Wazirpur_Delhi_DPCC,2019
17.0,,287.0,218.0,168.0,310.0,149.0,88.0,84.0,170.0,317.0,248.0,252.0,Wazirpur_Delhi_DPCC,2019
18.0,,311.0,233.0,116.0,138.0,110.0,100.0,91.0,159.0,297.0,267.0,340.0,Wazirpur_Delhi_DPCC,2019
19.0,,309.0,240.0,178.0,195.0,201.0,204.0,114.0,,179.0,294.0,414.0,Wazirpur_Delhi_DPCC,2019
20.0,448.0,316.0,297.0,229.0,242.0,156.0,159.0,117.0,,,365.0,484.0,Wazirpur_Delhi_DPCC,2019
21.0,433.0,216.0,246.0,271.0,228.0,205.0,157.0,138.0,,280.0,379.0,454.0,Wazirpur_Delhi_DPCC,2019
22.0,200.0,244.0,123.0,259.0,211.0,188.0,163.0,137.0,,241.0,386.0,350.0,Wazirpur_Delhi_DPCC,2019
23.0,260.0,146.0,142.0,302.0,294.0,169.0,205.0,204.0,171.0,,335.0,348.0,Wazirpur_Delhi_DPCC,2019
24.0,359.0,235.0,146.0,297.0,157.0,149.0,246.0,209.0,166.0,363.0,,405.0,Wazirpur_Delhi_DPCC,2019
25.0,199.0,225.0,143.0,321.0,125.0,144.0,134.0,122.0,150.0,320.0,279.0,380.0,Wazirpur_Delhi_DPCC,2019
26.0,268.0,,177.0,256.0,154.0,166.0,143.0,105.0,137.0,323.0,312.0,361.0,Wazirpur_Delhi_DPCC,2019
27.0,290.0,139.0,193.0,293.0,193.0,205.0,103.0,,130.0,399.0,177.0,403.0,Wazirpur_Delhi_DPCC,2019
28.0,326.0,,266.0,273.0,192.0,239.0,101.0,175.0,130.0,384.0,121.0,434.0,Wazirpur_Delhi_DPCC,2019
29.0,298.0,,284.0,271.0,203.0,286.0,,169.0,133.0,430.0,123.0,456.0,Wazirpur_Delhi_DPCC,2019
30.0,362.0,,243.0,302.0,277.0,267.0,149.0,136.0,127.0,462.0,266.0,469.0,Wazirpur_Delhi_DPCC,2019
31.0,403.0,,197.0,,340.0,,132.0,173.0,,457.0,,425.0,Wazirpur_Delhi_DPCC,2019
1.0,446.0,243.0,80.0,77.0,,250.0,224.0,111.0,67.0,162.0,389.0,417.0,Anand_Vihar_Delhi_DPCC,2020
2.0,407.0,255.0,275.0,70.0,,228.0,164.0,88.0,98.0,178.0,333.0,397.0,Anand_Vihar_Delhi_DPCC,2020
3.0,384.0,292.0,244.0,86.0,,158.0,168.0,65.0,65.0,190.0,338.0,375.0,Anand_Vihar_Delhi_DPCC,2020
4.0,,344.0,201.0,,,207.0,90.0,58.0,88.0,194.0,380.0,431.0,Anand_Vihar_Delhi_DPCC,2020
5.0,349.0,,,99.0,,220.0,173.0,121.0,92.0,178.0,468.0,425.0,Anand_Vihar_Delhi_DPCC,2020
6.0,340.0,250.0,88.0,145.0,,225.0,126.0,63.0,105.0,191.0,436.0,410.0,Anand_Vihar_Delhi_DPCC,2020
7.0,298.0,326.0,76.0,,,157.0,52.0,72.0,129.0,260.0,436.0,441.0,Anand_Vihar_Delhi_DPCC,2020
8.0,314.0,291.0,220.0,,,157.0,64.0,106.0,69.0,206.0,454.0,402.0,Anand_Vihar_Delhi_DPCC,2020
9.0,,286.0,142.0,,,170.0,94.0,117.0,115.0,219.0,485.0,408.0,Anand_Vihar_Delhi_DPCC,2020
10.0,301.0,317.0,,,,207.0,56.0,67.0,95.0,214.0,464.0,330.0,Anand_Vihar_Delhi_DPCC,2020
11.0,306.0,349.0,,,,,59.0,92.0,99.0,221.0,378.0,345.0,Anand_Vihar_Delhi_DPCC,2020
12.0,369.0,331.0,134.0,,,229.0,,108.0,118.0,300.0,378.0,391.0,Anand_Vihar_Delhi_DPCC,2020
13.0,393.0,258.0,198.0,,,170.0,,92.0,118.0,295.0,402.0,330.0,Anand_Vihar_Delhi_DPCC,2020
14.0,355.0,177.0,96.0,,,243.0,132.0,74.0,176.0,281.0,451.0,230.0,Anand_Vihar_Delhi_DPCC,2020
15.0,246.0,,140.0,,,133.0,97.0,63.0,160.0,314.0,456.0,280.0,Anand_Vihar_Delhi_DPCC,2020
16.0,315.0,265.0,,,179.0,134.0,70.0,76.0,167.0,240.0,236.0,318.0,Anand_Vihar_Delhi_DPCC,2020
17.0,269.0,337.0,210.0,,199.0,165.0,109.0,107.0,142.0,314.0,181.0,291.0,Anand_Vihar_Delhi_DPCC,2020
18.0,,274.0,,,268.0,90.0,81.0,105.0,129.0,263.0,234.0,306.0,Anand_Vihar_Delhi_DPCC,2020
19.0,333.0,339.0,244.0,,259.0,125.0,78.0,120.0,,267.0,330.0,301.0,Anand_Vihar_Delhi_DPCC,2020
20.0,319.0,232.0,,175.0,208.0,157.0,98.0,86.0,156.0,239.0,316.0,340.0,Anand_Vihar_Delhi_DPCC,2020
21.0,392.0,165.0,,84.0,,112.0,59.0,100.0,143.0,289.0,247.0,396.0,Anand_Vihar_Delhi_DPCC,2020
22.0,398.0,104.0,234.0,160.0,,106.0,49.0,,119.0,344.0,290.0,456.0,Anand_Vihar_Delhi_DPCC,2020
23.0,226.0,252.0,154.0,118.0,,90.0,82.0,52.0,115.0,377.0,320.0,472.0,Anand_Vihar_Delhi_DPCC,2020
24.0,,144.0,190.0,114.0,199.0,,100.0,29.0,99.0,404.0,431.0,453.0,Anand_Vihar_Delhi_DPCC,2020
25.0,,,,164.0,174.0,126.0,72.0,86.0,124.0,401.0,448.0,395.0,Anand_Vihar_Delhi_DPCC,2020
26.0,374.0,249.0,,119.0,133.0,132.0,94.0,79.0,189.0,414.0,315.0,371.0,Anand_Vihar_Delhi_DPCC,2020
27.0,383.0,225.0,64.0,150.0,176.0,113.0,133.0,95.0,131.0,338.0,133.0,421.0,Anand_Vihar_Delhi_DPCC,2020
28.0,264.0,168.0,49.0,91.0,160.0,181.0,57.0,68.0,184.0,324.0,262.0,262.0,Anand_Vihar_Delhi_DPCC,2020
29.0,206.0,,58.0,,122.0,187.0,69.0,98.0,192.0,428.0,293.0,282.0,Anand_Vihar_Delhi_DPCC,2020
30.0,178.0,,71.0,,152.0,,66.0,62.0,169.0,440.0,363.0,329.0,Anand_Vihar_Delhi_DPCC,2020
31.0,197.0,,79.0,,,,94.0,108.0,,416.0,,390.0,Anand_Vihar_Delhi_DPCC,2020
1.0,441.0,270.0,71.0,84.0,123.0,,108.0,72.0,37.0,155.0,358.0,430.0,Ashok_Vihar_Delhi_DPCC,2020
2.0,431.0,292.0,239.0,60.0,91.0,85.0,,56.0,59.0,170.0,317.0,427.0,Ashok_Vihar_Delhi_DPCC,2020
3.0,370.0,292.0,195.0,59.0,,120.0,,68.0,,197.0,310.0,383.0,Ashok_Vihar_Delhi_DPCC,2020
4.0,393.0,338.0,205.0,89.0,48.0,154.0,135.0,65.0,67.0,178.0,372.0,436.0,Ashok_Vihar_Delhi_DPCC,2020
5.0,354.0,326.0,71.0,121.0,81.0,80.0,89.0,80.0,92.0,167.0,438.0,454.0,Ashok_Vihar_Delhi_DPCC,2020
6.0,344.0,258.0,53.0,190.0,116.0,76.0,120.0,68.0,62.0,174.0,399.0,432.0,Ashok_Vihar_Delhi_DPCC,2020
7.0,287.0,304.0,45.0,92.0,90.0,87.0,85.0,44.0,94.0,222.0,409.0,451.0,Ashok_Vihar_Delhi_DPCC,2020
8.0,,307.0,163.0,87.0,92.0,81.0,43.0,76.0,68.0,211.0,413.0,423.0,Ashok_Vihar_Delhi_DPCC,2020
9.0,235.0,313.0,108.0,80.0,100.0,109.0,82.0,63.0,,221.0,472.0,389.0,Ashok_Vihar_Delhi_DPCC,2020
10.0,283.0,334.0,192.0,123.0,110.0,114.0,71.0,66.0,,224.0,,323.0,Ashok_Vihar_Delhi_DPCC,2020
11.0,304.0,358.0,141.0,,71.0,108.0,,71.0,116.0,230.0,366.0,344.0,Ashok_Vihar_Delhi_DPCC,2020
12.0,354.0,338.0,140.0,85.0,77.0,136.0,69.0,61.0,122.0,297.0,321.0,,Ashok_Vihar_Delhi_DPCC,2020
13.0,394.0,,169.0,120.0,131.0,115.0,77.0,43.0,128.0,314.0,364.0,338.0,Ashok_Vihar_Delhi_DPCC,2020
14.0,334.0,205.0,97.0,100.0,134.0,,136.0,53.0,132.0,311.0,422.0,206.0,Ashok_Vihar_Delhi_DPCC,2020
15.0,270.0,158.0,187.0,141.0,,93.0,131.0,62.0,133.0,321.0,455.0,282.0,Ashok_Vihar_Delhi_DPCC,2020
16.0,319.0,283.0,155.0,212.0,123.0,128.0,78.0,38.0,134.0,265.0,270.0,291.0,Ashok_Vihar_Delhi_DPCC,2020
17.0,299.0,305.0,180.0,96.0,173.0,107.0,79.0,51.0,116.0,296.0,217.0,288.0,Ashok_Vihar_Delhi_DPCC,2020
18.0,295.0,257.0,161.0,76.0,209.0,96.0,84.0,58.0,110.0,258.0,245.0,303.0,Ashok_Vihar_Delhi_DPCC,2020
19.0,314.0,292.0,214.0,56.0,204.0,148.0,,41.0,114.0,268.0,317.0,289.0,Ashok_Vihar_Delhi_DPCC,2020
20.0,305.0,248.0,181.0,160.0,147.0,151.0,,44.0,137.0,259.0,333.0,,Ashok_Vihar_Delhi_DPCC,2020
21.0,397.0,152.0,203.0,,107.0,103.0,46.0,53.0,139.0,256.0,275.0,359.0,Ashok_Vihar_Delhi_DPCC,2020
22.0,393.0,,216.0,131.0,199.0,91.0,48.0,43.0,125.0,317.0,302.0,457.0,Ashok_Vihar_Delhi_DPCC,2020
23.0,242.0,257.0,128.0,120.0,164.0,82.0,57.0,48.0,73.0,357.0,340.0,455.0,Ashok_Vihar_Delhi_DPCC,2020
24.0,180.0,,128.0,136.0,100.0,71.0,101.0,41.0,73.0,337.0,419.0,448.0,Ashok_Vihar_Delhi_DPCC,2020
25.0,278.0,273.0,,65.0,118.0,79.0,69.0,39.0,118.0,359.0,464.0,383.0,Ashok_Vihar_Delhi_DPCC,2020
26.0,371.0,279.0,99.0,117.0,122.0,105.0,69.0,39.0,160.0,369.0,341.0,374.0,Ashok_Vihar_Delhi_DPCC,2020
27.0,399.0,262.0,73.0,50.0,151.0,,86.0,54.0,105.0,321.0,200.0,422.0,Ashok_Vihar_Delhi_DPCC,2020
28.0,272.0,230.0,,56.0,161.0,188.0,32.0,74.0,156.0,316.0,266.0,273.0,Ashok_Vihar_Delhi_DPCC,2020
29.0,226.0,,56.0,86.0,73.0,201.0,,,179.0,362.0,307.0,280.0,Ashok_Vihar_Delhi_DPCC,2020
30.0,222.0,,64.0,94.0,54.0,95.0,41.0,71.0,162.0,367.0,367.0,316.0,Ashok_Vihar_Delhi_DPCC,2020
31.0,252.0,,78.0,,,,67.0,30.0,,354.0,,388.0,Ashok_Vihar_Delhi_DPCC,2020
1.0,464.0,281.0,80.0,95.0,206.0,,146.0,166.0,75.0,193.0,404.0,411.0,Bawana_Delhi_DPCC,2020
2.0,417.0,274.0,243.0,99.0,150.0,142.0,145.0,103.0,75.0,200.0,330.0,392.0,Bawana_Delhi_DPCC,2020
3.0,,334.0,252.0,101.0,123.0,130.0,186.0,99.0,132.0,206.0,355.0,378.0,Bawana_Delhi_DPCC,2020
4.0,,352.0,241.0,115.0,169.0,192.0,162.0,78.0,113.0,217.0,423.0,452.0,Bawana_Delhi_DPCC,2020
5.0,368.0,362.0,92.0,120.0,170.0,167.0,94.0,106.0,124.0,258.0,464.0,463.0,Bawana_Delhi_DPCC,2020
6.0,375.0,217.0,76.0,144.0,191.0,210.0,91.0,77.0,65.0,245.0,442.0,450.0,Bawana_Delhi_DPCC,2020
7.0,298.0,346.0,75.0,136.0,217.0,132.0,97.0,59.0,99.0,266.0,445.0,425.0,Bawana_Delhi_DPCC,2020
8.0,271.0,339.0,197.0,115.0,235.0,112.0,59.0,118.0,71.0,251.0,475.0,403.0,Bawana_Delhi_DPCC,2020
9.0,220.0,354.0,145.0,108.0,175.0,158.0,82.0,96.0,123.0,252.0,490.0,368.0,Bawana_Delhi_DPCC,2020
10.0,283.0,357.0,201.0,161.0,153.0,163.0,77.0,117.0,127.0,268.0,,298.0,Bawana_Delhi_DPCC,2020
11.0,315.0,355.0,131.0,139.0,217.0,142.0,69.0,123.0,148.0,271.0,421.0,323.0,Bawana_Delhi_DPCC,2020
12.0,354.0,354.0,130.0,120.0,220.0,172.0,87.0,70.0,167.0,304.0,350.0,399.0,Bawana_Delhi_DPCC,2020
13.0,398.0,300.0,233.0,187.0,190.0,,79.0,65.0,159.0,337.0,396.0,302.0,Bawana_Delhi_DPCC,2020
14.0,291.0,235.0,,206.0,229.0,,143.0,133.0,157.0,324.0,461.0,173.0,Bawana_Delhi_DPCC,2020
15.0,239.0,247.0,149.0,247.0,178.0,,160.0,78.0,145.0,338.0,460.0,252.0,Bawana_Delhi_DPCC,2020
16.0,307.0,320.0,198.0,242.0,241.0,216.0,,72.0,161.0,274.0,244.0,272.0,Bawana_Delhi_DPCC,2020
17.0,306.0,373.0,203.0,137.0,248.0,194.0,100.0,192.0,141.0,330.0,206.0,278.0,Bawana_Delhi_DPCC,2020
18.0,255.0,,204.0,114.0,244.0,118.0,102.0,89.0,124.0,302.0,272.0,311.0,Bawana_Delhi_DPCC,2020
19.0,293.0,362.0,238.0,96.0,253.0,205.0,121.0,,139.0,286.0,331.0,310.0,Bawana_Delhi_DPCC,2020
20.0,278.0,297.0,212.0,200.0,203.0,183.0,120.0,96.0,169.0,285.0,360.0,351.0,Bawana_Delhi_DPCC,2020
21.0,405.0,172.0,261.0,118.0,174.0,117.0,100.0,58.0,,289.0,295.0,363.0,Bawana_Delhi_DPCC,2020
22.0,387.0,150.0,263.0,177.0,246.0,98.0,59.0,55.0,138.0,364.0,321.0,430.0,Bawana_Delhi_DPCC,2020
23.0,236.0,238.0,130.0,169.0,247.0,106.0,122.0,69.0,122.0,400.0,322.0,449.0,Bawana_Delhi_DPCC,2020
24.0,228.0,198.0,156.0,209.0,216.0,93.0,174.0,62.0,112.0,395.0,395.0,442.0,Bawana_Delhi_DPCC,2020
25.0,316.0,286.0,93.0,121.0,180.0,119.0,103.0,88.0,153.0,408.0,467.0,392.0,Bawana_Delhi_DPCC,2020
26.0,364.0,331.0,135.0,178.0,204.0,123.0,93.0,62.0,205.0,397.0,313.0,389.0,Bawana_Delhi_DPCC,2020
27.0,,308.0,104.0,157.0,191.0,138.0,125.0,69.0,139.0,347.0,168.0,430.0,Bawana_Delhi_DPCC,2020
28.0,271.0,255.0,38.0,168.0,248.0,294.0,118.0,99.0,216.0,342.0,267.0,308.0,Bawana_Delhi_DPCC,2020
29.0,238.0,,78.0,157.0,113.0,281.0,115.0,93.0,233.0,448.0,289.0,306.0,Bawana_Delhi_DPCC,2020
30.0,245.0,,100.0,186.0,110.0,120.0,74.0,94.0,204.0,423.0,340.0,308.0,Bawana_Delhi_DPCC,2020
31.0,269.0,,145.0,,,,83.0,50.0,,404.0,,358.0,Bawana_Delhi_DPCC,2020
1.0,435.0,240.0,57.0,64.0,115.0,65.0,109.0,82.0,86.0,189.0,368.0,337.0,CRRI_Mathura_Road_Delhi_IMD,2020
2.0,414.0,230.0,180.0,54.0,93.0,118.0,119.0,87.0,57.0,203.0,298.0,355.0,CRRI_Mathura_Road_Delhi_IMD,2020
3.0,345.0,259.0,210.0,51.0,80.0,119.0,162.0,88.0,65.0,206.0,,325.0,CRRI_Mathura_Road_Delhi_IMD,2020
4.0,320.0,335.0,228.0,71.0,51.0,148.0,99.0,73.0,75.0,239.0,376.0,372.0,CRRI_Mathura_Road_Delhi_IMD,2020
5.0,330.0,317.0,68.0,129.0,97.0,98.0,62.0,85.0,89.0,199.0,433.0,387.0,CRRI_Mathura_Road_Delhi_IMD,2020
6.0,320.0,231.0,47.0,149.0,119.0,75.0,73.0,61.0,67.0,217.0,414.0,379.0,CRRI_Mathura_Road_Delhi_IMD,2020
7.0,220.0,342.0,47.0,85.0,94.0,93.0,55.0,51.0,96.0,,419.0,399.0,CRRI_Mathura_Road_Delhi_IMD,2020
8.0,279.0,282.0,123.0,79.0,92.0,113.0,42.0,79.0,93.0,234.0,429.0,384.0,CRRI_Mathura_Road_Delhi_IMD,2020
9.0,205.0,296.0,135.0,81.0,113.0,144.0,70.0,72.0,120.0,231.0,466.0,367.0,CRRI_Mathura_Road_Delhi_IMD,2020
10.0,256.0,311.0,181.0,101.0,116.0,169.0,82.0,65.0,125.0,242.0,469.0,307.0,CRRI_Mathura_Road_Delhi_IMD,2020
11.0,300.0,331.0,102.0,150.0,61.0,139.0,,69.0,135.0,227.0,326.0,335.0,CRRI_Mathura_Road_Delhi_IMD,2020
12.0,,326.0,126.0,82.0,84.0,137.0,68.0,93.0,150.0,262.0,317.0,358.0,CRRI_Mathura_Road_Delhi_IMD,2020
13.0,375.0,236.0,152.0,106.0,114.0,124.0,80.0,,151.0,310.0,319.0,299.0,CRRI_Mathura_Road_Delhi_IMD,2020
14.0,290.0,163.0,74.0,123.0,116.0,173.0,133.0,,154.0,274.0,400.0,141.0,CRRI_Mathura_Road_Delhi_IMD,2020
15.0,231.0,158.0,109.0,168.0,93.0,114.0,127.0,53.0,139.0,314.0,424.0,213.0,CRRI_Mathura_Road_Delhi_IMD,2020
16.0,265.0,236.0,132.0,175.0,186.0,110.0,62.0,39.0,162.0,257.0,190.0,273.0,CRRI_Mathura_Road_Delhi_IMD,2020
17.0,,279.0,158.0,94.0,194.0,90.0,73.0,75.0,156.0,310.0,137.0,245.0,CRRI_Mathura_Road_Delhi_IMD,2020
18.0,271.0,233.0,181.0,127.0,180.0,171.0,84.0,78.0,118.0,265.0,162.0,259.0,CRRI_Mathura_Road_Delhi_IMD,2020
19.0,293.0,313.0,186.0,81.0,200.0,136.0,57.0,86.0,122.0,255.0,240.0,297.0,CRRI_Mathura_Road_Delhi_IMD,2020
20.0,275.0,240.0,184.0,139.0,166.0,146.0,79.0,54.0,146.0,236.0,255.0,303.0,CRRI_Mathura_Road_Delhi_IMD,2020
21.0,339.0,176.0,152.0,77.0,149.0,118.0,63.0,47.0,133.0,290.0,225.0,313.0,CRRI_Mathura_Road_Delhi_IMD,2020
22.0,364.0,80.0,175.0,114.0,190.0,85.0,45.0,35.0,112.0,306.0,252.0,,CRRI_Mathura_Road_Delhi_IMD,2020
23.0,189.0,234.0,88.0,117.0,244.0,65.0,82.0,36.0,63.0,361.0,289.0,444.0,CRRI_Mathura_Road_Delhi_IMD,2020
24.0,140.0,116.0,131.0,102.0,180.0,58.0,89.0,30.0,75.0,339.0,373.0,437.0,CRRI_Mathura_Road_Delhi_IMD,2020
25.0,245.0,211.0,77.0,79.0,157.0,85.0,,49.0,213.0,350.0,372.0,360.0,CRRI_Mathura_Road_Delhi_IMD,2020
26.0,335.0,245.0,67.0,118.0,165.0,118.0,63.0,98.0,261.0,356.0,269.0,324.0,CRRI_Mathura_Road_Delhi_IMD,2020
27.0,376.0,193.0,52.0,37.0,172.0,129.0,106.0,71.0,133.0,317.0,116.0,428.0,CRRI_Mathura_Road_Delhi_IMD,2020
28.0,249.0,160.0,,57.0,207.0,228.0,92.0,77.0,249.0,308.0,200.0,240.0,CRRI_Mathura_Road_Delhi_IMD,2020
29.0,190.0,,,114.0,101.0,260.0,94.0,73.0,234.0,,215.0,307.0,CRRI_Mathura_Road_Delhi_IMD,2020
30.0,218.0,,56.0,105.0,65.0,,88.0,50.0,177.0,360.0,295.0,,CRRI_Mathura_Road_Delhi_IMD,2020
31.0,191.0,,66.0,,48.0,,76.0,38.0,,358.0,,337.0,CRRI_Mathura_Road_Delhi_IMD,2020
1.0,446.0,281.0,162.0,81.0,166.0,71.0,158.0,97.0,55.0,219.0,375.0,406.0,DTU_Delhi_CPCB,2020
2.0,,281.0,214.0,84.0,186.0,117.0,180.0,65.0,103.0,259.0,317.0,398.0,DTU_Delhi_CPCB,2020
3.0,334.0,330.0,245.0,114.0,111.0,109.0,148.0,90.0,,294.0,345.0,377.0,DTU_Delhi_CPCB,2020
4.0,388.0,333.0,226.0,114.0,160.0,147.0,120.0,82.0,102.0,205.0,387.0,447.0,DTU_Delhi_CPCB,2020
5.0,349.0,390.0,86.0,120.0,190.0,94.0,106.0,104.0,154.0,229.0,454.0,446.0,DTU_Delhi_CPCB,2020
6.0,342.0,288.0,59.0,167.0,177.0,199.0,87.0,73.0,72.0,242.0,418.0,440.0,DTU_Delhi_CPCB,2020
7.0,277.0,312.0,55.0,111.0,173.0,159.0,73.0,56.0,107.0,287.0,441.0,,DTU_Delhi_CPCB,2020
8.0,268.0,320.0,220.0,99.0,208.0,130.0,64.0,111.0,94.0,290.0,444.0,422.0,DTU_Delhi_CPCB,2020
9.0,190.0,332.0,162.0,99.0,176.0,158.0,93.0,81.0,157.0,,480.0,363.0,DTU_Delhi_CPCB,2020
10.0,287.0,,226.0,159.0,152.0,163.0,102.0,70.0,172.0,247.0,492.0,321.0,DTU_Delhi_CPCB,2020
11.0,312.0,334.0,110.0,150.0,239.0,163.0,86.0,74.0,162.0,264.0,415.0,306.0,DTU_Delhi_CPCB,2020
12.0,353.0,361.0,125.0,112.0,249.0,154.0,90.0,87.0,159.0,302.0,311.0,373.0,DTU_Delhi_CPCB,2020
13.0,364.0,301.0,213.0,154.0,174.0,134.0,91.0,46.0,157.0,331.0,360.0,296.0,DTU_Delhi_CPCB,2020
14.0,269.0,256.0,146.0,155.0,176.0,140.0,152.0,213.0,164.0,315.0,436.0,168.0,DTU_Delhi_CPCB,2020
15.0,221.0,245.0,158.0,172.0,190.0,157.0,138.0,213.0,176.0,313.0,374.0,240.0,DTU_Delhi_CPCB,2020
16.0,296.0,319.0,165.0,199.0,195.0,191.0,80.0,176.0,220.0,275.0,215.0,289.0,DTU_Delhi_CPCB,2020
17.0,314.0,344.0,198.0,120.0,230.0,243.0,80.0,64.0,153.0,335.0,196.0,282.0,DTU_Delhi_CPCB,2020
18.0,229.0,316.0,207.0,123.0,245.0,204.0,87.0,80.0,168.0,263.0,242.0,336.0,DTU_Delhi_CPCB,2020
19.0,301.0,359.0,252.0,88.0,240.0,167.0,54.0,55.0,148.0,278.0,296.0,304.0,DTU_Delhi_CPCB,2020
20.0,300.0,257.0,212.0,144.0,223.0,195.0,79.0,44.0,179.0,283.0,312.0,350.0,DTU_Delhi_CPCB,2020
21.0,418.0,138.0,256.0,97.0,187.0,172.0,66.0,53.0,164.0,272.0,271.0,366.0,DTU_Delhi_CPCB,2020
22.0,377.0,94.0,243.0,157.0,261.0,98.0,50.0,55.0,130.0,310.0,311.0,449.0,DTU_Delhi_CPCB,2020
23.0,269.0,261.0,124.0,139.0,229.0,88.0,63.0,50.0,87.0,363.0,323.0,448.0,DTU_Delhi_CPCB,2020
24.0,254.0,149.0,103.0,179.0,231.0,77.0,117.0,46.0,98.0,355.0,379.0,445.0,DTU_Delhi_CPCB,2020
25.0,311.0,310.0,68.0,99.0,188.0,114.0,73.0,53.0,131.0,361.0,440.0,388.0,DTU_Delhi_CPCB,2020
26.0,368.0,348.0,108.0,156.0,219.0,125.0,,89.0,218.0,349.0,,392.0,DTU_Delhi_CPCB,2020
27.0,387.0,284.0,89.0,212.0,187.0,156.0,,101.0,158.0,324.0,172.0,427.0,DTU_Delhi_CPCB,2020
28.0,238.0,242.0,,197.0,218.0,309.0,172.0,132.0,221.0,315.0,250.0,265.0,DTU_Delhi_CPCB,2020
29.0,,,,178.0,99.0,299.0,143.0,71.0,248.0,393.0,295.0,292.0,DTU_Delhi_CPCB,2020
30.0,222.0,,,196.0,69.0,173.0,57.0,,267.0,398.0,340.0,322.0,DTU_Delhi_CPCB,2020
31.0,270.0,,83.0,,68.0,,83.0,,,366.0,,378.0,DTU_Delhi_CPCB,2020
1.0,428.0,185.0,61.0,54.0,,,111.0,80.0,44.0,103.0,312.0,337.0,IGI_Airport_(T3)_Delhi_IMD,2020
2.0,382.0,188.0,177.0,55.0,,99.0,158.0,70.0,43.0,134.0,238.0,334.0,IGI_Airport_(T3)_Delhi_IMD,2020
3.0,334.0,238.0,181.0,55.0,,97.0,159.0,81.0,108.0,197.0,271.0,304.0,IGI_Airport_(T3)_Delhi_IMD,2020
4.0,304.0,247.0,189.0,64.0,,,99.0,68.0,95.0,162.0,317.0,341.0,IGI_Airport_(T3)_Delhi_IMD,2020
5.0,310.0,278.0,66.0,104.0,,,60.0,133.0,111.0,157.0,437.0,362.0,IGI_Airport_(T3)_Delhi_IMD,2020
6.0,301.0,207.0,52.0,125.0,,,79.0,97.0,45.0,157.0,387.0,357.0,IGI_Airport_(T3)_Delhi_IMD,2020
7.0,,264.0,43.0,77.0,,,69.0,80.0,91.0,202.0,421.0,337.0,IGI_Airport_(T3)_Delhi_IMD,2020
8.0,209.0,226.0,136.0,74.0,62.0,,37.0,102.0,49.0,181.0,400.0,366.0,IGI_Airport_(T3)_Delhi_IMD,2020
9.0,144.0,189.0,104.0,59.0,91.0,,63.0,76.0,105.0,173.0,480.0,369.0,IGI_Airport_(T3)_Delhi_IMD,2020
10.0,185.0,228.0,140.0,112.0,88.0,,62.0,80.0,115.0,199.0,485.0,271.0,IGI_Airport_(T3)_Delhi_IMD,2020
11.0,221.0,310.0,106.0,94.0,81.0,109.0,64.0,75.0,163.0,197.0,284.0,248.0,IGI_Airport_(T3)_Delhi_IMD,2020
12.0,,264.0,123.0,73.0,94.0,132.0,65.0,65.0,194.0,215.0,258.0,306.0,IGI_Airport_(T3)_Delhi_IMD,2020
13.0,306.0,197.0,164.0,123.0,,122.0,67.0,38.0,134.0,290.0,302.0,249.0,IGI_Airport_(T3)_Delhi_IMD,2020
14.0,182.0,117.0,104.0,116.0,100.0,,117.0,47.0,140.0,257.0,394.0,113.0,IGI_Airport_(T3)_Delhi_IMD,2020
15.0,142.0,113.0,195.0,142.0,92.0,,129.0,83.0,117.0,314.0,405.0,175.0,IGI_Airport_(T3)_Delhi_IMD,2020
16.0,238.0,180.0,,147.0,143.0,,78.0,43.0,146.0,218.0,200.0,223.0,IGI_Airport_(T3)_Delhi_IMD,2020
17.0,235.0,233.0,124.0,77.0,,106.0,90.0,64.0,103.0,267.0,157.0,228.0,IGI_Airport_(T3)_Delhi_IMD,2020
18.0,234.0,192.0,151.0,72.0,155.0,114.0,92.0,69.0,106.0,250.0,174.0,219.0,IGI_Airport_(T3)_Delhi_IMD,2020
19.0,246.0,231.0,162.0,68.0,185.0,171.0,54.0,42.0,91.0,231.0,248.0,236.0,IGI_Airport_(T3)_Delhi_IMD,2020
20.0,195.0,195.0,149.0,88.0,129.0,160.0,50.0,41.0,149.0,195.0,237.0,270.0,IGI_Airport_(T3)_Delhi_IMD,2020
21.0,319.0,119.0,151.0,64.0,122.0,96.0,57.0,78.0,101.0,226.0,234.0,284.0,IGI_Airport_(T3)_Delhi_IMD,2020
22.0,327.0,78.0,174.0,103.0,142.0,91.0,39.0,103.0,93.0,246.0,224.0,,IGI_Airport_(T3)_Delhi_IMD,2020
23.0,178.0,196.0,79.0,86.0,139.0,78.0,45.0,93.0,72.0,339.0,264.0,430.0,IGI_Airport_(T3)_Delhi_IMD,2020
24.0,100.0,124.0,91.0,105.0,139.0,69.0,120.0,81.0,322.0,310.0,335.0,403.0,IGI_Airport_(T3)_Delhi_IMD,2020
25.0,177.0,199.0,60.0,58.0,128.0,73.0,,58.0,403.0,321.0,367.0,364.0,IGI_Airport_(T3)_Delhi_IMD,2020
26.0,289.0,235.0,56.0,92.0,,94.0,101.0,36.0,158.0,295.0,277.0,291.0,IGI_Airport_(T3)_Delhi_IMD,2020
27.0,308.0,174.0,45.0,33.0,142.0,102.0,157.0,44.0,67.0,303.0,110.0,363.0,IGI_Airport_(T3)_Delhi_IMD,2020
28.0,198.0,170.0,31.0,52.0,180.0,211.0,68.0,78.0,143.0,290.0,194.0,223.0,IGI_Airport_(T3)_Delhi_IMD,2020
29.0,147.0,,45.0,94.0,95.0,227.0,93.0,99.0,149.0,392.0,213.0,237.0,IGI_Airport_(T3)_Delhi_IMD,2020
30.0,146.0,,51.0,,,151.0,46.0,137.0,123.0,361.0,294.0,,IGI_Airport_(T3)_Delhi_IMD,2020
31.0,138.0,,51.0,,,,137.0,34.0,,344.0,,333.0,IGI_Airport_(T3)_Delhi_IMD,2020
1.0,443.0,215.0,77.0,95.0,175.0,107.0,129.0,94.0,78.0,158.0,351.0,347.0,ITO_Delhi_CPCB,2020
2.0,470.0,242.0,248.0,89.0,128.0,172.0,153.0,61.0,64.0,166.0,283.0,364.0,ITO_Delhi_CPCB,2020
3.0,347.0,268.0,243.0,61.0,139.0,177.0,241.0,63.0,62.0,202.0,331.0,314.0,ITO_Delhi_CPCB,2020
4.0,340.0,323.0,250.0,60.0,189.0,215.0,149.0,63.0,,181.0,307.0,355.0,ITO_Delhi_CPCB,2020
5.0,311.0,322.0,87.0,90.0,214.0,199.0,116.0,86.0,62.0,173.0,452.0,392.0,ITO_Delhi_CPCB,2020
6.0,309.0,221.0,60.0,95.0,257.0,194.0,,81.0,39.0,172.0,457.0,378.0,ITO_Delhi_CPCB,2020
7.0,254.0,,53.0,66.0,207.0,220.0,104.0,67.0,57.0,207.0,434.0,382.0,ITO_Delhi_CPCB,2020
8.0,277.0,318.0,177.0,60.0,189.0,197.0,,103.0,41.0,204.0,368.0,366.0,ITO_Delhi_CPCB,2020
9.0,187.0,,79.0,67.0,,252.0,103.0,,70.0,,460.0,342.0,ITO_Delhi_CPCB,2020
10.0,238.0,,166.0,124.0,,250.0,98.0,82.0,83.0,263.0,476.0,274.0,ITO_Delhi_CPCB,2020
11.0,,,134.0,167.0,,254.0,108.0,81.0,85.0,259.0,,318.0,ITO_Delhi_CPCB,2020
12.0,,316.0,212.0,81.0,100.0,259.0,108.0,77.0,98.0,302.0,,371.0,ITO_Delhi_CPCB,2020
13.0,,215.0,134.0,153.0,191.0,132.0,110.0,56.0,107.0,323.0,437.0,328.0,ITO_Delhi_CPCB,2020
14.0,334.0,137.0,90.0,163.0,156.0,161.0,99.0,70.0,111.0,335.0,431.0,169.0,ITO_Delhi_CPCB,2020
15.0,273.0,115.0,121.0,,116.0,119.0,132.0,82.0,,342.0,500.0,239.0,ITO_Delhi_CPCB,2020
16.0,288.0,227.0,,270.0,193.0,106.0,101.0,70.0,143.0,274.0,,270.0,ITO_Delhi_CPCB,2020
17.0,234.0,284.0,143.0,101.0,185.0,103.0,118.0,75.0,103.0,312.0,177.0,251.0,ITO_Delhi_CPCB,2020
18.0,248.0,240.0,132.0,202.0,,102.0,128.0,88.0,77.0,275.0,237.0,273.0,ITO_Delhi_CPCB,2020
19.0,288.0,278.0,219.0,,201.0,112.0,,67.0,,261.0,297.0,277.0,ITO_Delhi_CPCB,2020
20.0,276.0,270.0,245.0,,121.0,107.0,88.0,74.0,163.0,227.0,318.0,322.0,ITO_Delhi_CPCB,2020
21.0,352.0,,232.0,,111.0,107.0,,68.0,114.0,255.0,258.0,337.0,ITO_Delhi_CPCB,2020
22.0,378.0,,154.0,232.0,213.0,104.0,,50.0,107.0,315.0,299.0,429.0,ITO_Delhi_CPCB,2020
23.0,215.0,,202.0,283.0,210.0,106.0,66.0,47.0,79.0,343.0,309.0,433.0,ITO_Delhi_CPCB,2020
24.0,,300.0,213.0,292.0,192.0,111.0,110.0,70.0,79.0,337.0,402.0,434.0,ITO_Delhi_CPCB,2020
25.0,266.0,319.0,,,199.0,102.0,97.0,87.0,,310.0,434.0,354.0,ITO_Delhi_CPCB,2020
26.0,315.0,315.0,,,186.0,145.0,129.0,85.0,,327.0,336.0,336.0,ITO_Delhi_CPCB,2020
27.0,322.0,314.0,,,131.0,90.0,104.0,70.0,,266.0,176.0,391.0,ITO_Delhi_CPCB,2020
28.0,231.0,241.0,,,163.0,125.0,60.0,86.0,,316.0,268.0,173.0,ITO_Delhi_CPCB,2020
29.0,184.0,,122.0,130.0,110.0,142.0,81.0,79.0,,395.0,,179.0,ITO_Delhi_CPCB,2020
30.0,180.0,,96.0,112.0,104.0,109.0,55.0,85.0,150.0,368.0,342.0,234.0,ITO_Delhi_CPCB,2020
31.0,199.0,,57.0,,98.0,,87.0,79.0,,343.0,,334.0,ITO_Delhi_CPCB,2020
1.0,448.0,296.0,82.0,109.0,142.0,63.0,115.0,78.0,54.0,174.0,427.0,438.0,Jahangirpuri_Delhi_DPCC,2020
2.0,424.0,329.0,225.0,89.0,109.0,136.0,122.0,68.0,62.0,218.0,357.0,410.0,Jahangirpuri_Delhi_DPCC,2020
3.0,406.0,333.0,238.0,95.0,96.0,111.0,147.0,85.0,98.0,243.0,365.0,387.0,Jahangirpuri_Delhi_DPCC,2020
4.0,424.0,348.0,,131.0,60.0,165.0,79.0,71.0,,235.0,417.0,463.0,Jahangirpuri_Delhi_DPCC,2020
5.0,395.0,355.0,77.0,147.0,99.0,104.0,,84.0,,219.0,468.0,458.0,Jahangirpuri_Delhi_DPCC,2020
6.0,380.0,298.0,102.0,188.0,119.0,94.0,81.0,64.0,65.0,228.0,460.0,437.0,Jahangirpuri_Delhi_DPCC,2020
7.0,291.0,334.0,109.0,111.0,,110.0,70.0,45.0,94.0,268.0,456.0,452.0,Jahangirpuri_Delhi_DPCC,2020
8.0,274.0,355.0,242.0,100.0,110.0,102.0,46.0,88.0,83.0,264.0,477.0,433.0,Jahangirpuri_Delhi_DPCC,2020
9.0,280.0,356.0,152.0,99.0,122.0,134.0,89.0,131.0,138.0,257.0,496.0,408.0,Jahangirpuri_Delhi_DPCC,2020
10.0,348.0,368.0,272.0,152.0,110.0,146.0,80.0,78.0,145.0,271.0,,350.0,Jahangirpuri_Delhi_DPCC,2020
11.0,346.0,359.0,,160.0,72.0,,72.0,,144.0,286.0,402.0,347.0,Jahangirpuri_Delhi_DPCC,2020
12.0,396.0,388.0,132.0,112.0,106.0,137.0,72.0,78.0,129.0,317.0,351.0,400.0,Jahangirpuri_Delhi_DPCC,2020
13.0,406.0,302.0,212.0,136.0,152.0,,,47.0,161.0,336.0,399.0,360.0,Jahangirpuri_Delhi_DPCC,2020
14.0,337.0,214.0,112.0,136.0,149.0,151.0,145.0,53.0,179.0,306.0,473.0,264.0,Jahangirpuri_Delhi_DPCC,2020
15.0,306.0,222.0,155.0,182.0,99.0,128.0,124.0,63.0,153.0,325.0,460.0,343.0,Jahangirpuri_Delhi_DPCC,2020
16.0,357.0,322.0,,219.0,220.0,120.0,78.0,46.0,168.0,300.0,231.0,355.0,Jahangirpuri_Delhi_DPCC,2020
17.0,342.0,,,118.0,227.0,100.0,76.0,66.0,146.0,324.0,213.0,351.0,Jahangirpuri_Delhi_DPCC,2020
18.0,296.0,275.0,,88.0,229.0,88.0,86.0,80.0,124.0,296.0,290.0,370.0,Jahangirpuri_Delhi_DPCC,2020
19.0,356.0,329.0,,83.0,244.0,130.0,,,125.0,313.0,332.0,358.0,Jahangirpuri_Delhi_DPCC,2020
20.0,323.0,250.0,174.0,166.0,176.0,137.0,,41.0,167.0,289.0,362.0,384.0,Jahangirpuri_Delhi_DPCC,2020
21.0,417.0,127.0,215.0,103.0,164.0,109.0,64.0,,162.0,337.0,305.0,391.0,Jahangirpuri_Delhi_DPCC,2020
22.0,404.0,169.0,235.0,,250.0,87.0,71.0,,131.0,340.0,339.0,477.0,Jahangirpuri_Delhi_DPCC,2020
23.0,,216.0,156.0,132.0,,86.0,78.0,56.0,75.0,407.0,385.0,475.0,Jahangirpuri_Delhi_DPCC,2020
24.0,,161.0,121.0,114.0,213.0,70.0,129.0,40.0,80.0,381.0,434.0,453.0,Jahangirpuri_Delhi_DPCC,2020
25.0,359.0,276.0,87.0,92.0,171.0,85.0,70.0,55.0,127.0,410.0,472.0,410.0,Jahangirpuri_Delhi_DPCC,2020
26.0,393.0,319.0,,126.0,169.0,108.0,98.0,58.0,202.0,398.0,329.0,414.0,Jahangirpuri_Delhi_DPCC,2020
27.0,396.0,247.0,81.0,76.0,191.0,124.0,131.0,84.0,121.0,355.0,215.0,446.0,Jahangirpuri_Delhi_DPCC,2020
28.0,246.0,200.0,79.0,76.0,197.0,231.0,,100.0,166.0,362.0,270.0,305.0,Jahangirpuri_Delhi_DPCC,2020
29.0,240.0,,77.0,,,272.0,104.0,69.0,194.0,430.0,325.0,348.0,Jahangirpuri_Delhi_DPCC,2020
30.0,271.0,,85.0,112.0,46.0,106.0,55.0,58.0,175.0,420.0,388.0,373.0,Jahangirpuri_Delhi_DPCC,2020
31.0,273.0,,106.0,,49.0,,81.0,45.0,,419.0,,419.0,Jahangirpuri_Delhi_DPCC,2020
1.0,448.0,221.0,66.0,58.0,154.0,224.0,108.0,62.0,,138.0,347.0,364.0,Jawaharlal_Nehru_Stadium_Delhi_DPCC,2020
2.0,431.0,263.0,234.0,63.0,111.0,183.0,111.0,44.0,,146.0,265.0,377.0,Jawaharlal_Nehru_Stadium_Delhi_DPCC,2020
3.0,367.0,258.0,199.0,80.0,86.0,132.0,136.0,51.0,,158.0,268.0,339.0,Jawaharlal_Nehru_Stadium_Delhi_DPCC,2020
4.0,332.0,309.0,196.0,77.0,88.0,119.0,94.0,47.0,84.0,148.0,304.0,358.0,Jawaharlal_Nehru_Stadium_Delhi_DPCC,2020
5.0,318.0,305.0,75.0,84.0,108.0,86.0,55.0,56.0,192.0,155.0,446.0,401.0,Jawaharlal_Nehru_Stadium_Delhi_DPCC,2020
6.0,319.0,220.0,57.0,140.0,128.0,78.0,,52.0,,152.0,396.0,391.0,Jawaharlal_Nehru_Stadium_Delhi_DPCC,2020
7.0,242.0,288.0,60.0,86.0,150.0,84.0,46.0,34.0,,158.0,412.0,386.0,Jawaharlal_Nehru_Stadium_Delhi_DPCC,2020
8.0,286.0,285.0,140.0,86.0,122.0,115.0,26.0,49.0,210.0,162.0,395.0,381.0,Jawaharlal_Nehru_Stadium_Delhi_DPCC,2020
9.0,221.0,284.0,105.0,84.0,181.0,117.0,52.0,46.0,117.0,170.0,456.0,352.0,Jawaharlal_Nehru_Stadium_Delhi_DPCC,2020
10.0,264.0,303.0,183.0,110.0,132.0,202.0,55.0,46.0,125.0,177.0,498.0,273.0,Jawaharlal_Nehru_Stadium_Delhi_DPCC,2020
11.0,307.0,314.0,118.0,120.0,100.0,195.0,38.0,50.0,209.0,185.0,302.0,302.0,Jawaharlal_Nehru_Stadium_Delhi_DPCC,2020
12.0,358.0,315.0,125.0,89.0,104.0,175.0,51.0,42.0,178.0,,274.0,364.0,Jawaharlal_Nehru_Stadium_Delhi_DPCC,2020
13.0,386.0,237.0,162.0,117.0,173.0,121.0,56.0,44.0,124.0,271.0,304.0,,Jawaharlal_Nehru_Stadium_Delhi_DPCC,2020
14.0,303.0,146.0,101.0,105.0,109.0,151.0,109.0,40.0,123.0,269.0,401.0,145.0,Jawaharlal_Nehru_Stadium_Delhi_DPCC,2020
15.0,234.0,169.0,94.0,164.0,177.0,194.0,,43.0,114.0,287.0,439.0,227.0,Jawaharlal_Nehru_Stadium_Delhi_DPCC,2020
16.0,282.0,230.0,119.0,162.0,172.0,190.0,51.0,35.0,127.0,186.0,237.0,261.0,Jawaharlal_Nehru_Stadium_Delhi_DPCC,2020
17.0,237.0,322.0,128.0,94.0,185.0,93.0,68.0,46.0,110.0,273.0,169.0,290.0,Jawaharlal_Nehru_Stadium_Delhi_DPCC,2020
18.0,249.0,254.0,129.0,84.0,161.0,88.0,74.0,60.0,101.0,246.0,200.0,287.0,Jawaharlal_Nehru_Stadium_Delhi_DPCC,2020
19.0,300.0,,148.0,84.0,146.0,155.0,40.0,50.0,178.0,217.0,275.0,288.0,Jawaharlal_Nehru_Stadium_Delhi_DPCC,2020
20.0,279.0,245.0,168.0,84.0,169.0,152.0,33.0,46.0,176.0,193.0,291.0,327.0,Jawaharlal_Nehru_Stadium_Delhi_DPCC,2020
21.0,356.0,162.0,151.0,89.0,130.0,95.0,47.0,38.0,246.0,209.0,244.0,338.0,Jawaharlal_Nehru_Stadium_Delhi_DPCC,2020
22.0,375.0,84.0,165.0,99.0,151.0,,42.0,32.0,103.0,237.0,263.0,404.0,Jawaharlal_Nehru_Stadium_Delhi_DPCC,2020
23.0,206.0,215.0,86.0,102.0,161.0,,33.0,32.0,,333.0,263.0,394.0,Jawaharlal_Nehru_Stadium_Delhi_DPCC,2020
24.0,124.0,172.0,108.0,99.0,161.0,57.0,68.0,35.0,233.0,,369.0,439.0,Jawaharlal_Nehru_Stadium_Delhi_DPCC,2020
25.0,236.0,,63.0,87.0,137.0,,40.0,39.0,197.0,317.0,399.0,360.0,Jawaharlal_Nehru_Stadium_Delhi_DPCC,2020
26.0,308.0,244.0,72.0,,146.0,90.0,49.0,31.0,151.0,332.0,314.0,338.0,Jawaharlal_Nehru_Stadium_Delhi_DPCC,2020
27.0,354.0,212.0,56.0,78.0,167.0,111.0,60.0,44.0,173.0,302.0,112.0,408.0,Jawaharlal_Nehru_Stadium_Delhi_DPCC,2020
28.0,251.0,198.0,44.0,86.0,225.0,,55.0,,141.0,282.0,234.0,230.0,Jawaharlal_Nehru_Stadium_Delhi_DPCC,2020
29.0,182.0,,57.0,97.0,98.0,253.0,64.0,68.0,156.0,367.0,244.0,235.0,Jawaharlal_Nehru_Stadium_Delhi_DPCC,2020
30.0,237.0,,65.0,154.0,80.0,92.0,37.0,58.0,138.0,341.0,305.0,285.0,Jawaharlal_Nehru_Stadium_Delhi_DPCC,2020
31.0,176.0,,73.0,,54.0,,51.0,,,339.0,,346.0,Jawaharlal_Nehru_Stadium_Delhi_DPCC,2020
1.0,,150.0,106.0,56.0,181.0,61.0,110.0,80.0,38.0,120.0,301.0,300.0,Lodhi_Road_Delhi_IMD,2020
2.0,,162.0,124.0,52.0,81.0,117.0,125.0,44.0,45.0,127.0,216.0,338.0,Lodhi_Road_Delhi_IMD,2020
3.0,286.0,201.0,140.0,62.0,69.0,93.0,203.0,55.0,64.0,134.0,206.0,304.0,Lodhi_Road_Delhi_IMD,2020
4.0,290.0,245.0,139.0,56.0,,158.0,179.0,54.0,68.0,126.0,241.0,327.0,Lodhi_Road_Delhi_IMD,2020
5.0,,238.0,64.0,63.0,166.0,109.0,,68.0,64.0,135.0,393.0,362.0,Lodhi_Road_Delhi_IMD,2020
6.0,259.0,145.0,40.0,113.0,172.0,67.0,147.0,60.0,41.0,132.0,344.0,351.0,Lodhi_Road_Delhi_IMD,2020
7.0,223.0,228.0,43.0,75.0,159.0,79.0,51.0,44.0,66.0,138.0,360.0,,Lodhi_Road_Delhi_IMD,2020
8.0,222.0,202.0,108.0,79.0,93.0,87.0,42.0,79.0,52.0,135.0,325.0,340.0,Lodhi_Road_Delhi_IMD,2020
9.0,186.0,213.0,81.0,63.0,111.0,194.0,87.0,89.0,87.0,144.0,,306.0,Lodhi_Road_Delhi_IMD,2020
10.0,182.0,230.0,124.0,86.0,,236.0,54.0,88.0,89.0,149.0,465.0,238.0,Lodhi_Road_Delhi_IMD,2020
11.0,229.0,266.0,103.0,93.0,,196.0,46.0,122.0,104.0,149.0,215.0,242.0,Lodhi_Road_Delhi_IMD,2020
12.0,,239.0,116.0,97.0,,182.0,55.0,79.0,103.0,191.0,231.0,324.0,Lodhi_Road_Delhi_IMD,2020
13.0,325.0,161.0,134.0,103.0,,101.0,64.0,33.0,122.0,178.0,275.0,262.0,Lodhi_Road_Delhi_IMD,2020
14.0,248.0,119.0,91.0,168.0,,145.0,120.0,33.0,137.0,163.0,358.0,92.0,Lodhi_Road_Delhi_IMD,2020
15.0,142.0,121.0,88.0,175.0,,94.0,117.0,61.0,112.0,185.0,428.0,166.0,Lodhi_Road_Delhi_IMD,2020
16.0,219.0,148.0,100.0,172.0,,116.0,68.0,36.0,124.0,144.0,213.0,168.0,Lodhi_Road_Delhi_IMD,2020
17.0,185.0,193.0,104.0,116.0,,103.0,82.0,,101.0,203.0,126.0,212.0,Lodhi_Road_Delhi_IMD,2020
18.0,180.0,168.0,106.0,156.0,,134.0,93.0,60.0,89.0,178.0,136.0,222.0,Lodhi_Road_Delhi_IMD,2020
19.0,215.0,208.0,121.0,98.0,,155.0,,37.0,98.0,173.0,215.0,245.0,Lodhi_Road_Delhi_IMD,2020
20.0,213.0,193.0,137.0,84.0,,,,38.0,116.0,141.0,207.0,288.0,Lodhi_Road_Delhi_IMD,2020
21.0,294.0,145.0,139.0,64.0,,,58.0,46.0,113.0,139.0,198.0,285.0,Lodhi_Road_Delhi_IMD,2020
22.0,322.0,70.0,145.0,155.0,,88.0,40.0,33.0,97.0,204.0,221.0,,Lodhi_Road_Delhi_IMD,2020
23.0,147.0,150.0,73.0,132.0,,89.0,61.0,35.0,57.0,288.0,213.0,381.0,Lodhi_Road_Delhi_IMD,2020
24.0,105.0,101.0,95.0,,124.0,77.0,85.0,25.0,70.0,241.0,313.0,381.0,Lodhi_Road_Delhi_IMD,2020
25.0,170.0,171.0,56.0,,118.0,121.0,,37.0,98.0,273.0,347.0,317.0,Lodhi_Road_Delhi_IMD,2020
26.0,259.0,199.0,,84.0,117.0,108.0,64.0,34.0,122.0,271.0,270.0,300.0,Lodhi_Road_Delhi_IMD,2020
27.0,280.0,,,57.0,126.0,134.0,74.0,40.0,85.0,245.0,79.0,364.0,Lodhi_Road_Delhi_IMD,2020
28.0,194.0,157.0,32.0,157.0,189.0,191.0,63.0,46.0,126.0,205.0,183.0,,Lodhi_Road_Delhi_IMD,2020
29.0,134.0,,44.0,130.0,76.0,225.0,71.0,79.0,140.0,305.0,208.0,200.0,Lodhi_Road_Delhi_IMD,2020
30.0,,,53.0,160.0,54.0,93.0,36.0,54.0,126.0,286.0,272.0,,Lodhi_Road_Delhi_IMD,2020
31.0,103.0,,53.0,,48.0,,68.0,31.0,,280.0,,316.0,Lodhi_Road_Delhi_IMD,2020
1.0,428.0,245.0,83.0,,197.0,,132.0,72.0,73.0,161.0,398.0,405.0,Narela_Delhi_DPCC,2020
2.0,383.0,230.0,180.0,,120.0,121.0,145.0,36.0,63.0,184.0,324.0,368.0,Narela_Delhi_DPCC,2020
3.0,329.0,281.0,193.0,,108.0,131.0,179.0,47.0,130.0,202.0,338.0,384.0,Narela_Delhi_DPCC,2020
4.0,332.0,320.0,237.0,,107.0,156.0,114.0,68.0,111.0,216.0,419.0,444.0,Narela_Delhi_DPCC,2020
5.0,322.0,313.0,86.0,,,107.0,70.0,103.0,129.0,184.0,456.0,451.0,Narela_Delhi_DPCC,2020
6.0,327.0,256.0,61.0,,192.0,114.0,106.0,89.0,61.0,186.0,418.0,424.0,Narela_Delhi_DPCC,2020
7.0,242.0,308.0,58.0,,184.0,132.0,77.0,,95.0,260.0,419.0,415.0,Narela_Delhi_DPCC,2020
8.0,196.0,301.0,163.0,,231.0,110.0,47.0,91.0,64.0,223.0,447.0,429.0,Narela_Delhi_DPCC,2020
9.0,170.0,313.0,112.0,,272.0,165.0,76.0,55.0,109.0,242.0,487.0,356.0,Narela_Delhi_DPCC,2020
10.0,249.0,316.0,195.0,,143.0,165.0,69.0,73.0,108.0,259.0,,274.0,Narela_Delhi_DPCC,2020
11.0,,313.0,110.0,,203.0,,61.0,71.0,125.0,240.0,356.0,289.0,Narela_Delhi_DPCC,2020
12.0,331.0,336.0,121.0,,189.0,179.0,81.0,64.0,173.0,291.0,336.0,382.0,Narela_Delhi_DPCC,2020
13.0,374.0,246.0,203.0,,199.0,204.0,74.0,93.0,151.0,327.0,358.0,284.0,Narela_Delhi_DPCC,2020
14.0,290.0,206.0,127.0,,229.0,172.0,139.0,46.0,156.0,300.0,464.0,169.0,Narela_Delhi_DPCC,2020
15.0,219.0,162.0,146.0,,156.0,154.0,153.0,79.0,146.0,331.0,467.0,213.0,Narela_Delhi_DPCC,2020
16.0,,290.0,141.0,,194.0,134.0,90.0,62.0,157.0,255.0,214.0,240.0,Narela_Delhi_DPCC,2020
17.0,295.0,290.0,169.0,,225.0,131.0,87.0,83.0,132.0,291.0,162.0,,Narela_Delhi_DPCC,2020
18.0,241.0,283.0,172.0,,229.0,110.0,110.0,90.0,122.0,247.0,258.0,290.0,Narela_Delhi_DPCC,2020
19.0,264.0,324.0,209.0,,265.0,154.0,98.0,49.0,126.0,241.0,299.0,256.0,Narela_Delhi_DPCC,2020
20.0,263.0,264.0,218.0,,201.0,159.0,40.0,44.0,162.0,221.0,292.0,,Narela_Delhi_DPCC,2020
21.0,379.0,140.0,267.0,,182.0,114.0,63.0,51.0,144.0,324.0,262.0,,Narela_Delhi_DPCC,2020
22.0,360.0,113.0,249.0,153.0,258.0,92.0,59.0,56.0,138.0,374.0,280.0,432.0,Narela_Delhi_DPCC,2020
23.0,181.0,247.0,125.0,158.0,264.0,98.0,60.0,,114.0,372.0,320.0,409.0,Narela_Delhi_DPCC,2020
24.0,152.0,134.0,145.0,194.0,229.0,71.0,101.0,91.0,105.0,373.0,376.0,393.0,Narela_Delhi_DPCC,2020
25.0,288.0,274.0,96.0,116.0,182.0,102.0,76.0,80.0,139.0,373.0,447.0,340.0,Narela_Delhi_DPCC,2020
26.0,347.0,319.0,104.0,181.0,210.0,121.0,88.0,49.0,169.0,373.0,,339.0,Narela_Delhi_DPCC,2020
27.0,343.0,286.0,83.0,99.0,194.0,116.0,107.0,73.0,120.0,325.0,,420.0,Narela_Delhi_DPCC,2020
28.0,258.0,238.0,42.0,160.0,245.0,,76.0,95.0,157.0,319.0,248.0,314.0,Narela_Delhi_DPCC,2020
29.0,208.0,,84.0,158.0,121.0,285.0,102.0,68.0,200.0,414.0,290.0,,Narela_Delhi_DPCC,2020
30.0,187.0,,84.0,181.0,77.0,,60.0,89.0,174.0,381.0,357.0,285.0,Narela_Delhi_DPCC,2020
31.0,194.0,,,,88.0,,80.0,35.0,,362.0,,356.0,Narela_Delhi_DPCC,2020
1.0,,225.0,62.0,70.0,105.0,67.0,96.0,,,140.0,379.0,354.0,North_Campus_DU_Delhi_IMD,2020
2.0,,218.0,171.0,64.0,62.0,85.0,106.0,,46.0,,294.0,352.0,North_Campus_DU_Delhi_IMD,2020
3.0,303.0,,115.0,61.0,77.0,95.0,150.0,,66.0,166.0,274.0,320.0,North_Campus_DU_Delhi_IMD,2020
4.0,328.0,297.0,152.0,65.0,,126.0,87.0,,62.0,158.0,333.0,374.0,North_Campus_DU_Delhi_IMD,2020
5.0,277.0,340.0,70.0,,91.0,96.0,60.0,,90.0,155.0,455.0,388.0,North_Campus_DU_Delhi_IMD,2020
6.0,293.0,205.0,43.0,107.0,96.0,57.0,,,,156.0,397.0,372.0,North_Campus_DU_Delhi_IMD,2020
7.0,,271.0,46.0,75.0,87.0,86.0,45.0,,,210.0,421.0,384.0,North_Campus_DU_Delhi_IMD,2020
8.0,224.0,263.0,160.0,71.0,93.0,83.0,41.0,,64.0,196.0,,366.0,North_Campus_DU_Delhi_IMD,2020
9.0,140.0,262.0,86.0,69.0,118.0,107.0,,,94.0,,485.0,314.0,North_Campus_DU_Delhi_IMD,2020
10.0,192.0,283.0,178.0,75.0,120.0,132.0,46.0,,96.0,,,222.0,North_Campus_DU_Delhi_IMD,2020
11.0,,296.0,98.0,,77.0,116.0,40.0,,131.0,213.0,339.0,262.0,North_Campus_DU_Delhi_IMD,2020
12.0,,315.0,108.0,81.0,88.0,115.0,,,106.0,,306.0,330.0,North_Campus_DU_Delhi_IMD,2020
13.0,312.0,197.0,144.0,92.0,124.0,114.0,,,116.0,,326.0,278.0,North_Campus_DU_Delhi_IMD,2020
14.0,245.0,143.0,83.0,92.0,139.0,164.0,,,121.0,292.0,,142.0,North_Campus_DU_Delhi_IMD,2020
15.0,145.0,121.0,89.0,148.0,81.0,96.0,,,117.0,,443.0,188.0,North_Campus_DU_Delhi_IMD,2020
16.0,244.0,184.0,110.0,,144.0,92.0,,,123.0,246.0,,,North_Campus_DU_Delhi_IMD,2020
17.0,215.0,245.0,128.0,78.0,170.0,78.0,,,108.0,271.0,100.0,,North_Campus_DU_Delhi_IMD,2020
18.0,167.0,167.0,113.0,86.0,165.0,70.0,,,,197.0,157.0,251.0,North_Campus_DU_Delhi_IMD,2020
19.0,242.0,222.0,123.0,82.0,189.0,119.0,,31.0,96.0,244.0,240.0,261.0,North_Campus_DU_Delhi_IMD,2020
20.0,243.0,171.0,143.0,97.0,118.0,123.0,,42.0,121.0,218.0,236.0,306.0,North_Campus_DU_Delhi_IMD,2020
21.0,344.0,119.0,145.0,89.0,114.0,91.0,,71.0,121.0,221.0,,325.0,North_Campus_DU_Delhi_IMD,2020
22.0,349.0,109.0,151.0,92.0,168.0,68.0,,,107.0,285.0,,,North_Campus_DU_Delhi_IMD,2020
23.0,164.0,172.0,84.0,96.0,184.0,45.0,,41.0,58.0,356.0,,432.0,North_Campus_DU_Delhi_IMD,2020
24.0,101.0,108.0,85.0,88.0,162.0,50.0,,34.0,67.0,333.0,363.0,395.0,North_Campus_DU_Delhi_IMD,2020
25.0,215.0,179.0,,79.0,132.0,61.0,,37.0,98.0,357.0,,327.0,North_Campus_DU_Delhi_IMD,2020
26.0,329.0,253.0,62.0,90.0,120.0,96.0,,38.0,123.0,353.0,270.0,325.0,North_Campus_DU_Delhi_IMD,2020
27.0,360.0,184.0,62.0,84.0,125.0,93.0,,,101.0,297.0,100.0,371.0,North_Campus_DU_Delhi_IMD,2020
28.0,234.0,159.0,58.0,94.0,171.0,183.0,,49.0,122.0,291.0,182.0,229.0,North_Campus_DU_Delhi_IMD,2020
29.0,173.0,,,96.0,88.0,199.0,,69.0,167.0,383.0,,231.0,North_Campus_DU_Delhi_IMD,2020
30.0,173.0,,59.0,93.0,60.0,83.0,,,152.0,343.0,,,North_Campus_DU_Delhi_IMD,2020
31.0,157.0,,62.0,,62.0,,,,,342.0,,354.0,North_Campus_DU_Delhi_IMD,2020
1.0,444.0,253.0,75.0,73.0,,180.0,109.0,82.0,45.0,151.0,321.0,353.0,NSIT_Dwarka_Delhi_CPCB,2020
2.0,448.0,270.0,208.0,74.0,,116.0,136.0,59.0,61.0,160.0,274.0,354.0,NSIT_Dwarka_Delhi_CPCB,2020
3.0,357.0,298.0,220.0,74.0,74.0,110.0,182.0,67.0,73.0,176.0,294.0,266.0,NSIT_Dwarka_Delhi_CPCB,2020
4.0,330.0,321.0,166.0,75.0,,150.0,103.0,67.0,72.0,161.0,318.0,306.0,NSIT_Dwarka_Delhi_CPCB,2020
5.0,318.0,308.0,57.0,81.0,,83.0,72.0,90.0,91.0,197.0,453.0,346.0,NSIT_Dwarka_Delhi_CPCB,2020
6.0,323.0,258.0,64.0,125.0,130.0,82.0,93.0,77.0,51.0,179.0,394.0,353.0,NSIT_Dwarka_Delhi_CPCB,2020
7.0,263.0,293.0,64.0,79.0,109.0,98.0,78.0,55.0,97.0,184.0,445.0,426.0,NSIT_Dwarka_Delhi_CPCB,2020
8.0,241.0,310.0,142.0,74.0,167.0,91.0,63.0,76.0,70.0,177.0,363.0,341.0,NSIT_Dwarka_Delhi_CPCB,2020
9.0,214.0,312.0,119.0,83.0,173.0,138.0,98.0,84.0,110.0,185.0,487.0,341.0,NSIT_Dwarka_Delhi_CPCB,2020
10.0,272.0,337.0,158.0,123.0,146.0,135.0,69.0,66.0,118.0,189.0,294.0,246.0,NSIT_Dwarka_Delhi_CPCB,2020
11.0,329.0,367.0,90.0,94.0,150.0,112.0,96.0,70.0,132.0,192.0,359.0,257.0,NSIT_Dwarka_Delhi_CPCB,2020
12.0,344.0,336.0,135.0,86.0,169.0,176.0,80.0,76.0,136.0,198.0,381.0,326.0,NSIT_Dwarka_Delhi_CPCB,2020
13.0,362.0,305.0,225.0,112.0,145.0,153.0,87.0,56.0,145.0,270.0,377.0,272.0,NSIT_Dwarka_Delhi_CPCB,2020
14.0,252.0,218.0,147.0,121.0,158.0,185.0,139.0,36.0,131.0,226.0,413.0,120.0,NSIT_Dwarka_Delhi_CPCB,2020
15.0,236.0,237.0,124.0,107.0,105.0,,153.0,56.0,123.0,291.0,382.0,142.0,NSIT_Dwarka_Delhi_CPCB,2020
16.0,309.0,289.0,116.0,166.0,192.0,,91.0,43.0,144.0,193.0,164.0,176.0,NSIT_Dwarka_Delhi_CPCB,2020
17.0,298.0,324.0,224.0,104.0,217.0,,94.0,56.0,130.0,260.0,,191.0,NSIT_Dwarka_Delhi_CPCB,2020
18.0,264.0,305.0,215.0,91.0,228.0,94.0,154.0,65.0,114.0,243.0,170.0,229.0,NSIT_Dwarka_Delhi_CPCB,2020
19.0,243.0,308.0,209.0,110.0,243.0,176.0,,49.0,114.0,238.0,218.0,280.0,NSIT_Dwarka_Delhi_CPCB,2020
20.0,268.0,169.0,217.0,138.0,178.0,,30.0,51.0,136.0,211.0,267.0,253.0,NSIT_Dwarka_Delhi_CPCB,2020
21.0,366.0,130.0,218.0,79.0,198.0,92.0,55.0,71.0,130.0,298.0,258.0,243.0,NSIT_Dwarka_Delhi_CPCB,2020
22.0,372.0,,209.0,140.0,213.0,87.0,89.0,67.0,121.0,317.0,235.0,321.0,NSIT_Dwarka_Delhi_CPCB,2020
23.0,278.0,217.0,93.0,83.0,180.0,74.0,94.0,67.0,72.0,361.0,271.0,358.0,NSIT_Dwarka_Delhi_CPCB,2020
24.0,203.0,,114.0,95.0,190.0,68.0,112.0,49.0,77.0,344.0,392.0,387.0,NSIT_Dwarka_Delhi_CPCB,2020
25.0,,285.0,83.0,87.0,210.0,76.0,75.0,57.0,125.0,336.0,387.0,296.0,NSIT_Dwarka_Delhi_CPCB,2020
26.0,326.0,303.0,100.0,97.0,166.0,104.0,85.0,62.0,153.0,354.0,286.0,258.0,NSIT_Dwarka_Delhi_CPCB,2020
27.0,346.0,275.0,81.0,72.0,162.0,,111.0,92.0,105.0,305.0,132.0,325.0,NSIT_Dwarka_Delhi_CPCB,2020
28.0,233.0,,54.0,80.0,169.0,284.0,94.0,89.0,156.0,286.0,182.0,260.0,NSIT_Dwarka_Delhi_CPCB,2020
29.0,197.0,,66.0,107.0,90.0,241.0,115.0,90.0,174.0,413.0,210.0,253.0,NSIT_Dwarka_Delhi_CPCB,2020
30.0,255.0,,78.0,110.0,69.0,126.0,64.0,86.0,159.0,380.0,292.0,218.0,NSIT_Dwarka_Delhi_CPCB,2020
31.0,235.0,,77.0,,73.0,,73.0,41.0,,435.0,,228.0,NSIT_Dwarka_Delhi_CPCB,2020
1.0,447.0,244.0,69.0,61.0,118.0,56.0,119.0,81.0,56.0,156.0,357.0,376.0,Okhla_Phase-2_Delhi_DPCC,2020
2.0,439.0,273.0,168.0,56.0,104.0,119.0,78.0,63.0,51.0,164.0,278.0,383.0,Okhla_Phase-2_Delhi_DPCC,2020
3.0,369.0,272.0,217.0,66.0,88.0,104.0,159.0,74.0,88.0,165.0,,,Okhla_Phase-2_Delhi_DPCC,2020
4.0,345.0,324.0,226.0,67.0,73.0,133.0,110.0,59.0,76.0,158.0,325.0,396.0,Okhla_Phase-2_Delhi_DPCC,2020
5.0,330.0,324.0,80.0,75.0,80.0,100.0,68.0,78.0,85.0,171.0,446.0,416.0,Okhla_Phase-2_Delhi_DPCC,2020
6.0,327.0,237.0,54.0,138.0,123.0,74.0,73.0,73.0,76.0,178.0,417.0,396.0,Okhla_Phase-2_Delhi_DPCC,2020
7.0,262.0,341.0,55.0,85.0,90.0,91.0,57.0,,87.0,203.0,425.0,411.0,Okhla_Phase-2_Delhi_DPCC,2020
8.0,301.0,298.0,,86.0,96.0,102.0,59.0,82.0,73.0,189.0,426.0,402.0,Okhla_Phase-2_Delhi_DPCC,2020
9.0,251.0,299.0,130.0,69.0,123.0,142.0,76.0,61.0,108.0,182.0,475.0,372.0,Okhla_Phase-2_Delhi_DPCC,2020
10.0,290.0,331.0,191.0,111.0,127.0,182.0,69.0,61.0,,191.0,475.0,287.0,Okhla_Phase-2_Delhi_DPCC,2020
11.0,317.0,337.0,114.0,,63.0,125.0,71.0,71.0,131.0,188.0,325.0,308.0,Okhla_Phase-2_Delhi_DPCC,2020
12.0,371.0,341.0,137.0,86.0,95.0,106.0,80.0,64.0,149.0,276.0,343.0,385.0,Okhla_Phase-2_Delhi_DPCC,2020
13.0,397.0,273.0,179.0,149.0,123.0,92.0,78.0,42.0,142.0,298.0,339.0,340.0,Okhla_Phase-2_Delhi_DPCC,2020
14.0,324.0,161.0,92.0,107.0,121.0,117.0,212.0,35.0,167.0,270.0,419.0,176.0,Okhla_Phase-2_Delhi_DPCC,2020
15.0,255.0,165.0,113.0,171.0,91.0,77.0,131.0,57.0,134.0,305.0,445.0,282.0,Okhla_Phase-2_Delhi_DPCC,2020
16.0,311.0,244.0,130.0,,,65.0,72.0,35.0,151.0,191.0,232.0,301.0,Okhla_Phase-2_Delhi_DPCC,2020
17.0,229.0,297.0,150.0,92.0,162.0,52.0,80.0,57.0,124.0,286.0,202.0,295.0,Okhla_Phase-2_Delhi_DPCC,2020
18.0,271.0,253.0,139.0,80.0,166.0,55.0,94.0,79.0,112.0,254.0,205.0,306.0,Okhla_Phase-2_Delhi_DPCC,2020
19.0,322.0,276.0,158.0,89.0,169.0,165.0,48.0,55.0,119.0,232.0,289.0,307.0,Okhla_Phase-2_Delhi_DPCC,2020
20.0,295.0,239.0,179.0,95.0,,162.0,54.0,56.0,141.0,203.0,316.0,332.0,Okhla_Phase-2_Delhi_DPCC,2020
21.0,370.0,154.0,155.0,80.0,126.0,109.0,56.0,49.0,154.0,,268.0,334.0,Okhla_Phase-2_Delhi_DPCC,2020
22.0,405.0,89.0,170.0,98.0,152.0,87.0,52.0,47.0,120.0,281.0,274.0,425.0,Okhla_Phase-2_Delhi_DPCC,2020
23.0,201.0,242.0,86.0,112.0,180.0,,65.0,,76.0,357.0,305.0,448.0,Okhla_Phase-2_Delhi_DPCC,2020
24.0,138.0,124.0,114.0,118.0,150.0,64.0,99.0,42.0,181.0,343.0,407.0,454.0,Okhla_Phase-2_Delhi_DPCC,2020
25.0,249.0,261.0,73.0,74.0,131.0,88.0,61.0,54.0,133.0,346.0,426.0,371.0,Okhla_Phase-2_Delhi_DPCC,2020
26.0,318.0,256.0,72.0,120.0,145.0,,67.0,58.0,181.0,349.0,319.0,358.0,Okhla_Phase-2_Delhi_DPCC,2020
27.0,368.0,226.0,55.0,56.0,150.0,122.0,,61.0,111.0,321.0,136.0,449.0,Okhla_Phase-2_Delhi_DPCC,2020
28.0,282.0,209.0,49.0,66.0,216.0,235.0,65.0,85.0,160.0,286.0,243.0,281.0,Okhla_Phase-2_Delhi_DPCC,2020
29.0,,,49.0,121.0,101.0,257.0,94.0,73.0,173.0,379.0,260.0,268.0,Okhla_Phase-2_Delhi_DPCC,2020
30.0,219.0,,61.0,107.0,60.0,92.0,50.0,59.0,156.0,372.0,327.0,314.0,Okhla_Phase-2_Delhi_DPCC,2020
31.0,201.0,,60.0,,48.0,,71.0,38.0,,367.0,,378.0,Okhla_Phase-2_Delhi_DPCC,2020
1.0,430.0,233.0,58.0,64.0,129.0,53.0,70.0,62.0,29.0,159.0,377.0,399.0,Patparganj_Delhi_DPCC,2020
2.0,419.0,232.0,182.0,55.0,103.0,78.0,75.0,51.0,43.0,169.0,305.0,407.0,Patparganj_Delhi_DPCC,2020
3.0,353.0,258.0,163.0,52.0,85.0,84.0,103.0,56.0,64.0,172.0,317.0,367.0,Patparganj_Delhi_DPCC,2020
4.0,320.0,303.0,171.0,55.0,52.0,127.0,77.0,56.0,69.0,184.0,343.0,406.0,Patparganj_Delhi_DPCC,2020
5.0,306.0,298.0,65.0,68.0,94.0,71.0,52.0,77.0,70.0,173.0,458.0,440.0,Patparganj_Delhi_DPCC,2020
6.0,318.0,198.0,46.0,126.0,119.0,51.0,59.0,60.0,,176.0,415.0,423.0,Patparganj_Delhi_DPCC,2020
7.0,242.0,304.0,41.0,,84.0,64.0,36.0,36.0,,239.0,431.0,436.0,Patparganj_Delhi_DPCC,2020
8.0,270.0,275.0,132.0,,85.0,65.0,24.0,65.0,64.0,220.0,421.0,412.0,Patparganj_Delhi_DPCC,2020
9.0,207.0,271.0,96.0,58.0,106.0,86.0,54.0,75.0,84.0,207.0,490.0,397.0,Patparganj_Delhi_DPCC,2020
10.0,260.0,294.0,181.0,74.0,117.0,120.0,36.0,52.0,88.0,235.0,,319.0,Patparganj_Delhi_DPCC,2020
11.0,295.0,299.0,106.0,,52.0,87.0,39.0,48.0,105.0,227.0,352.0,330.0,Patparganj_Delhi_DPCC,2020
12.0,336.0,309.0,118.0,74.0,75.0,96.0,42.0,45.0,141.0,292.0,326.0,392.0,Patparganj_Delhi_DPCC,2020
13.0,366.0,197.0,142.0,104.0,,87.0,40.0,,146.0,305.0,348.0,343.0,Patparganj_Delhi_DPCC,2020
14.0,308.0,133.0,81.0,85.0,87.0,140.0,81.0,26.0,173.0,301.0,441.0,200.0,Patparganj_Delhi_DPCC,2020
15.0,205.0,126.0,98.0,133.0,63.0,73.0,78.0,59.0,138.0,338.0,439.0,265.0,Patparganj_Delhi_DPCC,2020
16.0,288.0,219.0,108.0,177.0,144.0,70.0,44.0,30.0,147.0,238.0,254.0,304.0,Patparganj_Delhi_DPCC,2020
17.0,244.0,276.0,121.0,,165.0,62.0,48.0,45.0,101.0,272.0,171.0,284.0,Patparganj_Delhi_DPCC,2020
18.0,263.0,231.0,73.0,70.0,173.0,52.0,62.0,48.0,86.0,270.0,233.0,302.0,Patparganj_Delhi_DPCC,2020
19.0,174.0,252.0,146.0,60.0,180.0,96.0,35.0,28.0,,263.0,310.0,299.0,Patparganj_Delhi_DPCC,2020
20.0,259.0,202.0,182.0,98.0,,101.0,28.0,27.0,165.0,254.0,315.0,,Patparganj_Delhi_DPCC,2020
21.0,349.0,136.0,144.0,55.0,127.0,61.0,30.0,36.0,134.0,248.0,255.0,369.0,Patparganj_Delhi_DPCC,2020
22.0,367.0,71.0,154.0,84.0,154.0,47.0,,34.0,107.0,318.0,293.0,463.0,Patparganj_Delhi_DPCC,2020
23.0,195.0,224.0,77.0,91.0,171.0,40.0,40.0,36.0,57.0,385.0,304.0,473.0,Patparganj_Delhi_DPCC,2020
24.0,114.0,96.0,106.0,91.0,162.0,35.0,69.0,27.0,60.0,360.0,428.0,452.0,Patparganj_Delhi_DPCC,2020
25.0,245.0,,70.0,58.0,134.0,40.0,54.0,,94.0,379.0,427.0,383.0,Patparganj_Delhi_DPCC,2020
26.0,319.0,261.0,68.0,99.0,134.0,82.0,59.0,34.0,163.0,392.0,313.0,368.0,Patparganj_Delhi_DPCC,2020
27.0,337.0,186.0,52.0,33.0,131.0,98.0,87.0,42.0,87.0,338.0,148.0,428.0,Patparganj_Delhi_DPCC,2020
28.0,244.0,154.0,22.0,,196.0,182.0,63.0,53.0,144.0,317.0,255.0,254.0,Patparganj_Delhi_DPCC,2020
29.0,180.0,,,,87.0,189.0,81.0,65.0,164.0,426.0,286.0,260.0,Patparganj_Delhi_DPCC,2020
30.0,161.0,,,100.0,50.0,82.0,,54.0,163.0,398.0,345.0,324.0,Patparganj_Delhi_DPCC,2020
31.0,184.0,,,,38.0,,73.0,20.0,,378.0,,390.0,Patparganj_Delhi_DPCC,2020
1.0,440.0,218.0,80.0,78.0,124.0,58.0,106.0,74.0,49.0,152.0,377.0,391.0,Punjabi_Bagh_Delhi_DPCC,2020
2.0,434.0,246.0,158.0,59.0,96.0,138.0,105.0,48.0,59.0,165.0,298.0,392.0,Punjabi_Bagh_Delhi_DPCC,2020
3.0,364.0,263.0,204.0,65.0,,102.0,160.0,58.0,85.0,166.0,314.0,360.0,Punjabi_Bagh_Delhi_DPCC,2020
4.0,368.0,304.0,186.0,72.0,,179.0,,50.0,82.0,168.0,350.0,404.0,Punjabi_Bagh_Delhi_DPCC,2020
5.0,314.0,303.0,,85.0,,80.0,66.0,81.0,113.0,175.0,,400.0,Punjabi_Bagh_Delhi_DPCC,2020
6.0,310.0,225.0,69.0,166.0,,74.0,115.0,73.0,64.0,171.0,425.0,388.0,Punjabi_Bagh_Delhi_DPCC,2020
7.0,260.0,276.0,,93.0,,87.0,95.0,55.0,109.0,220.0,453.0,419.0,Punjabi_Bagh_Delhi_DPCC,2020
8.0,,282.0,171.0,83.0,,93.0,75.0,92.0,76.0,189.0,430.0,416.0,Punjabi_Bagh_Delhi_DPCC,2020
9.0,187.0,292.0,120.0,79.0,,154.0,63.0,95.0,113.0,197.0,477.0,387.0,Punjabi_Bagh_Delhi_DPCC,2020
10.0,249.0,297.0,170.0,122.0,110.0,147.0,52.0,80.0,116.0,206.0,493.0,306.0,Punjabi_Bagh_Delhi_DPCC,2020
11.0,274.0,298.0,122.0,113.0,77.0,126.0,45.0,82.0,126.0,212.0,413.0,297.0,Punjabi_Bagh_Delhi_DPCC,2020
12.0,337.0,301.0,122.0,91.0,97.0,134.0,55.0,58.0,147.0,263.0,360.0,362.0,Punjabi_Bagh_Delhi_DPCC,2020
13.0,366.0,213.0,158.0,135.0,,,53.0,,141.0,298.0,358.0,337.0,Punjabi_Bagh_Delhi_DPCC,2020
14.0,262.0,139.0,107.0,110.0,157.0,143.0,102.0,54.0,145.0,267.0,428.0,144.0,Punjabi_Bagh_Delhi_DPCC,2020
15.0,182.0,148.0,,112.0,111.0,103.0,114.0,69.0,141.0,327.0,445.0,254.0,Punjabi_Bagh_Delhi_DPCC,2020
16.0,283.0,255.0,,,233.0,95.0,73.0,42.0,145.0,236.0,249.0,263.0,Punjabi_Bagh_Delhi_DPCC,2020
17.0,270.0,299.0,152.0,,301.0,84.0,71.0,59.0,125.0,276.0,,268.0,Punjabi_Bagh_Delhi_DPCC,2020
18.0,250.0,260.0,132.0,,298.0,,94.0,,117.0,228.0,,298.0,Punjabi_Bagh_Delhi_DPCC,2020
19.0,274.0,263.0,185.0,,325.0,161.0,51.0,,125.0,92.0,288.0,306.0,Punjabi_Bagh_Delhi_DPCC,2020
20.0,268.0,183.0,176.0,,217.0,152.0,45.0,,150.0,,319.0,355.0,Punjabi_Bagh_Delhi_DPCC,2020
21.0,383.0,120.0,183.0,77.0,136.0,97.0,50.0,74.0,133.0,,,,Punjabi_Bagh_Delhi_DPCC,2020
22.0,390.0,92.0,187.0,156.0,282.0,90.0,50.0,56.0,131.0,315.0,288.0,435.0,Punjabi_Bagh_Delhi_DPCC,2020
23.0,220.0,211.0,91.0,130.0,216.0,75.0,47.0,,85.0,376.0,311.0,438.0,Punjabi_Bagh_Delhi_DPCC,2020
24.0,138.0,120.0,110.0,221.0,192.0,57.0,93.0,40.0,87.0,361.0,403.0,438.0,Punjabi_Bagh_Delhi_DPCC,2020
25.0,,290.0,71.0,133.0,156.0,71.0,72.0,41.0,121.0,359.0,426.0,368.0,Punjabi_Bagh_Delhi_DPCC,2020
26.0,329.0,286.0,,144.0,189.0,101.0,64.0,41.0,159.0,364.0,349.0,354.0,Punjabi_Bagh_Delhi_DPCC,2020
27.0,360.0,208.0,65.0,90.0,154.0,107.0,97.0,51.0,111.0,315.0,143.0,405.0,Punjabi_Bagh_Delhi_DPCC,2020
28.0,219.0,177.0,37.0,94.0,192.0,206.0,58.0,83.0,155.0,302.0,245.0,246.0,Punjabi_Bagh_Delhi_DPCC,2020
29.0,178.0,,56.0,132.0,87.0,222.0,74.0,103.0,175.0,415.0,279.0,267.0,Punjabi_Bagh_Delhi_DPCC,2020
30.0,217.0,,70.0,126.0,55.0,100.0,48.0,85.0,156.0,403.0,322.0,287.0,Punjabi_Bagh_Delhi_DPCC,2020
31.0,194.0,,69.0,,51.0,,71.0,64.0,,372.0,,361.0,Punjabi_Bagh_Delhi_DPCC,2020
1.0,459.0,293.0,93.0,89.0,167.0,72.0,124.0,83.0,61.0,158.0,388.0,410.0,Rohini_Delhi_DPCC,2020
2.0,447.0,316.0,,85.0,119.0,136.0,,71.0,70.0,180.0,322.0,407.0,Rohini_Delhi_DPCC,2020
3.0,389.0,330.0,253.0,91.0,106.0,119.0,168.0,86.0,99.0,214.0,335.0,380.0,Rohini_Delhi_DPCC,2020
4.0,397.0,370.0,232.0,141.0,61.0,175.0,125.0,70.0,92.0,183.0,409.0,423.0,Rohini_Delhi_DPCC,2020
5.0,369.0,365.0,92.0,148.0,104.0,95.0,70.0,100.0,129.0,193.0,469.0,447.0,Rohini_Delhi_DPCC,2020
6.0,354.0,304.0,54.0,201.0,167.0,94.0,94.0,78.0,59.0,187.0,436.0,421.0,Rohini_Delhi_DPCC,2020
7.0,295.0,346.0,60.0,114.0,109.0,108.0,76.0,,94.0,247.0,441.0,438.0,Rohini_Delhi_DPCC,2020
8.0,298.0,344.0,254.0,106.0,117.0,103.0,51.0,110.0,80.0,201.0,439.0,429.0,Rohini_Delhi_DPCC,2020
9.0,241.0,344.0,175.0,98.0,132.0,134.0,94.0,71.0,109.0,216.0,482.0,377.0,Rohini_Delhi_DPCC,2020
10.0,289.0,379.0,293.0,178.0,,147.0,73.0,79.0,118.0,235.0,499.0,312.0,Rohini_Delhi_DPCC,2020
11.0,322.0,364.0,,,,,67.0,84.0,130.0,247.0,429.0,320.0,Rohini_Delhi_DPCC,2020
12.0,374.0,373.0,126.0,114.0,111.0,144.0,122.0,78.0,,288.0,378.0,382.0,Rohini_Delhi_DPCC,2020
13.0,401.0,299.0,220.0,163.0,151.0,141.0,79.0,47.0,145.0,321.0,379.0,325.0,Rohini_Delhi_DPCC,2020
14.0,294.0,231.0,114.0,172.0,164.0,158.0,141.0,55.0,152.0,311.0,440.0,187.0,Rohini_Delhi_DPCC,2020
15.0,263.0,233.0,166.0,227.0,112.0,122.0,137.0,80.0,142.0,321.0,436.0,277.0,Rohini_Delhi_DPCC,2020
16.0,314.0,326.0,164.0,241.0,209.0,113.0,93.0,60.0,148.0,265.0,243.0,305.0,Rohini_Delhi_DPCC,2020
17.0,320.0,345.0,210.0,117.0,228.0,107.0,88.0,65.0,124.0,297.0,203.0,282.0,Rohini_Delhi_DPCC,2020
18.0,272.0,303.0,190.0,102.0,248.0,101.0,104.0,83.0,115.0,269.0,252.0,319.0,Rohini_Delhi_DPCC,2020
19.0,320.0,329.0,235.0,91.0,243.0,154.0,62.0,56.0,120.0,273.0,302.0,299.0,Rohini_Delhi_DPCC,2020
20.0,294.0,266.0,207.0,179.0,201.0,155.0,59.0,55.0,151.0,266.0,322.0,344.0,Rohini_Delhi_DPCC,2020
21.0,420.0,160.0,237.0,98.0,162.0,109.0,65.0,60.0,136.0,305.0,278.0,364.0,Rohini_Delhi_DPCC,2020
22.0,408.0,122.0,244.0,166.0,255.0,89.0,59.0,59.0,128.0,374.0,315.0,443.0,Rohini_Delhi_DPCC,2020
23.0,279.0,295.0,136.0,153.0,204.0,89.0,67.0,57.0,88.0,383.0,333.0,450.0,Rohini_Delhi_DPCC,2020
24.0,227.0,156.0,139.0,183.0,,75.0,123.0,50.0,93.0,358.0,408.0,452.0,Rohini_Delhi_DPCC,2020
25.0,307.0,308.0,75.0,98.0,195.0,84.0,83.0,58.0,130.0,361.0,467.0,393.0,Rohini_Delhi_DPCC,2020
26.0,388.0,338.0,116.0,145.0,180.0,112.0,82.0,54.0,175.0,364.0,312.0,401.0,Rohini_Delhi_DPCC,2020
27.0,401.0,293.0,96.0,59.0,175.0,,122.0,64.0,121.0,321.0,,432.0,Rohini_Delhi_DPCC,2020
28.0,284.0,,,83.0,232.0,,83.0,91.0,174.0,315.0,253.0,261.0,Rohini_Delhi_DPCC,2020
29.0,264.0,,69.0,120.0,106.0,,100.0,87.0,181.0,420.0,286.0,294.0,Rohini_Delhi_DPCC,2020
30.0,260.0,,94.0,129.0,67.0,115.0,54.0,75.0,155.0,401.0,344.0,310.0,Rohini_Delhi_DPCC,2020
31.0,274.0,,122.0,,62.0,,,41.0,,371.0,,377.0,Rohini_Delhi_DPCC,2020
1.0,451.0,225.0,67.0,59.0,116.0,189.0,130.0,88.0,93.0,181.0,345.0,349.0,Sirifort_Delhi_CPCB,2020
2.0,445.0,266.0,196.0,56.0,102.0,192.0,161.0,50.0,221.0,245.0,279.0,362.0,Sirifort_Delhi_CPCB,2020
3.0,434.0,273.0,248.0,235.0,86.0,277.0,161.0,63.0,116.0,202.0,266.0,334.0,Sirifort_Delhi_CPCB,2020
4.0,363.0,312.0,283.0,75.0,65.0,117.0,108.0,57.0,107.0,261.0,287.0,350.0,Sirifort_Delhi_CPCB,2020
5.0,322.0,321.0,160.0,70.0,82.0,123.0,88.0,103.0,82.0,229.0,438.0,389.0,Sirifort_Delhi_CPCB,2020
6.0,331.0,246.0,239.0,111.0,114.0,104.0,83.0,,69.0,240.0,386.0,374.0,Sirifort_Delhi_CPCB,2020
7.0,246.0,297.0,152.0,87.0,168.0,187.0,68.0,74.0,82.0,189.0,420.0,393.0,Sirifort_Delhi_CPCB,2020
8.0,278.0,298.0,142.0,82.0,200.0,210.0,44.0,83.0,91.0,262.0,403.0,379.0,Sirifort_Delhi_CPCB,2020
9.0,218.0,301.0,250.0,71.0,197.0,224.0,73.0,72.0,112.0,221.0,453.0,348.0,Sirifort_Delhi_CPCB,2020
10.0,265.0,334.0,212.0,107.0,230.0,174.0,70.0,158.0,156.0,214.0,490.0,307.0,Sirifort_Delhi_CPCB,2020
11.0,313.0,335.0,252.0,95.0,154.0,242.0,79.0,77.0,,195.0,321.0,312.0,Sirifort_Delhi_CPCB,2020
12.0,348.0,346.0,228.0,89.0,170.0,194.0,115.0,56.0,174.0,244.0,280.0,364.0,Sirifort_Delhi_CPCB,2020
13.0,396.0,265.0,247.0,128.0,222.0,137.0,84.0,83.0,131.0,288.0,299.0,328.0,Sirifort_Delhi_CPCB,2020
14.0,306.0,149.0,218.0,112.0,207.0,177.0,130.0,77.0,160.0,254.0,387.0,119.0,Sirifort_Delhi_CPCB,2020
15.0,219.0,155.0,182.0,160.0,276.0,221.0,130.0,57.0,128.0,301.0,442.0,234.0,Sirifort_Delhi_CPCB,2020
16.0,287.0,242.0,230.0,155.0,239.0,186.0,77.0,53.0,139.0,259.0,234.0,263.0,Sirifort_Delhi_CPCB,2020
17.0,234.0,313.0,198.0,89.0,260.0,155.0,82.0,71.0,133.0,272.0,209.0,167.0,Sirifort_Delhi_CPCB,2020
18.0,251.0,259.0,272.0,72.0,240.0,210.0,117.0,85.0,110.0,261.0,209.0,278.0,Sirifort_Delhi_CPCB,2020
19.0,296.0,281.0,232.0,82.0,205.0,182.0,103.0,40.0,111.0,231.0,287.0,297.0,Sirifort_Delhi_CPCB,2020
20.0,285.0,249.0,232.0,82.0,207.0,174.0,84.0,,144.0,209.0,292.0,319.0,Sirifort_Delhi_CPCB,2020
21.0,366.0,175.0,190.0,64.0,188.0,130.0,65.0,,170.0,225.0,270.0,332.0,Sirifort_Delhi_CPCB,2020
22.0,378.0,145.0,213.0,118.0,222.0,197.0,43.0,,129.0,240.0,258.0,390.0,Sirifort_Delhi_CPCB,2020
23.0,202.0,249.0,243.0,97.0,164.0,92.0,59.0,,99.0,350.0,260.0,409.0,Sirifort_Delhi_CPCB,2020
24.0,119.0,144.0,132.0,104.0,178.0,80.0,113.0,45.0,161.0,308.0,347.0,,Sirifort_Delhi_CPCB,2020
25.0,246.0,270.0,268.0,79.0,188.0,78.0,75.0,239.0,189.0,330.0,379.0,302.0,Sirifort_Delhi_CPCB,2020
26.0,303.0,267.0,276.0,125.0,159.0,94.0,,102.0,158.0,347.0,301.0,324.0,Sirifort_Delhi_CPCB,2020
27.0,344.0,244.0,188.0,69.0,175.0,106.0,,81.0,172.0,313.0,122.0,409.0,Sirifort_Delhi_CPCB,2020
28.0,272.0,243.0,30.0,62.0,187.0,200.0,75.0,162.0,166.0,295.0,246.0,277.0,Sirifort_Delhi_CPCB,2020
29.0,203.0,,48.0,92.0,107.0,227.0,94.0,72.0,194.0,368.0,240.0,282.0,Sirifort_Delhi_CPCB,2020
30.0,212.0,,,103.0,91.0,102.0,49.0,78.0,158.0,344.0,298.0,309.0,Sirifort_Delhi_CPCB,2020
31.0,182.0,,60.0,,75.0,,85.0,45.0,,365.0,,347.0,Sirifort_Delhi_CPCB,2020
1.0,435.0,278.0,87.0,75.0,126.0,123.0,102.0,109.0,41.0,154.0,391.0,417.0,Vivek_Vihar_Delhi_DPCC,2020
2.0,413.0,268.0,277.0,64.0,103.0,128.0,118.0,110.0,63.0,159.0,345.0,413.0,Vivek_Vihar_Delhi_DPCC,2020
3.0,371.0,,253.0,74.0,89.0,,141.0,73.0,81.0,200.0,355.0,403.0,Vivek_Vihar_Delhi_DPCC,2020
4.0,364.0,345.0,229.0,83.0,73.0,164.0,92.0,102.0,72.0,214.0,365.0,429.0,Vivek_Vihar_Delhi_DPCC,2020
5.0,364.0,353.0,94.0,98.0,125.0,94.0,83.0,105.0,93.0,171.0,474.0,461.0,Vivek_Vihar_Delhi_DPCC,2020
6.0,353.0,237.0,82.0,192.0,122.0,90.0,90.0,101.0,71.0,177.0,429.0,442.0,Vivek_Vihar_Delhi_DPCC,2020
7.0,298.0,325.0,57.0,,80.0,113.0,80.0,86.0,151.0,247.0,436.0,454.0,Vivek_Vihar_Delhi_DPCC,2020
8.0,313.0,303.0,273.0,,94.0,128.0,85.0,119.0,77.0,240.0,446.0,415.0,Vivek_Vihar_Delhi_DPCC,2020
9.0,243.0,276.0,112.0,74.0,113.0,117.0,,82.0,94.0,245.0,488.0,410.0,Vivek_Vihar_Delhi_DPCC,2020
10.0,286.0,315.0,209.0,89.0,116.0,142.0,78.0,77.0,103.0,256.0,,323.0,Vivek_Vihar_Delhi_DPCC,2020
11.0,309.0,322.0,120.0,,77.0,,139.0,78.0,149.0,238.0,385.0,342.0,Vivek_Vihar_Delhi_DPCC,2020
12.0,363.0,326.0,134.0,86.0,91.0,136.0,86.0,52.0,162.0,348.0,334.0,425.0,Vivek_Vihar_Delhi_DPCC,2020
13.0,387.0,273.0,186.0,99.0,126.0,126.0,98.0,42.0,197.0,336.0,382.0,367.0,Vivek_Vihar_Delhi_DPCC,2020
14.0,367.0,177.0,94.0,101.0,132.0,182.0,148.0,54.0,214.0,305.0,447.0,263.0,Vivek_Vihar_Delhi_DPCC,2020
15.0,260.0,165.0,156.0,160.0,90.0,110.0,120.0,70.0,193.0,365.0,452.0,307.0,Vivek_Vihar_Delhi_DPCC,2020
16.0,,280.0,121.0,214.0,148.0,113.0,97.0,40.0,185.0,262.0,264.0,327.0,Vivek_Vihar_Delhi_DPCC,2020
17.0,263.0,298.0,136.0,106.0,179.0,96.0,98.0,59.0,123.0,315.0,207.0,318.0,Vivek_Vihar_Delhi_DPCC,2020
18.0,289.0,260.0,134.0,82.0,197.0,84.0,98.0,67.0,114.0,287.0,256.0,333.0,Vivek_Vihar_Delhi_DPCC,2020
19.0,337.0,276.0,164.0,66.0,203.0,131.0,102.0,92.0,116.0,284.0,341.0,315.0,Vivek_Vihar_Delhi_DPCC,2020
20.0,317.0,262.0,245.0,140.0,138.0,146.0,102.0,51.0,204.0,237.0,329.0,364.0,Vivek_Vihar_Delhi_DPCC,2020
21.0,390.0,160.0,174.0,87.0,138.0,109.0,99.0,46.0,152.0,292.0,261.0,388.0,Vivek_Vihar_Delhi_DPCC,2020
22.0,401.0,129.0,234.0,131.0,174.0,85.0,168.0,56.0,140.0,370.0,298.0,460.0,Vivek_Vihar_Delhi_DPCC,2020
23.0,224.0,270.0,128.0,122.0,196.0,104.0,105.0,106.0,103.0,399.0,332.0,476.0,Vivek_Vihar_Delhi_DPCC,2020
24.0,180.0,147.0,155.0,108.0,178.0,88.0,107.0,51.0,87.0,396.0,437.0,444.0,Vivek_Vihar_Delhi_DPCC,2020
25.0,284.0,271.0,73.0,80.0,133.0,86.0,,44.0,115.0,397.0,455.0,393.0,Vivek_Vihar_Delhi_DPCC,2020
26.0,,292.0,80.0,128.0,125.0,132.0,171.0,86.0,169.0,412.0,345.0,354.0,Vivek_Vihar_Delhi_DPCC,2020
27.0,398.0,250.0,74.0,71.0,102.0,112.0,134.0,58.0,115.0,348.0,185.0,414.0,Vivek_Vihar_Delhi_DPCC,2020
28.0,279.0,226.0,65.0,76.0,197.0,231.0,112.0,107.0,155.0,319.0,276.0,261.0,Vivek_Vihar_Delhi_DPCC,2020
29.0,208.0,,62.0,107.0,124.0,264.0,171.0,95.0,172.0,420.0,313.0,276.0,Vivek_Vihar_Delhi_DPCC,2020
30.0,223.0,,64.0,98.0,112.0,,119.0,,154.0,401.0,360.0,326.0,Vivek_Vihar_Delhi_DPCC,2020
31.0,201.0,,70.0,,120.0,,92.0,,,395.0,,399.0,Vivek_Vihar_Delhi_DPCC,2020
1.0,457.0,276.0,127.0,89.0,132.0,93.0,105.0,82.0,,202.0,390.0,319.0,Wazirpur_Delhi_DPCC,2020
2.0,452.0,306.0,253.0,85.0,101.0,,111.0,62.0,,224.0,313.0,312.0,Wazirpur_Delhi_DPCC,2020
3.0,426.0,330.0,231.0,76.0,92.0,,155.0,63.0,129.0,208.0,359.0,336.0,Wazirpur_Delhi_DPCC,2020
4.0,,363.0,219.0,95.0,76.0,,104.0,,190.0,201.0,415.0,425.0,Wazirpur_Delhi_DPCC,2020
5.0,374.0,345.0,133.0,,78.0,90.0,73.0,85.0,,226.0,444.0,416.0,Wazirpur_Delhi_DPCC,2020
6.0,365.0,286.0,100.0,209.0,134.0,87.0,89.0,88.0,,240.0,435.0,326.0,Wazirpur_Delhi_DPCC,2020
7.0,323.0,314.0,,93.0,82.0,100.0,76.0,67.0,,287.0,432.0,342.0,Wazirpur_Delhi_DPCC,2020
8.0,349.0,317.0,249.0,85.0,92.0,90.0,73.0,92.0,110.0,,431.0,324.0,Wazirpur_Delhi_DPCC,2020
9.0,248.0,329.0,150.0,95.0,116.0,116.0,75.0,72.0,131.0,244.0,486.0,334.0,Wazirpur_Delhi_DPCC,2020
10.0,312.0,352.0,222.0,136.0,107.0,126.0,72.0,92.0,131.0,241.0,484.0,234.0,Wazirpur_Delhi_DPCC,2020
11.0,340.0,347.0,143.0,,70.0,119.0,73.0,88.0,144.0,240.0,419.0,229.0,Wazirpur_Delhi_DPCC,2020
12.0,386.0,351.0,148.0,86.0,97.0,123.0,65.0,83.0,155.0,303.0,372.0,291.0,Wazirpur_Delhi_DPCC,2020
13.0,413.0,290.0,248.0,135.0,126.0,116.0,64.0,60.0,,370.0,393.0,228.0,Wazirpur_Delhi_DPCC,2020
14.0,332.0,226.0,140.0,116.0,134.0,,111.0,72.0,141.0,323.0,408.0,114.0,Wazirpur_Delhi_DPCC,2020
15.0,271.0,196.0,149.0,163.0,92.0,102.0,110.0,90.0,137.0,343.0,400.0,167.0,Wazirpur_Delhi_DPCC,2020
16.0,327.0,306.0,142.0,214.0,180.0,108.0,77.0,60.0,143.0,318.0,150.0,178.0,Wazirpur_Delhi_DPCC,2020
17.0,334.0,322.0,182.0,97.0,206.0,95.0,79.0,77.0,126.0,370.0,100.0,179.0,Wazirpur_Delhi_DPCC,2020
18.0,312.0,286.0,173.0,87.0,227.0,84.0,93.0,93.0,120.0,272.0,98.0,223.0,Wazirpur_Delhi_DPCC,2020
19.0,334.0,,222.0,71.0,227.0,133.0,70.0,62.0,111.0,282.0,265.0,296.0,Wazirpur_Delhi_DPCC,2020
20.0,328.0,286.0,203.0,178.0,168.0,136.0,64.0,,123.0,276.0,263.0,314.0,Wazirpur_Delhi_DPCC,2020
21.0,418.0,177.0,244.0,75.0,,101.0,76.0,100.0,119.0,376.0,213.0,353.0,Wazirpur_Delhi_DPCC,2020
22.0,411.0,110.0,,143.0,220.0,83.0,63.0,97.0,123.0,372.0,268.0,444.0,Wazirpur_Delhi_DPCC,2020
23.0,264.0,253.0,,127.0,185.0,94.0,66.0,82.0,103.0,433.0,345.0,416.0,Wazirpur_Delhi_DPCC,2020
24.0,216.0,168.0,128.0,149.0,176.0,95.0,125.0,64.0,93.0,394.0,416.0,359.0,Wazirpur_Delhi_DPCC,2020
25.0,304.0,292.0,,80.0,136.0,,86.0,75.0,130.0,388.0,446.0,298.0,Wazirpur_Delhi_DPCC,2020
26.0,383.0,319.0,,128.0,150.0,,90.0,96.0,183.0,404.0,252.0,289.0,Wazirpur_Delhi_DPCC,2020
27.0,410.0,289.0,,68.0,154.0,108.0,126.0,67.0,53.0,298.0,120.0,325.0,Wazirpur_Delhi_DPCC,2020
28.0,315.0,262.0,,65.0,207.0,199.0,85.0,99.0,188.0,315.0,133.0,262.0,Wazirpur_Delhi_DPCC,2020
29.0,257.0,,,103.0,91.0,214.0,91.0,93.0,203.0,429.0,189.0,239.0,Wazirpur_Delhi_DPCC,2020
30.0,231.0,,80.0,106.0,76.0,,60.0,125.0,,404.0,,238.0,Wazirpur_Delhi_DPCC,2020
31.0,270.0,,82.0,,70.0,,83.0,63.0,,375.0,,298.0,Wazirpur_Delhi_DPCC,2020
1.0,,417.0,170.0,199.0,225.0,152.0,326.0,,64.0,185.0,349.0,457.0,Anand_Vihar_Delhi_DPCC,2021
2.0,,412.0,141.0,182.0,171.0,198.0,294.0,,90.0,247.0,265.0,435.0,Anand_Vihar_Delhi_DPCC,2021
3.0,367.0,376.0,,160.0,275.0,193.0,183.0,144.0,98.0,282.0,298.0,375.0,Anand_Vihar_Delhi_DPCC,2021
4.0,193.0,344.0,351.0,151.0,250.0,,240.0,102.0,105.0,262.0,401.0,410.0,Anand_Vihar_Delhi_DPCC,2021
5.0,178.0,,285.0,256.0,144.0,,261.0,128.0,184.0,200.0,466.0,385.0,Anand_Vihar_Delhi_DPCC,2021
6.0,272.0,182.0,195.0,290.0,147.0,,221.0,154.0,265.0,127.0,,363.0,Anand_Vihar_Delhi_DPCC,2021
7.0,300.0,245.0,298.0,243.0,,181.0,237.0,129.0,141.0,291.0,434.0,275.0,Anand_Vihar_Delhi_DPCC,2021
8.0,338.0,335.0,211.0,142.0,,227.0,209.0,130.0,88.0,283.0,431.0,299.0,Anand_Vihar_Delhi_DPCC,2021
9.0,359.0,,306.0,146.0,,306.0,156.0,109.0,91.0,283.0,445.0,400.0,Anand_Vihar_Delhi_DPCC,2021
10.0,309.0,338.0,198.0,,112.0,234.0,116.0,206.0,88.0,288.0,444.0,385.0,Anand_Vihar_Delhi_DPCC,2021
11.0,283.0,369.0,,266.0,,,116.0,279.0,80.0,274.0,462.0,307.0,Anand_Vihar_Delhi_DPCC,2021
12.0,330.0,355.0,230.0,267.0,109.0,144.0,110.0,263.0,91.0,266.0,490.0,304.0,Anand_Vihar_Delhi_DPCC,2021
13.0,,419.0,246.0,229.0,,96.0,,235.0,131.0,254.0,450.0,416.0,Anand_Vihar_Delhi_DPCC,2021
14.0,461.0,415.0,193.0,176.0,105.0,116.0,127.0,234.0,94.0,299.0,398.0,407.0,Anand_Vihar_Delhi_DPCC,2021
15.0,,355.0,198.0,213.0,136.0,103.0,142.0,207.0,112.0,230.0,401.0,402.0,Anand_Vihar_Delhi_DPCC,2021
16.0,440.0,354.0,246.0,,203.0,119.0,119.0,220.0,151.0,336.0,436.0,408.0,Anand_Vihar_Delhi_DPCC,2021
17.0,392.0,342.0,319.0,147.0,217.0,111.0,129.0,289.0,111.0,331.0,421.0,338.0,Anand_Vihar_Delhi_DPCC,2021
18.0,385.0,322.0,318.0,155.0,87.0,,130.0,269.0,103.0,70.0,373.0,,Anand_Vihar_Delhi_DPCC,2021
19.0,436.0,350.0,277.0,,78.0,,96.0,283.0,94.0,101.0,416.0,328.0,Anand_Vihar_Delhi_DPCC,2021
20.0,338.0,326.0,253.0,198.0,60.0,,100.0,,100.0,326.0,390.0,364.0,Anand_Vihar_Delhi_DPCC,2021
21.0,330.0,323.0,264.0,129.0,79.0,,100.0,63.0,103.0,231.0,405.0,463.0,Anand_Vihar_Delhi_DPCC,2021
22.0,377.0,322.0,216.0,119.0,76.0,123.0,132.0,,107.0,154.0,358.0,455.0,Anand_Vihar_Delhi_DPCC,2021
23.0,343.0,278.0,269.0,111.0,267.0,204.0,88.0,,103.0,216.0,298.0,464.0,Anand_Vihar_Delhi_DPCC,2021
24.0,399.0,334.0,208.0,90.0,178.0,134.0,129.0,218.0,99.0,,429.0,460.0,Anand_Vihar_Delhi_DPCC,2021
25.0,354.0,351.0,153.0,187.0,,198.0,137.0,225.0,91.0,117.0,435.0,465.0,Anand_Vihar_Delhi_DPCC,2021
26.0,381.0,242.0,136.0,277.0,,162.0,106.0,246.0,108.0,230.0,456.0,475.0,Anand_Vihar_Delhi_DPCC,2021
27.0,342.0,260.0,221.0,309.0,175.0,243.0,,139.0,126.0,313.0,447.0,259.0,Anand_Vihar_Delhi_DPCC,2021
28.0,394.0,228.0,284.0,,,205.0,106.0,223.0,152.0,327.0,425.0,359.0,Anand_Vihar_Delhi_DPCC,2021
29.0,422.0,,,345.0,86.0,290.0,101.0,153.0,93.0,323.0,440.0,322.0,Anand_Vihar_Delhi_DPCC,2021
30.0,331.0,,,245.0,102.0,249.0,89.0,141.0,92.0,310.0,364.0,,Anand_Vihar_Delhi_DPCC,2021
31.0,,,,,145.0,,,,,348.0,,,Anand_Vihar_Delhi_DPCC,2021
1.0,488.0,399.0,181.0,174.0,248.0,117.0,297.0,101.0,42.0,73.0,260.0,397.0,Ashok_Vihar_Delhi_DPCC,2021
2.0,485.0,403.0,165.0,167.0,175.0,127.0,268.0,97.0,52.0,126.0,299.0,427.0,Ashok_Vihar_Delhi_DPCC,2021
3.0,395.0,360.0,180.0,151.0,252.0,233.0,143.0,57.0,60.0,100.0,317.0,370.0,Ashok_Vihar_Delhi_DPCC,2021
4.0,217.0,338.0,307.0,151.0,169.0,212.0,142.0,72.0,58.0,94.0,409.0,366.0,Ashok_Vihar_Delhi_DPCC,2021
5.0,,,248.0,204.0,201.0,,154.0,97.0,70.0,225.0,473.0,,Ashok_Vihar_Delhi_DPCC,2021
6.0,,223.0,208.0,282.0,138.0,123.0,139.0,92.0,119.0,114.0,454.0,327.0,Ashok_Vihar_Delhi_DPCC,2021
7.0,159.0,269.0,256.0,247.0,164.0,150.0,172.0,102.0,91.0,112.0,450.0,271.0,Ashok_Vihar_Delhi_DPCC,2021
8.0,176.0,337.0,204.0,144.0,228.0,192.0,159.0,113.0,60.0,,413.0,251.0,Ashok_Vihar_Delhi_DPCC,2021
9.0,210.0,,277.0,145.0,275.0,344.0,139.0,103.0,72.0,183.0,428.0,311.0,Ashok_Vihar_Delhi_DPCC,2021
10.0,150.0,328.0,179.0,161.0,,219.0,85.0,103.0,77.0,185.0,380.0,335.0,Ashok_Vihar_Delhi_DPCC,2021
11.0,152.0,344.0,226.0,172.0,246.0,120.0,,132.0,47.0,176.0,419.0,292.0,Ashok_Vihar_Delhi_DPCC,2021
12.0,328.0,359.0,191.0,211.0,99.0,122.0,,116.0,62.0,177.0,487.0,301.0,Ashok_Vihar_Delhi_DPCC,2021
13.0,374.0,365.0,217.0,240.0,105.0,72.0,,122.0,88.0,192.0,439.0,390.0,Ashok_Vihar_Delhi_DPCC,2021
14.0,446.0,389.0,216.0,187.0,153.0,85.0,85.0,,72.0,179.0,347.0,403.0,Ashok_Vihar_Delhi_DPCC,2021
15.0,472.0,,169.0,212.0,163.0,93.0,87.0,128.0,76.0,218.0,393.0,384.0,Ashok_Vihar_Delhi_DPCC,2021
16.0,445.0,336.0,241.0,,241.0,102.0,89.0,130.0,73.0,250.0,431.0,406.0,Ashok_Vihar_Delhi_DPCC,2021
17.0,368.0,354.0,314.0,106.0,200.0,129.0,107.0,156.0,52.0,270.0,385.0,335.0,Ashok_Vihar_Delhi_DPCC,2021
18.0,401.0,317.0,338.0,142.0,75.0,66.0,90.0,157.0,82.0,41.0,,,Ashok_Vihar_Delhi_DPCC,2021
19.0,422.0,357.0,280.0,,68.0,55.0,,161.0,85.0,65.0,413.0,,Ashok_Vihar_Delhi_DPCC,2021
20.0,328.0,296.0,253.0,186.0,60.0,42.0,98.0,112.0,76.0,161.0,400.0,352.0,Ashok_Vihar_Delhi_DPCC,2021
21.0,333.0,256.0,253.0,140.0,87.0,58.0,59.0,41.0,61.0,196.0,349.0,451.0,Ashok_Vihar_Delhi_DPCC,2021
22.0,298.0,323.0,206.0,173.0,94.0,103.0,67.0,54.0,62.0,172.0,317.0,452.0,Ashok_Vihar_Delhi_DPCC,2021
23.0,354.0,269.0,255.0,114.0,227.0,216.0,68.0,77.0,60.0,184.0,305.0,470.0,Ashok_Vihar_Delhi_DPCC,2021
24.0,388.0,330.0,202.0,113.0,,126.0,102.0,98.0,57.0,145.0,397.0,438.0,Ashok_Vihar_Delhi_DPCC,2021
25.0,352.0,322.0,140.0,186.0,117.0,152.0,91.0,111.0,,,426.0,463.0,Ashok_Vihar_Delhi_DPCC,2021
26.0,381.0,247.0,119.0,256.0,163.0,126.0,,123.0,74.0,120.0,452.0,486.0,Ashok_Vihar_Delhi_DPCC,2021
27.0,354.0,207.0,187.0,278.0,179.0,153.0,107.0,152.0,110.0,201.0,432.0,302.0,Ashok_Vihar_Delhi_DPCC,2021
28.0,378.0,202.0,214.0,324.0,,155.0,42.0,159.0,116.0,206.0,424.0,331.0,Ashok_Vihar_Delhi_DPCC,2021
29.0,432.0,,,287.0,75.0,166.0,45.0,118.0,85.0,271.0,408.0,,Ashok_Vihar_Delhi_DPCC,2021
30.0,341.0,,,308.0,95.0,212.0,65.0,77.0,78.0,217.0,337.0,372.0,Ashok_Vihar_Delhi_DPCC,2021
31.0,,,,,,,68.0,,,274.0,,,Ashok_Vihar_Delhi_DPCC,2021
1.0,440.0,384.0,245.0,253.0,266.0,,269.0,76.0,53.0,127.0,305.0,396.0,Bawana_Delhi_DPCC,2021
2.0,482.0,417.0,262.0,235.0,273.0,118.0,283.0,77.0,50.0,134.0,345.0,430.0,Bawana_Delhi_DPCC,2021
3.0,400.0,388.0,288.0,206.0,311.0,129.0,154.0,66.0,68.0,113.0,342.0,370.0,Bawana_Delhi_DPCC,2021
4.0,224.0,347.0,334.0,213.0,,228.0,144.0,67.0,63.0,79.0,425.0,364.0,Bawana_Delhi_DPCC,2021
5.0,168.0,166.0,317.0,242.0,177.0,120.0,167.0,105.0,88.0,111.0,471.0,345.0,Bawana_Delhi_DPCC,2021
6.0,259.0,264.0,278.0,377.0,178.0,131.0,150.0,104.0,128.0,92.0,445.0,305.0,Bawana_Delhi_DPCC,2021
7.0,312.0,304.0,329.0,304.0,148.0,191.0,206.0,92.0,111.0,127.0,454.0,255.0,Bawana_Delhi_DPCC,2021
8.0,258.0,361.0,276.0,188.0,215.0,247.0,174.0,95.0,80.0,,418.0,266.0,Bawana_Delhi_DPCC,2021
9.0,301.0,,341.0,222.0,203.0,377.0,151.0,96.0,84.0,211.0,431.0,332.0,Bawana_Delhi_DPCC,2021
10.0,274.0,370.0,,250.0,,267.0,116.0,109.0,100.0,183.0,400.0,324.0,Bawana_Delhi_DPCC,2021
11.0,279.0,376.0,284.0,247.0,169.0,138.0,111.0,132.0,62.0,178.0,417.0,294.0,Bawana_Delhi_DPCC,2021
12.0,318.0,433.0,318.0,299.0,149.0,145.0,102.0,114.0,44.0,237.0,488.0,289.0,Bawana_Delhi_DPCC,2021
13.0,365.0,351.0,251.0,295.0,136.0,96.0,,123.0,64.0,207.0,403.0,397.0,Bawana_Delhi_DPCC,2021
14.0,404.0,385.0,291.0,282.0,,110.0,95.0,117.0,,186.0,383.0,408.0,Bawana_Delhi_DPCC,2021
15.0,,351.0,270.0,312.0,137.0,113.0,72.0,126.0,80.0,235.0,387.0,381.0,Bawana_Delhi_DPCC,2021
16.0,381.0,373.0,295.0,,182.0,133.0,98.0,129.0,110.0,307.0,425.0,383.0,Bawana_Delhi_DPCC,2021
17.0,340.0,356.0,404.0,134.0,245.0,104.0,123.0,166.0,55.0,373.0,392.0,347.0,Bawana_Delhi_DPCC,2021
18.0,407.0,332.0,383.0,,131.0,88.0,102.0,163.0,60.0,38.0,407.0,,Bawana_Delhi_DPCC,2021
19.0,391.0,324.0,326.0,237.0,83.0,84.0,40.0,164.0,89.0,62.0,402.0,301.0,Bawana_Delhi_DPCC,2021
20.0,320.0,280.0,319.0,231.0,,53.0,77.0,,91.0,272.0,394.0,355.0,Bawana_Delhi_DPCC,2021
21.0,331.0,373.0,316.0,161.0,70.0,70.0,58.0,42.0,89.0,230.0,365.0,444.0,Bawana_Delhi_DPCC,2021
22.0,399.0,356.0,283.0,170.0,69.0,147.0,74.0,57.0,54.0,203.0,341.0,428.0,Bawana_Delhi_DPCC,2021
23.0,376.0,349.0,310.0,152.0,241.0,252.0,71.0,78.0,61.0,232.0,327.0,468.0,Bawana_Delhi_DPCC,2021
24.0,368.0,,,142.0,147.0,160.0,99.0,87.0,57.0,187.0,378.0,473.0,Bawana_Delhi_DPCC,2021
25.0,345.0,371.0,194.0,246.0,147.0,164.0,88.0,111.0,72.0,84.0,438.0,467.0,Bawana_Delhi_DPCC,2021
26.0,369.0,295.0,221.0,323.0,152.0,123.0,97.0,104.0,64.0,185.0,419.0,490.0,Bawana_Delhi_DPCC,2021
27.0,,264.0,268.0,357.0,138.0,187.0,105.0,139.0,115.0,270.0,415.0,279.0,Bawana_Delhi_DPCC,2021
28.0,373.0,277.0,268.0,376.0,,188.0,33.0,159.0,133.0,301.0,420.0,343.0,Bawana_Delhi_DPCC,2021
29.0,391.0,,,355.0,105.0,219.0,67.0,131.0,87.0,316.0,391.0,284.0,Bawana_Delhi_DPCC,2021
30.0,360.0,,,346.0,137.0,242.0,62.0,85.0,107.0,280.0,348.0,296.0,Bawana_Delhi_DPCC,2021
31.0,,,,,117.0,,50.0,,,309.0,,315.0,Bawana_Delhi_DPCC,2021
1.0,421.0,388.0,191.0,,,,256.0,92.0,,116.0,321.0,361.0,CRRI_Mathura_Road_Delhi_IMD,2021
2.0,440.0,400.0,174.0,,,,255.0,93.0,119.0,138.0,298.0,417.0,CRRI_Mathura_Road_Delhi_IMD,2021
3.0,,311.0,192.0,,,,134.0,81.0,119.0,114.0,,338.0,CRRI_Mathura_Road_Delhi_IMD,2021
4.0,114.0,316.0,359.0,,,,98.0,66.0,108.0,123.0,386.0,355.0,CRRI_Mathura_Road_Delhi_IMD,2021
5.0,121.0,160.0,,,,,103.0,89.0,113.0,117.0,473.0,,CRRI_Mathura_Road_Delhi_IMD,2021
6.0,218.0,197.0,196.0,,,,160.0,97.0,117.0,121.0,447.0,321.0,CRRI_Mathura_Road_Delhi_IMD,2021
7.0,240.0,226.0,300.0,,,,210.0,110.0,119.0,132.0,415.0,251.0,CRRI_Mathura_Road_Delhi_IMD,2021
8.0,238.0,306.0,217.0,,,,193.0,120.0,111.0,175.0,394.0,220.0,CRRI_Mathura_Road_Delhi_IMD,2021
9.0,313.0,331.0,293.0,,,,144.0,103.0,102.0,183.0,407.0,267.0,CRRI_Mathura_Road_Delhi_IMD,2021
10.0,243.0,269.0,,,,,69.0,115.0,111.0,181.0,368.0,301.0,CRRI_Mathura_Road_Delhi_IMD,2021
11.0,237.0,330.0,,,,,79.0,142.0,112.0,170.0,408.0,,CRRI_Mathura_Road_Delhi_IMD,2021
12.0,296.0,344.0,,,,,65.0,131.0,112.0,205.0,477.0,233.0,CRRI_Mathura_Road_Delhi_IMD,2021
13.0,376.0,336.0,,,,,84.0,133.0,118.0,188.0,453.0,346.0,CRRI_Mathura_Road_Delhi_IMD,2021
14.0,464.0,392.0,,,,,,125.0,113.0,193.0,310.0,378.0,CRRI_Mathura_Road_Delhi_IMD,2021
15.0,481.0,350.0,,,,,69.0,128.0,108.0,184.0,349.0,368.0,CRRI_Mathura_Road_Delhi_IMD,2021
16.0,422.0,339.0,,,,73.0,68.0,162.0,119.0,322.0,409.0,358.0,CRRI_Mathura_Road_Delhi_IMD,2021
17.0,344.0,325.0,,,,72.0,,181.0,108.0,273.0,361.0,302.0,CRRI_Mathura_Road_Delhi_IMD,2021
18.0,352.0,344.0,,,,64.0,68.0,153.0,107.0,102.0,357.0,310.0,CRRI_Mathura_Road_Delhi_IMD,2021
19.0,428.0,328.0,,,,66.0,,184.0,110.0,100.0,370.0,252.0,CRRI_Mathura_Road_Delhi_IMD,2021
20.0,255.0,280.0,,,,63.0,81.0,108.0,110.0,210.0,366.0,320.0,CRRI_Mathura_Road_Delhi_IMD,2021
21.0,272.0,304.0,,,,68.0,88.0,110.0,90.0,179.0,365.0,399.0,CRRI_Mathura_Road_Delhi_IMD,2021
22.0,359.0,292.0,,,,83.0,71.0,110.0,88.0,157.0,311.0,402.0,CRRI_Mathura_Road_Delhi_IMD,2021
23.0,293.0,220.0,,,,152.0,73.0,118.0,91.0,149.0,308.0,449.0,CRRI_Mathura_Road_Delhi_IMD,2021
24.0,366.0,330.0,,,,97.0,78.0,126.0,84.0,153.0,377.0,406.0,CRRI_Mathura_Road_Delhi_IMD,2021
25.0,323.0,314.0,,,,164.0,88.0,113.0,79.0,,390.0,399.0,CRRI_Mathura_Road_Delhi_IMD,2021
26.0,333.0,201.0,,,,138.0,81.0,115.0,72.0,181.0,415.0,433.0,CRRI_Mathura_Road_Delhi_IMD,2021
27.0,331.0,214.0,,,,218.0,100.0,141.0,95.0,245.0,425.0,215.0,CRRI_Mathura_Road_Delhi_IMD,2021
28.0,398.0,262.0,,,,217.0,103.0,132.0,113.0,294.0,403.0,271.0,CRRI_Mathura_Road_Delhi_IMD,2021
29.0,408.0,,,,,193.0,94.0,93.0,,294.0,401.0,208.0,CRRI_Mathura_Road_Delhi_IMD,2021
30.0,312.0,,,,,253.0,84.0,61.0,86.0,303.0,334.0,279.0,CRRI_Mathura_Road_Delhi_IMD,2021
31.0,327.0,,,,,,66.0,81.0,,293.0,,321.0,CRRI_Mathura_Road_Delhi_IMD,2021
1.0,462.0,400.0,187.0,231.0,214.0,107.0,302.0,99.0,53.0,108.0,277.0,391.0,DTU_Delhi_CPCB,2021
2.0,,408.0,227.0,197.0,193.0,132.0,280.0,76.0,37.0,130.0,295.0,429.0,DTU_Delhi_CPCB,2021
3.0,263.0,367.0,259.0,159.0,258.0,118.0,140.0,54.0,53.0,91.0,309.0,370.0,DTU_Delhi_CPCB,2021
4.0,207.0,352.0,276.0,198.0,163.0,216.0,126.0,59.0,46.0,94.0,394.0,380.0,DTU_Delhi_CPCB,2021
5.0,149.0,142.0,290.0,188.0,151.0,104.0,151.0,93.0,86.0,105.0,384.0,345.0,DTU_Delhi_CPCB,2021
6.0,252.0,261.0,257.0,,128.0,181.0,239.0,,126.0,85.0,402.0,311.0,DTU_Delhi_CPCB,2021
7.0,288.0,279.0,270.0,,110.0,158.0,179.0,106.0,94.0,105.0,403.0,248.0,DTU_Delhi_CPCB,2021
8.0,248.0,375.0,227.0,152.0,167.0,194.0,196.0,88.0,61.0,138.0,287.0,267.0,DTU_Delhi_CPCB,2021
9.0,326.0,385.0,297.0,157.0,195.0,348.0,133.0,97.0,84.0,181.0,312.0,335.0,DTU_Delhi_CPCB,2021
10.0,284.0,359.0,205.0,189.0,88.0,218.0,82.0,101.0,77.0,181.0,255.0,329.0,DTU_Delhi_CPCB,2021
11.0,281.0,370.0,262.0,181.0,111.0,127.0,79.0,146.0,49.0,168.0,425.0,287.0,DTU_Delhi_CPCB,2021
12.0,329.0,310.0,203.0,226.0,114.0,114.0,77.0,151.0,37.0,181.0,489.0,286.0,DTU_Delhi_CPCB,2021
13.0,378.0,319.0,236.0,279.0,105.0,97.0,59.0,139.0,67.0,146.0,415.0,365.0,DTU_Delhi_CPCB,2021
14.0,422.0,371.0,251.0,214.0,130.0,88.0,75.0,166.0,44.0,171.0,359.0,391.0,DTU_Delhi_CPCB,2021
15.0,456.0,335.0,219.0,235.0,128.0,97.0,65.0,119.0,71.0,199.0,374.0,356.0,DTU_Delhi_CPCB,2021
16.0,388.0,344.0,277.0,232.0,177.0,123.0,70.0,115.0,95.0,273.0,417.0,359.0,DTU_Delhi_CPCB,2021
17.0,342.0,367.0,352.0,142.0,203.0,85.0,92.0,144.0,37.0,327.0,390.0,328.0,DTU_Delhi_CPCB,2021
18.0,401.0,335.0,313.0,161.0,92.0,70.0,92.0,146.0,55.0,32.0,361.0,308.0,DTU_Delhi_CPCB,2021
19.0,400.0,340.0,298.0,212.0,72.0,63.0,41.0,163.0,87.0,49.0,,282.0,DTU_Delhi_CPCB,2021
20.0,322.0,293.0,264.0,178.0,48.0,54.0,,107.0,,234.0,401.0,349.0,DTU_Delhi_CPCB,2021
21.0,328.0,356.0,292.0,132.0,59.0,55.0,65.0,49.0,,193.0,319.0,349.0,DTU_Delhi_CPCB,2021
22.0,412.0,352.0,197.0,152.0,70.0,108.0,58.0,53.0,55.0,165.0,324.0,424.0,DTU_Delhi_CPCB,2021
23.0,362.0,339.0,232.0,112.0,297.0,236.0,75.0,73.0,61.0,151.0,311.0,452.0,DTU_Delhi_CPCB,2021
24.0,370.0,350.0,177.0,96.0,134.0,129.0,94.0,86.0,55.0,118.0,398.0,460.0,DTU_Delhi_CPCB,2021
25.0,,337.0,118.0,217.0,122.0,182.0,213.0,108.0,50.0,55.0,429.0,459.0,DTU_Delhi_CPCB,2021
26.0,,295.0,170.0,288.0,137.0,138.0,130.0,125.0,55.0,98.0,414.0,475.0,DTU_Delhi_CPCB,2021
27.0,,225.0,222.0,295.0,140.0,150.0,90.0,146.0,102.0,162.0,403.0,272.0,DTU_Delhi_CPCB,2021
28.0,,235.0,230.0,321.0,95.0,136.0,34.0,131.0,103.0,168.0,410.0,343.0,DTU_Delhi_CPCB,2021
29.0,440.0,,215.0,303.0,76.0,196.0,49.0,111.0,86.0,198.0,376.0,276.0,DTU_Delhi_CPCB,2021
30.0,363.0,,248.0,289.0,102.0,215.0,53.0,67.0,82.0,259.0,327.0,287.0,DTU_Delhi_CPCB,2021
31.0,368.0,,152.0,,113.0,,55.0,45.0,,293.0,,311.0,DTU_Delhi_CPCB,2021
1.0,395.0,290.0,157.0,,,,,77.0,,97.0,227.0,318.0,IGI_Airport_(T3)_Delhi_IMD,2021
2.0,396.0,361.0,148.0,,,,,79.0,77.0,96.0,272.0,366.0,IGI_Airport_(T3)_Delhi_IMD,2021
3.0,,259.0,146.0,,,,,60.0,71.0,83.0,,172.0,IGI_Airport_(T3)_Delhi_IMD,2021
4.0,110.0,270.0,287.0,,,,,53.0,60.0,79.0,372.0,242.0,IGI_Airport_(T3)_Delhi_IMD,2021
5.0,117.0,134.0,,,,,,98.0,70.0,81.0,451.0,,IGI_Airport_(T3)_Delhi_IMD,2021
6.0,210.0,142.0,134.0,,,,,89.0,87.0,84.0,422.0,281.0,IGI_Airport_(T3)_Delhi_IMD,2021
7.0,223.0,69.0,213.0,,,,,84.0,87.0,90.0,394.0,217.0,IGI_Airport_(T3)_Delhi_IMD,2021
8.0,204.0,110.0,161.0,,,,,71.0,,130.0,363.0,192.0,IGI_Airport_(T3)_Delhi_IMD,2021
9.0,257.0,285.0,228.0,,,,,69.0,,136.0,365.0,220.0,IGI_Airport_(T3)_Delhi_IMD,2021
10.0,233.0,234.0,,,,,,93.0,99.0,132.0,345.0,269.0,IGI_Airport_(T3)_Delhi_IMD,2021
11.0,217.0,326.0,,,,,,104.0,99.0,133.0,391.0,,IGI_Airport_(T3)_Delhi_IMD,2021
12.0,285.0,334.0,,,,,,100.0,100.0,163.0,449.0,225.0,IGI_Airport_(T3)_Delhi_IMD,2021
13.0,354.0,312.0,,,,,,96.0,107.0,164.0,434.0,249.0,IGI_Airport_(T3)_Delhi_IMD,2021
14.0,420.0,319.0,,,,,,97.0,103.0,158.0,310.0,334.0,IGI_Airport_(T3)_Delhi_IMD,2021
15.0,446.0,275.0,,,,,,107.0,99.0,196.0,333.0,322.0,IGI_Airport_(T3)_Delhi_IMD,2021
16.0,416.0,290.0,,,,,68.0,108.0,,295.0,387.0,310.0,IGI_Airport_(T3)_Delhi_IMD,2021
17.0,322.0,316.0,,,,,,132.0,92.0,264.0,328.0,274.0,IGI_Airport_(T3)_Delhi_IMD,2021
18.0,345.0,292.0,,,,,62.0,142.0,88.0,82.0,324.0,259.0,IGI_Airport_(T3)_Delhi_IMD,2021
19.0,315.0,267.0,,,,,,153.0,91.0,86.0,350.0,197.0,IGI_Airport_(T3)_Delhi_IMD,2021
20.0,163.0,192.0,,,,,43.0,130.0,91.0,136.0,342.0,263.0,IGI_Airport_(T3)_Delhi_IMD,2021
21.0,209.0,248.0,,,,,48.0,42.0,90.0,153.0,339.0,360.0,IGI_Airport_(T3)_Delhi_IMD,2021
22.0,301.0,240.0,,,,,64.0,41.0,86.0,126.0,286.0,370.0,IGI_Airport_(T3)_Delhi_IMD,2021
23.0,269.0,220.0,,,,,52.0,66.0,84.0,171.0,240.0,375.0,IGI_Airport_(T3)_Delhi_IMD,2021
24.0,321.0,310.0,,,,,87.0,,84.0,115.0,323.0,326.0,IGI_Airport_(T3)_Delhi_IMD,2021
25.0,282.0,291.0,,,,,84.0,92.0,90.0,,313.0,383.0,IGI_Airport_(T3)_Delhi_IMD,2021
26.0,256.0,174.0,,,,,62.0,98.0,83.0,109.0,347.0,402.0,IGI_Airport_(T3)_Delhi_IMD,2021
27.0,257.0,182.0,,,,,67.0,122.0,88.0,175.0,351.0,264.0,IGI_Airport_(T3)_Delhi_IMD,2021
28.0,312.0,219.0,,,,,32.0,138.0,94.0,256.0,359.0,242.0,IGI_Airport_(T3)_Delhi_IMD,2021
29.0,306.0,,,,,,43.0,111.0,84.0,209.0,353.0,224.0,IGI_Airport_(T3)_Delhi_IMD,2021
30.0,249.0,,,,,,59.0,78.0,85.0,228.0,279.0,291.0,IGI_Airport_(T3)_Delhi_IMD,2021
31.0,278.0,,,,,,37.0,69.0,,237.0,,310.0,IGI_Airport_(T3)_Delhi_IMD,2021
1.0,432.0,362.0,155.0,131.0,,,,124.0,65.0,119.0,291.0,362.0,ITO_Delhi_CPCB,2021
2.0,418.0,,134.0,138.0,,,222.0,211.0,68.0,98.0,320.0,,ITO_Delhi_CPCB,2021
3.0,306.0,364.0,130.0,140.0,,,,110.0,73.0,,328.0,372.0,ITO_Delhi_CPCB,2021
4.0,138.0,345.0,301.0,146.0,,282.0,,95.0,57.0,37.0,391.0,390.0,ITO_Delhi_CPCB,2021
5.0,129.0,151.0,248.0,223.0,181.0,120.0,,174.0,77.0,82.0,,286.0,ITO_Delhi_CPCB,2021
6.0,196.0,228.0,231.0,306.0,123.0,,,211.0,146.0,96.0,448.0,296.0,ITO_Delhi_CPCB,2021
7.0,191.0,266.0,297.0,262.0,,362.0,,194.0,103.0,99.0,432.0,107.0,ITO_Delhi_CPCB,2021
8.0,170.0,348.0,,117.0,,333.0,,300.0,103.0,126.0,407.0,113.0,ITO_Delhi_CPCB,2021
9.0,285.0,358.0,329.0,118.0,105.0,191.0,138.0,258.0,56.0,153.0,421.0,156.0,ITO_Delhi_CPCB,2021
10.0,210.0,310.0,175.0,138.0,106.0,186.0,148.0,,70.0,119.0,372.0,163.0,ITO_Delhi_CPCB,2021
11.0,220.0,345.0,261.0,162.0,104.0,100.0,245.0,55.0,75.0,107.0,412.0,117.0,ITO_Delhi_CPCB,2021
12.0,286.0,367.0,235.0,230.0,99.0,,186.0,,56.0,,486.0,93.0,ITO_Delhi_CPCB,2021
13.0,352.0,367.0,229.0,211.0,102.0,83.0,,,113.0,142.0,,186.0,ITO_Delhi_CPCB,2021
14.0,420.0,,227.0,148.0,101.0,131.0,,59.0,70.0,161.0,332.0,298.0,ITO_Delhi_CPCB,2021
15.0,430.0,,262.0,163.0,98.0,101.0,204.0,68.0,62.0,173.0,341.0,378.0,ITO_Delhi_CPCB,2021
16.0,440.0,375.0,295.0,209.0,,114.0,216.0,72.0,53.0,,412.0,375.0,ITO_Delhi_CPCB,2021
17.0,379.0,374.0,295.0,137.0,,118.0,288.0,109.0,60.0,,385.0,341.0,ITO_Delhi_CPCB,2021
18.0,386.0,405.0,296.0,130.0,,90.0,227.0,219.0,58.0,,333.0,336.0,ITO_Delhi_CPCB,2021
19.0,442.0,400.0,258.0,178.0,,86.0,105.0,165.0,74.0,53.0,386.0,309.0,ITO_Delhi_CPCB,2021
20.0,337.0,309.0,239.0,197.0,,85.0,194.0,130.0,63.0,243.0,371.0,353.0,ITO_Delhi_CPCB,2021
21.0,366.0,225.0,219.0,125.0,,107.0,143.0,94.0,59.0,154.0,351.0,,ITO_Delhi_CPCB,2021
22.0,471.0,305.0,185.0,113.0,,143.0,183.0,77.0,55.0,,302.0,,ITO_Delhi_CPCB,2021
23.0,491.0,234.0,206.0,105.0,,232.0,131.0,88.0,54.0,149.0,286.0,,ITO_Delhi_CPCB,2021
24.0,500.0,261.0,157.0,100.0,,222.0,212.0,85.0,56.0,188.0,360.0,,ITO_Delhi_CPCB,2021
25.0,472.0,271.0,122.0,188.0,,189.0,216.0,99.0,87.0,59.0,414.0,447.0,ITO_Delhi_CPCB,2021
26.0,346.0,230.0,136.0,268.0,,185.0,187.0,53.0,77.0,130.0,425.0,470.0,ITO_Delhi_CPCB,2021
27.0,347.0,156.0,204.0,300.0,,200.0,228.0,77.0,103.0,233.0,419.0,325.0,ITO_Delhi_CPCB,2021
28.0,380.0,172.0,234.0,,,232.0,74.0,121.0,149.0,,427.0,321.0,ITO_Delhi_CPCB,2021
29.0,420.0,,288.0,,,297.0,88.0,,59.0,227.0,395.0,292.0,ITO_Delhi_CPCB,2021
30.0,318.0,,252.0,,,,142.0,,71.0,261.0,330.0,284.0,ITO_Delhi_CPCB,2021
31.0,314.0,,187.0,,,,86.0,,,276.0,,305.0,ITO_Delhi_CPCB,2021
1.0,490.0,435.0,217.0,238.0,287.0,146.0,281.0,77.0,46.0,121.0,373.0,435.0,Jahangirpuri_Delhi_DPCC,2021
2.0,492.0,423.0,249.0,226.0,199.0,122.0,262.0,98.0,45.0,144.0,329.0,470.0,Jahangirpuri_Delhi_DPCC,2021
3.0,407.0,389.0,249.0,208.0,259.0,195.0,149.0,62.0,70.0,,348.0,409.0,Jahangirpuri_Delhi_DPCC,2021
4.0,229.0,340.0,322.0,222.0,,213.0,,65.0,72.0,114.0,458.0,416.0,Jahangirpuri_Delhi_DPCC,2021
5.0,205.0,,279.0,229.0,165.0,114.0,175.0,97.0,93.0,113.0,485.0,373.0,Jahangirpuri_Delhi_DPCC,2021
6.0,271.0,281.0,251.0,331.0,,136.0,151.0,87.0,139.0,137.0,468.0,368.0,Jahangirpuri_Delhi_DPCC,2021
7.0,304.0,325.0,325.0,265.0,109.0,180.0,214.0,101.0,103.0,140.0,465.0,311.0,Jahangirpuri_Delhi_DPCC,2021
8.0,305.0,377.0,228.0,178.0,202.0,210.0,177.0,99.0,71.0,,442.0,299.0,Jahangirpuri_Delhi_DPCC,2021
9.0,367.0,,301.0,217.0,198.0,,136.0,101.0,94.0,,452.0,,Jahangirpuri_Delhi_DPCC,2021
10.0,333.0,381.0,208.0,216.0,,246.0,93.0,124.0,87.0,200.0,423.0,380.0,Jahangirpuri_Delhi_DPCC,2021
11.0,348.0,369.0,282.0,215.0,136.0,133.0,,148.0,42.0,219.0,465.0,324.0,Jahangirpuri_Delhi_DPCC,2021
12.0,381.0,394.0,251.0,297.0,127.0,128.0,,134.0,46.0,204.0,495.0,337.0,Jahangirpuri_Delhi_DPCC,2021
13.0,406.0,,230.0,294.0,116.0,92.0,,145.0,85.0,218.0,453.0,427.0,Jahangirpuri_Delhi_DPCC,2021
14.0,447.0,400.0,,255.0,139.0,108.0,,131.0,57.0,219.0,401.0,424.0,Jahangirpuri_Delhi_DPCC,2021
15.0,478.0,,246.0,,135.0,107.0,71.0,139.0,70.0,228.0,,414.0,Jahangirpuri_Delhi_DPCC,2021
16.0,453.0,356.0,289.0,,172.0,123.0,93.0,147.0,101.0,297.0,454.0,446.0,Jahangirpuri_Delhi_DPCC,2021
17.0,388.0,374.0,,150.0,243.0,,,173.0,49.0,266.0,449.0,383.0,Jahangirpuri_Delhi_DPCC,2021
18.0,413.0,346.0,,174.0,108.0,81.0,,174.0,61.0,44.0,420.0,,Jahangirpuri_Delhi_DPCC,2021
19.0,436.0,387.0,325.0,239.0,79.0,67.0,46.0,162.0,94.0,110.0,449.0,352.0,Jahangirpuri_Delhi_DPCC,2021
20.0,350.0,382.0,263.0,246.0,56.0,45.0,68.0,,220.0,207.0,430.0,396.0,Jahangirpuri_Delhi_DPCC,2021
21.0,361.0,379.0,,152.0,78.0,55.0,73.0,47.0,77.0,,389.0,462.0,Jahangirpuri_Delhi_DPCC,2021
22.0,,365.0,,142.0,67.0,,,54.0,73.0,211.0,,456.0,Jahangirpuri_Delhi_DPCC,2021
23.0,,337.0,268.0,,253.0,229.0,,87.0,74.0,217.0,347.0,479.0,Jahangirpuri_Delhi_DPCC,2021
24.0,416.0,372.0,212.0,122.0,177.0,135.0,,113.0,66.0,156.0,456.0,474.0,Jahangirpuri_Delhi_DPCC,2021
25.0,374.0,360.0,178.0,223.0,173.0,164.0,104.0,133.0,62.0,,456.0,481.0,Jahangirpuri_Delhi_DPCC,2021
26.0,407.0,279.0,187.0,315.0,175.0,134.0,87.0,137.0,71.0,175.0,464.0,495.0,Jahangirpuri_Delhi_DPCC,2021
27.0,392.0,247.0,255.0,374.0,178.0,163.0,91.0,170.0,116.0,285.0,453.0,329.0,Jahangirpuri_Delhi_DPCC,2021
28.0,419.0,231.0,275.0,372.0,,144.0,58.0,160.0,116.0,282.0,454.0,370.0,Jahangirpuri_Delhi_DPCC,2021
29.0,444.0,,,,,176.0,63.0,125.0,105.0,301.0,431.0,339.0,Jahangirpuri_Delhi_DPCC,2021
30.0,389.0,,,305.0,105.0,236.0,62.0,82.0,107.0,312.0,356.0,383.0,Jahangirpuri_Delhi_DPCC,2021
31.0,,,,,123.0,,57.0,,,356.0,,401.0,Jahangirpuri_Delhi_DPCC,2021
1.0,455.0,329.0,,186.0,223.0,102.0,278.0,64.0,,76.0,285.0,357.0,Jawaharlal_Nehru_Stadium_Delhi_DPCC,2021
2.0,450.0,337.0,157.0,170.0,146.0,115.0,219.0,105.0,59.0,102.0,303.0,431.0,Jawaharlal_Nehru_Stadium_Delhi_DPCC,2021
3.0,370.0,320.0,166.0,118.0,226.0,156.0,123.0,59.0,61.0,90.0,319.0,353.0,Jawaharlal_Nehru_Stadium_Delhi_DPCC,2021
4.0,142.0,325.0,219.0,143.0,141.0,140.0,131.0,106.0,55.0,77.0,398.0,357.0,Jawaharlal_Nehru_Stadium_Delhi_DPCC,2021
5.0,145.0,111.0,214.0,155.0,148.0,106.0,138.0,102.0,64.0,97.0,471.0,297.0,Jawaharlal_Nehru_Stadium_Delhi_DPCC,2021
6.0,226.0,190.0,184.0,259.0,135.0,124.0,140.0,105.0,90.0,107.0,455.0,334.0,Jawaharlal_Nehru_Stadium_Delhi_DPCC,2021
7.0,277.0,225.0,237.0,242.0,116.0,147.0,166.0,112.0,72.0,112.0,430.0,260.0,Jawaharlal_Nehru_Stadium_Delhi_DPCC,2021
8.0,239.0,292.0,194.0,134.0,134.0,187.0,167.0,115.0,50.0,,385.0,245.0,Jawaharlal_Nehru_Stadium_Delhi_DPCC,2021
9.0,339.0,,275.0,,109.0,328.0,132.0,106.0,62.0,166.0,394.0,277.0,Jawaharlal_Nehru_Stadium_Delhi_DPCC,2021
10.0,282.0,243.0,144.0,132.0,94.0,230.0,93.0,95.0,72.0,161.0,365.0,307.0,Jawaharlal_Nehru_Stadium_Delhi_DPCC,2021
11.0,263.0,312.0,211.0,156.0,120.0,129.0,,121.0,66.0,140.0,407.0,270.0,Jawaharlal_Nehru_Stadium_Delhi_DPCC,2021
12.0,304.0,333.0,191.0,,94.0,135.0,84.0,114.0,59.0,164.0,480.0,245.0,Jawaharlal_Nehru_Stadium_Delhi_DPCC,2021
13.0,378.0,331.0,154.0,195.0,91.0,115.0,,113.0,78.0,153.0,462.0,319.0,Jawaharlal_Nehru_Stadium_Delhi_DPCC,2021
14.0,474.0,322.0,190.0,170.0,104.0,120.0,85.0,110.0,61.0,156.0,304.0,369.0,Jawaharlal_Nehru_Stadium_Delhi_DPCC,2021
15.0,485.0,286.0,,204.0,117.0,101.0,85.0,119.0,67.0,181.0,346.0,,Jawaharlal_Nehru_Stadium_Delhi_DPCC,2021
16.0,414.0,320.0,259.0,,119.0,98.0,76.0,123.0,76.0,285.0,399.0,367.0,Jawaharlal_Nehru_Stadium_Delhi_DPCC,2021
17.0,363.0,319.0,302.0,111.0,119.0,95.0,89.0,142.0,64.0,,363.0,309.0,Jawaharlal_Nehru_Stadium_Delhi_DPCC,2021
18.0,387.0,292.0,304.0,101.0,97.0,92.0,101.0,148.0,54.0,,333.0,288.0,Jawaharlal_Nehru_Stadium_Delhi_DPCC,2021
19.0,416.0,295.0,287.0,,104.0,87.0,132.0,143.0,76.0,55.0,368.0,269.0,Jawaharlal_Nehru_Stadium_Delhi_DPCC,2021
20.0,304.0,245.0,207.0,160.0,,82.0,129.0,,64.0,233.0,371.0,339.0,Jawaharlal_Nehru_Stadium_Delhi_DPCC,2021
21.0,296.0,300.0,197.0,136.0,115.0,84.0,117.0,,74.0,163.0,354.0,399.0,Jawaharlal_Nehru_Stadium_Delhi_DPCC,2021
22.0,381.0,266.0,189.0,102.0,104.0,104.0,108.0,,77.0,166.0,,422.0,Jawaharlal_Nehru_Stadium_Delhi_DPCC,2021
23.0,347.0,,240.0,120.0,214.0,204.0,103.0,74.0,67.0,135.0,289.0,448.0,Jawaharlal_Nehru_Stadium_Delhi_DPCC,2021
24.0,373.0,254.0,171.0,89.0,158.0,125.0,118.0,79.0,60.0,171.0,355.0,427.0,Jawaharlal_Nehru_Stadium_Delhi_DPCC,2021
25.0,,261.0,140.0,158.0,114.0,144.0,118.0,101.0,87.0,164.0,401.0,444.0,Jawaharlal_Nehru_Stadium_Delhi_DPCC,2021
26.0,334.0,202.0,130.0,198.0,106.0,130.0,115.0,109.0,64.0,116.0,406.0,459.0,Jawaharlal_Nehru_Stadium_Delhi_DPCC,2021
27.0,316.0,195.0,151.0,236.0,114.0,140.0,128.0,144.0,191.0,221.0,399.0,295.0,Jawaharlal_Nehru_Stadium_Delhi_DPCC,2021
28.0,381.0,217.0,194.0,267.0,,139.0,123.0,146.0,100.0,267.0,404.0,312.0,Jawaharlal_Nehru_Stadium_Delhi_DPCC,2021
29.0,395.0,,,250.0,,159.0,49.0,102.0,70.0,273.0,413.0,269.0,Jawaharlal_Nehru_Stadium_Delhi_DPCC,2021
30.0,306.0,,,256.0,97.0,196.0,78.0,67.0,75.0,273.0,336.0,286.0,Jawaharlal_Nehru_Stadium_Delhi_DPCC,2021
31.0,,,,,113.0,,44.0,,,272.0,,332.0,Jawaharlal_Nehru_Stadium_Delhi_DPCC,2021
1.0,404.0,,,,,,263.0,100.0,,75.0,253.0,318.0,Lodhi_Road_Delhi_IMD,2021
2.0,420.0,295.0,127.0,,,,236.0,105.0,62.0,98.0,275.0,391.0,Lodhi_Road_Delhi_IMD,2021
3.0,,301.0,148.0,,,,134.0,90.0,67.0,87.0,,297.0,Lodhi_Road_Delhi_IMD,2021
4.0,,296.0,182.0,,,,132.0,85.0,61.0,113.0,356.0,313.0,Lodhi_Road_Delhi_IMD,2021
5.0,103.0,91.0,,,,,139.0,92.0,,161.0,469.0,,Lodhi_Road_Delhi_IMD,2021
6.0,175.0,117.0,157.0,,,,145.0,88.0,,117.0,418.0,267.0,Lodhi_Road_Delhi_IMD,2021
7.0,221.0,163.0,199.0,,,,161.0,,66.0,120.0,406.0,183.0,Lodhi_Road_Delhi_IMD,2021
8.0,165.0,245.0,191.0,,,,162.0,,54.0,133.0,357.0,179.0,Lodhi_Road_Delhi_IMD,2021
9.0,260.0,266.0,268.0,,,,134.0,70.0,74.0,130.0,374.0,224.0,Lodhi_Road_Delhi_IMD,2021
10.0,208.0,215.0,,,,,101.0,92.0,66.0,142.0,344.0,256.0,Lodhi_Road_Delhi_IMD,2021
11.0,172.0,279.0,,,,,88.0,107.0,70.0,220.0,375.0,,Lodhi_Road_Delhi_IMD,2021
12.0,240.0,284.0,,,,,86.0,107.0,43.0,122.0,441.0,182.0,Lodhi_Road_Delhi_IMD,2021
13.0,330.0,303.0,,,,,94.0,116.0,78.0,,423.0,266.0,Lodhi_Road_Delhi_IMD,2021
14.0,423.0,270.0,,,,,,104.0,62.0,,277.0,311.0,Lodhi_Road_Delhi_IMD,2021
15.0,438.0,261.0,,,,,91.0,106.0,32.0,157.0,315.0,316.0,Lodhi_Road_Delhi_IMD,2021
16.0,370.0,296.0,,,,,90.0,127.0,57.0,266.0,365.0,293.0,Lodhi_Road_Delhi_IMD,2021
17.0,320.0,276.0,,,,,,130.0,48.0,272.0,331.0,270.0,Lodhi_Road_Delhi_IMD,2021
18.0,340.0,244.0,,,,84.0,88.0,134.0,60.0,21.0,297.0,261.0,Lodhi_Road_Delhi_IMD,2021
19.0,368.0,189.0,,,,84.0,,165.0,66.0,49.0,332.0,214.0,Lodhi_Road_Delhi_IMD,2021
20.0,237.0,194.0,,,,83.0,100.0,93.0,59.0,201.0,341.0,290.0,Lodhi_Road_Delhi_IMD,2021
21.0,199.0,239.0,,,,89.0,97.0,71.0,60.0,148.0,312.0,329.0,Lodhi_Road_Delhi_IMD,2021
22.0,312.0,188.0,,,,108.0,91.0,75.0,58.0,134.0,293.0,336.0,Lodhi_Road_Delhi_IMD,2021
23.0,287.0,145.0,,,,213.0,88.0,58.0,52.0,123.0,256.0,389.0,Lodhi_Road_Delhi_IMD,2021
24.0,330.0,182.0,,,,133.0,92.0,65.0,54.0,135.0,321.0,378.0,Lodhi_Road_Delhi_IMD,2021
25.0,276.0,192.0,,,,166.0,95.0,92.0,64.0,,364.0,390.0,Lodhi_Road_Delhi_IMD,2021
26.0,297.0,157.0,,,,116.0,91.0,103.0,57.0,98.0,362.0,357.0,Lodhi_Road_Delhi_IMD,2021
27.0,282.0,156.0,,,,147.0,90.0,134.0,84.0,175.0,356.0,245.0,Lodhi_Road_Delhi_IMD,2021
28.0,323.0,157.0,,,,141.0,91.0,141.0,92.0,240.0,364.0,226.0,Lodhi_Road_Delhi_IMD,2021
29.0,361.0,,,,,163.0,93.0,120.0,59.0,247.0,348.0,161.0,Lodhi_Road_Delhi_IMD,2021
30.0,248.0,,,,,188.0,99.0,65.0,62.0,242.0,300.0,208.0,Lodhi_Road_Delhi_IMD,2021
31.0,221.0,,,,,,91.0,58.0,,256.0,,270.0,Lodhi_Road_Delhi_IMD,2021
1.0,425.0,378.0,219.0,,265.0,108.0,320.0,94.0,61.0,140.0,300.0,410.0,Narela_Delhi_DPCC,2021
2.0,475.0,402.0,202.0,206.0,268.0,129.0,299.0,102.0,81.0,141.0,343.0,445.0,Narela_Delhi_DPCC,2021
3.0,386.0,383.0,244.0,213.0,288.0,137.0,168.0,106.0,76.0,101.0,360.0,392.0,Narela_Delhi_DPCC,2021
4.0,172.0,335.0,344.0,209.0,224.0,207.0,144.0,82.0,80.0,79.0,416.0,390.0,Narela_Delhi_DPCC,2021
5.0,141.0,131.0,327.0,189.0,174.0,119.0,181.0,111.0,114.0,118.0,482.0,345.0,Narela_Delhi_DPCC,2021
6.0,228.0,247.0,254.0,364.0,191.0,136.0,153.0,121.0,120.0,106.0,450.0,304.0,Narela_Delhi_DPCC,2021
7.0,277.0,274.0,335.0,279.0,134.0,183.0,219.0,115.0,123.0,125.0,451.0,282.0,Narela_Delhi_DPCC,2021
8.0,254.0,345.0,257.0,156.0,202.0,251.0,171.0,95.0,85.0,172.0,422.0,256.0,Narela_Delhi_DPCC,2021
9.0,290.0,,339.0,186.0,243.0,365.0,156.0,88.0,83.0,219.0,434.0,315.0,Narela_Delhi_DPCC,2021
10.0,271.0,350.0,242.0,213.0,,276.0,129.0,121.0,94.0,194.0,393.0,322.0,Narela_Delhi_DPCC,2021
11.0,259.0,352.0,264.0,239.0,203.0,174.0,111.0,138.0,67.0,178.0,427.0,296.0,Narela_Delhi_DPCC,2021
12.0,300.0,395.0,326.0,299.0,145.0,144.0,106.0,130.0,71.0,207.0,478.0,289.0,Narela_Delhi_DPCC,2021
13.0,363.0,329.0,260.0,286.0,138.0,98.0,,149.0,119.0,189.0,414.0,365.0,Narela_Delhi_DPCC,2021
14.0,385.0,382.0,274.0,261.0,167.0,122.0,108.0,163.0,91.0,182.0,368.0,404.0,Narela_Delhi_DPCC,2021
15.0,463.0,355.0,235.0,277.0,147.0,126.0,105.0,161.0,100.0,185.0,386.0,377.0,Narela_Delhi_DPCC,2021
16.0,385.0,366.0,289.0,,204.0,135.0,114.0,168.0,111.0,275.0,436.0,386.0,Narela_Delhi_DPCC,2021
17.0,342.0,329.0,366.0,139.0,219.0,130.0,132.0,176.0,84.0,337.0,399.0,350.0,Narela_Delhi_DPCC,2021
18.0,383.0,302.0,355.0,175.0,101.0,121.0,122.0,184.0,95.0,66.0,365.0,307.0,Narela_Delhi_DPCC,2021
19.0,385.0,282.0,329.0,219.0,89.0,101.0,68.0,203.0,93.0,,411.0,,Narela_Delhi_DPCC,2021
20.0,297.0,279.0,274.0,236.0,56.0,84.0,,,103.0,260.0,403.0,349.0,Narela_Delhi_DPCC,2021
21.0,296.0,345.0,325.0,174.0,68.0,99.0,82.0,70.0,128.0,210.0,336.0,431.0,Narela_Delhi_DPCC,2021
22.0,356.0,366.0,253.0,161.0,,149.0,92.0,58.0,76.0,180.0,298.0,422.0,Narela_Delhi_DPCC,2021
23.0,340.0,,281.0,187.0,221.0,284.0,77.0,93.0,73.0,255.0,319.0,462.0,Narela_Delhi_DPCC,2021
24.0,353.0,287.0,247.0,160.0,148.0,155.0,130.0,95.0,72.0,234.0,397.0,468.0,Narela_Delhi_DPCC,2021
25.0,293.0,364.0,186.0,219.0,152.0,168.0,128.0,116.0,91.0,91.0,451.0,467.0,Narela_Delhi_DPCC,2021
26.0,336.0,263.0,184.0,310.0,156.0,135.0,94.0,138.0,92.0,141.0,431.0,484.0,Narela_Delhi_DPCC,2021
27.0,,299.0,252.0,338.0,155.0,208.0,119.0,139.0,,254.0,,306.0,Narela_Delhi_DPCC,2021
28.0,379.0,260.0,,374.0,,207.0,67.0,165.0,141.0,281.0,,325.0,Narela_Delhi_DPCC,2021
29.0,380.0,,,356.0,96.0,222.0,68.0,129.0,103.0,300.0,,237.0,Narela_Delhi_DPCC,2021
30.0,345.0,,,355.0,136.0,256.0,69.0,104.0,121.0,263.0,,273.0,Narela_Delhi_DPCC,2021
31.0,,,,,153.0,,76.0,,,310.0,,289.0,Narela_Delhi_DPCC,2021
1.0,,,150.0,,,,241.0,,,95.0,270.0,370.0,North_Campus_DU_Delhi_IMD,2021
2.0,461.0,,136.0,,,,235.0,102.0,44.0,102.0,290.0,402.0,North_Campus_DU_Delhi_IMD,2021
3.0,,,143.0,,,,,65.0,54.0,87.0,,344.0,North_Campus_DU_Delhi_IMD,2021
4.0,152.0,303.0,252.0,,,,137.0,62.0,49.0,74.0,374.0,348.0,North_Campus_DU_Delhi_IMD,2021
5.0,117.0,,,,,,140.0,86.0,72.0,99.0,470.0,,North_Campus_DU_Delhi_IMD,2021
6.0,,147.0,146.0,,,,125.0,76.0,114.0,104.0,442.0,291.0,North_Campus_DU_Delhi_IMD,2021
7.0,217.0,230.0,238.0,,,,152.0,92.0,88.0,103.0,445.0,211.0,North_Campus_DU_Delhi_IMD,2021
8.0,230.0,299.0,201.0,,,,143.0,99.0,51.0,140.0,396.0,188.0,North_Campus_DU_Delhi_IMD,2021
9.0,282.0,324.0,276.0,,,,123.0,85.0,,147.0,417.0,282.0,North_Campus_DU_Delhi_IMD,2021
10.0,224.0,297.0,,,,,80.0,94.0,61.0,135.0,,296.0,North_Campus_DU_Delhi_IMD,2021
11.0,223.0,314.0,,,,,76.0,118.0,38.0,126.0,392.0,,North_Campus_DU_Delhi_IMD,2021
12.0,283.0,288.0,,,,,68.0,102.0,51.0,136.0,477.0,235.0,North_Campus_DU_Delhi_IMD,2021
13.0,339.0,291.0,,,,,,112.0,78.0,159.0,386.0,335.0,North_Campus_DU_Delhi_IMD,2021
14.0,,339.0,,,,,,102.0,55.0,152.0,,356.0,North_Campus_DU_Delhi_IMD,2021
15.0,435.0,310.0,,,,,,,54.0,166.0,,329.0,North_Campus_DU_Delhi_IMD,2021
16.0,,323.0,,,,89.0,,99.0,61.0,275.0,408.0,315.0,North_Campus_DU_Delhi_IMD,2021
17.0,331.0,294.0,,,,116.0,,128.0,48.0,273.0,371.0,300.0,North_Campus_DU_Delhi_IMD,2021
18.0,370.0,270.0,,,,77.0,,136.0,60.0,42.0,326.0,294.0,North_Campus_DU_Delhi_IMD,2021
19.0,396.0,297.0,,,,71.0,,168.0,66.0,54.0,382.0,245.0,North_Campus_DU_Delhi_IMD,2021
20.0,157.0,267.0,,,,70.0,,94.0,59.0,218.0,,318.0,North_Campus_DU_Delhi_IMD,2021
21.0,296.0,293.0,,,,74.0,,37.0,50.0,159.0,,400.0,North_Campus_DU_Delhi_IMD,2021
22.0,370.0,261.0,,,,99.0,,48.0,,143.0,,398.0,North_Campus_DU_Delhi_IMD,2021
23.0,291.0,222.0,,,,197.0,,66.0,,160.0,297.0,449.0,North_Campus_DU_Delhi_IMD,2021
24.0,352.0,293.0,,,,121.0,,81.0,42.0,133.0,367.0,431.0,North_Campus_DU_Delhi_IMD,2021
25.0,302.0,262.0,,,,151.0,,99.0,62.0,,403.0,428.0,North_Campus_DU_Delhi_IMD,2021
26.0,336.0,188.0,,,,105.0,,104.0,64.0,119.0,418.0,,North_Campus_DU_Delhi_IMD,2021
27.0,306.0,160.0,,,,148.0,,120.0,89.0,197.0,411.0,116.0,North_Campus_DU_Delhi_IMD,2021
28.0,339.0,166.0,,,,125.0,,145.0,123.0,270.0,409.0,245.0,North_Campus_DU_Delhi_IMD,2021
29.0,384.0,,,,,158.0,,,75.0,261.0,,,North_Campus_DU_Delhi_IMD,2021
30.0,290.0,,,,,179.0,,60.0,77.0,252.0,316.0,,North_Campus_DU_Delhi_IMD,2021
31.0,315.0,,,,,,,39.0,,288.0,,297.0,North_Campus_DU_Delhi_IMD,2021
1.0,336.0,251.0,186.0,283.0,270.0,173.0,301.0,67.0,53.0,,345.0,374.0,NSIT_Dwarka_Delhi_CPCB,2021
2.0,351.0,269.0,195.0,274.0,196.0,134.0,273.0,76.0,55.0,146.0,343.0,441.0,NSIT_Dwarka_Delhi_CPCB,2021
3.0,241.0,208.0,219.0,228.0,325.0,122.0,157.0,61.0,68.0,126.0,328.0,359.0,NSIT_Dwarka_Delhi_CPCB,2021
4.0,90.0,203.0,292.0,255.0,319.0,160.0,,62.0,157.0,110.0,388.0,360.0,NSIT_Dwarka_Delhi_CPCB,2021
5.0,99.0,104.0,282.0,284.0,185.0,,164.0,94.0,58.0,124.0,459.0,279.0,NSIT_Dwarka_Delhi_CPCB,2021
6.0,125.0,109.0,222.0,327.0,160.0,130.0,171.0,101.0,,142.0,425.0,353.0,NSIT_Dwarka_Delhi_CPCB,2021
7.0,164.0,134.0,285.0,306.0,132.0,180.0,212.0,,96.0,202.0,397.0,298.0,NSIT_Dwarka_Delhi_CPCB,2021
8.0,125.0,178.0,197.0,228.0,146.0,219.0,177.0,87.0,76.0,285.0,363.0,294.0,NSIT_Dwarka_Delhi_CPCB,2021
9.0,182.0,217.0,255.0,249.0,169.0,377.0,173.0,,65.0,176.0,375.0,318.0,NSIT_Dwarka_Delhi_CPCB,2021
10.0,148.0,191.0,203.0,252.0,141.0,293.0,130.0,105.0,56.0,184.0,352.0,331.0,NSIT_Dwarka_Delhi_CPCB,2021
11.0,167.0,232.0,302.0,245.0,138.0,164.0,101.0,142.0,38.0,195.0,391.0,319.0,NSIT_Dwarka_Delhi_CPCB,2021
12.0,185.0,215.0,174.0,298.0,146.0,176.0,106.0,121.0,63.0,202.0,417.0,278.0,NSIT_Dwarka_Delhi_CPCB,2021
13.0,253.0,183.0,241.0,299.0,126.0,,77.0,103.0,75.0,216.0,448.0,322.0,NSIT_Dwarka_Delhi_CPCB,2021
14.0,349.0,319.0,209.0,275.0,107.0,113.0,88.0,,60.0,313.0,334.0,323.0,NSIT_Dwarka_Delhi_CPCB,2021
15.0,435.0,257.0,220.0,300.0,148.0,123.0,102.0,77.0,66.0,274.0,342.0,327.0,NSIT_Dwarka_Delhi_CPCB,2021
16.0,303.0,234.0,299.0,324.0,186.0,123.0,100.0,101.0,82.0,322.0,382.0,361.0,NSIT_Dwarka_Delhi_CPCB,2021
17.0,232.0,295.0,402.0,168.0,236.0,109.0,138.0,93.0,70.0,,358.0,338.0,NSIT_Dwarka_Delhi_CPCB,2021
18.0,263.0,289.0,376.0,159.0,107.0,92.0,109.0,92.0,97.0,,325.0,325.0,NSIT_Dwarka_Delhi_CPCB,2021
19.0,316.0,275.0,360.0,278.0,80.0,81.0,66.0,98.0,101.0,127.0,367.0,292.0,NSIT_Dwarka_Delhi_CPCB,2021
20.0,134.0,159.0,327.0,267.0,43.0,69.0,55.0,81.0,84.0,303.0,346.0,294.0,NSIT_Dwarka_Delhi_CPCB,2021
21.0,172.0,281.0,336.0,134.0,71.0,74.0,67.0,60.0,90.0,284.0,353.0,390.0,NSIT_Dwarka_Delhi_CPCB,2021
22.0,278.0,283.0,261.0,134.0,66.0,126.0,136.0,50.0,91.0,,336.0,432.0,NSIT_Dwarka_Delhi_CPCB,2021
23.0,187.0,287.0,264.0,126.0,289.0,289.0,55.0,88.0,88.0,185.0,293.0,361.0,NSIT_Dwarka_Delhi_CPCB,2021
24.0,235.0,360.0,201.0,131.0,240.0,143.0,92.0,,84.0,188.0,274.0,324.0,NSIT_Dwarka_Delhi_CPCB,2021
25.0,205.0,309.0,178.0,251.0,160.0,,99.0,119.0,101.0,101.0,376.0,392.0,NSIT_Dwarka_Delhi_CPCB,2021
26.0,196.0,245.0,202.0,281.0,158.0,161.0,72.0,130.0,97.0,154.0,360.0,450.0,NSIT_Dwarka_Delhi_CPCB,2021
27.0,,184.0,263.0,330.0,171.0,171.0,83.0,150.0,153.0,268.0,402.0,262.0,NSIT_Dwarka_Delhi_CPCB,2021
28.0,236.0,253.0,319.0,354.0,119.0,161.0,42.0,160.0,192.0,312.0,416.0,276.0,NSIT_Dwarka_Delhi_CPCB,2021
29.0,268.0,,338.0,363.0,100.0,210.0,49.0,131.0,97.0,354.0,404.0,221.0,NSIT_Dwarka_Delhi_CPCB,2021
30.0,200.0,,370.0,336.0,,298.0,76.0,86.0,94.0,347.0,372.0,286.0,NSIT_Dwarka_Delhi_CPCB,2021
31.0,214.0,,301.0,,125.0,,55.0,63.0,,339.0,,310.0,NSIT_Dwarka_Delhi_CPCB,2021
1.0,469.0,387.0,156.0,168.0,225.0,96.0,238.0,82.0,47.0,137.0,297.0,366.0,Okhla_Phase-2_Delhi_DPCC,2021
2.0,458.0,351.0,161.0,164.0,109.0,132.0,223.0,100.0,52.0,131.0,304.0,439.0,Okhla_Phase-2_Delhi_DPCC,2021
3.0,403.0,346.0,165.0,123.0,,167.0,138.0,64.0,77.0,99.0,,355.0,Okhla_Phase-2_Delhi_DPCC,2021
4.0,,340.0,289.0,143.0,172.0,141.0,133.0,50.0,70.0,92.0,392.0,378.0,Okhla_Phase-2_Delhi_DPCC,2021
5.0,158.0,146.0,266.0,212.0,166.0,124.0,140.0,87.0,94.0,110.0,,304.0,Okhla_Phase-2_Delhi_DPCC,2021
6.0,300.0,225.0,171.0,265.0,134.0,137.0,146.0,94.0,117.0,124.0,457.0,351.0,Okhla_Phase-2_Delhi_DPCC,2021
7.0,296.0,254.0,264.0,256.0,125.0,149.0,,105.0,112.0,127.0,436.0,277.0,Okhla_Phase-2_Delhi_DPCC,2021
8.0,191.0,320.0,184.0,140.0,185.0,177.0,171.0,119.0,67.0,186.0,394.0,249.0,Okhla_Phase-2_Delhi_DPCC,2021
9.0,353.0,,,140.0,152.0,256.0,138.0,84.0,75.0,174.0,406.0,284.0,Okhla_Phase-2_Delhi_DPCC,2021
10.0,310.0,288.0,147.0,162.0,175.0,223.0,95.0,116.0,88.0,174.0,364.0,330.0,Okhla_Phase-2_Delhi_DPCC,2021
11.0,299.0,336.0,241.0,152.0,150.0,145.0,86.0,137.0,43.0,180.0,406.0,272.0,Okhla_Phase-2_Delhi_DPCC,2021
12.0,331.0,377.0,227.0,209.0,105.0,132.0,83.0,160.0,36.0,204.0,479.0,257.0,Okhla_Phase-2_Delhi_DPCC,2021
13.0,397.0,383.0,172.0,211.0,102.0,79.0,,133.0,102.0,180.0,460.0,365.0,Okhla_Phase-2_Delhi_DPCC,2021
14.0,473.0,409.0,193.0,174.0,95.0,153.0,68.0,,63.0,182.0,309.0,397.0,Okhla_Phase-2_Delhi_DPCC,2021
15.0,493.0,345.0,171.0,202.0,135.0,94.0,67.0,139.0,55.0,255.0,354.0,395.0,Okhla_Phase-2_Delhi_DPCC,2021
16.0,458.0,341.0,253.0,,164.0,109.0,78.0,144.0,72.0,298.0,402.0,386.0,Okhla_Phase-2_Delhi_DPCC,2021
17.0,393.0,316.0,326.0,120.0,153.0,95.0,105.0,172.0,114.0,288.0,372.0,318.0,Okhla_Phase-2_Delhi_DPCC,2021
18.0,386.0,324.0,329.0,117.0,95.0,71.0,93.0,174.0,71.0,34.0,362.0,,Okhla_Phase-2_Delhi_DPCC,2021
19.0,451.0,330.0,282.0,170.0,66.0,58.0,44.0,207.0,86.0,75.0,384.0,287.0,Okhla_Phase-2_Delhi_DPCC,2021
20.0,318.0,284.0,212.0,168.0,47.0,47.0,59.0,116.0,91.0,221.0,375.0,341.0,Okhla_Phase-2_Delhi_DPCC,2021
21.0,310.0,300.0,194.0,135.0,60.0,64.0,60.0,53.0,107.0,201.0,371.0,423.0,Okhla_Phase-2_Delhi_DPCC,2021
22.0,389.0,278.0,187.0,109.0,78.0,111.0,78.0,46.0,73.0,172.0,279.0,416.0,Okhla_Phase-2_Delhi_DPCC,2021
23.0,347.0,214.0,,130.0,212.0,254.0,58.0,76.0,70.0,197.0,292.0,444.0,Okhla_Phase-2_Delhi_DPCC,2021
24.0,395.0,248.0,130.0,85.0,173.0,120.0,84.0,98.0,99.0,204.0,376.0,441.0,Okhla_Phase-2_Delhi_DPCC,2021
25.0,365.0,271.0,145.0,165.0,125.0,156.0,107.0,137.0,79.0,66.0,413.0,461.0,Okhla_Phase-2_Delhi_DPCC,2021
26.0,356.0,200.0,144.0,219.0,114.0,137.0,84.0,153.0,82.0,136.0,424.0,476.0,Okhla_Phase-2_Delhi_DPCC,2021
27.0,,190.0,171.0,268.0,139.0,154.0,89.0,154.0,105.0,236.0,434.0,318.0,Okhla_Phase-2_Delhi_DPCC,2021
28.0,387.0,188.0,180.0,302.0,,171.0,62.0,172.0,140.0,263.0,419.0,334.0,Okhla_Phase-2_Delhi_DPCC,2021
29.0,421.0,,,272.0,99.0,183.0,57.0,116.0,98.0,276.0,413.0,294.0,Okhla_Phase-2_Delhi_DPCC,2021
30.0,325.0,,,260.0,94.0,204.0,58.0,88.0,100.0,262.0,336.0,291.0,Okhla_Phase-2_Delhi_DPCC,2021
31.0,,,,,136.0,,37.0,,,264.0,,338.0,Okhla_Phase-2_Delhi_DPCC,2021
1.0,471.0,391.0,147.0,143.0,240.0,94.0,221.0,64.0,,107.0,282.0,379.0,Patparganj_Delhi_DPCC,2021
2.0,469.0,400.0,142.0,140.0,,140.0,197.0,95.0,54.0,148.0,302.0,440.0,Patparganj_Delhi_DPCC,2021
3.0,421.0,366.0,164.0,114.0,216.0,123.0,122.0,57.0,60.0,104.0,320.0,375.0,Patparganj_Delhi_DPCC,2021
4.0,,344.0,283.0,126.0,145.0,199.0,134.0,41.0,40.0,81.0,397.0,395.0,Patparganj_Delhi_DPCC,2021
5.0,185.0,106.0,252.0,214.0,144.0,92.0,154.0,65.0,81.0,100.0,,309.0,Patparganj_Delhi_DPCC,2021
6.0,273.0,221.0,204.0,266.0,130.0,118.0,139.0,132.0,168.0,114.0,457.0,356.0,Patparganj_Delhi_DPCC,2021
7.0,304.0,266.0,261.0,,,145.0,180.0,169.0,97.0,159.0,440.0,267.0,Patparganj_Delhi_DPCC,2021
8.0,318.0,346.0,202.0,122.0,165.0,180.0,146.0,169.0,59.0,155.0,406.0,248.0,Patparganj_Delhi_DPCC,2021
9.0,361.0,,296.0,122.0,125.0,305.0,121.0,130.0,45.0,162.0,419.0,302.0,Patparganj_Delhi_DPCC,2021
10.0,150.0,312.0,131.0,137.0,96.0,204.0,73.0,91.0,62.0,154.0,375.0,339.0,Patparganj_Delhi_DPCC,2021
11.0,295.0,337.0,256.0,147.0,139.0,120.0,74.0,104.0,49.0,166.0,420.0,282.0,Patparganj_Delhi_DPCC,2021
12.0,333.0,371.0,197.0,209.0,91.0,117.0,70.0,95.0,50.0,176.0,484.0,264.0,Patparganj_Delhi_DPCC,2021
13.0,388.0,387.0,188.0,192.0,98.0,64.0,,104.0,141.0,179.0,458.0,345.0,Patparganj_Delhi_DPCC,2021
14.0,438.0,398.0,201.0,160.0,97.0,95.0,62.0,97.0,53.0,179.0,323.0,388.0,Patparganj_Delhi_DPCC,2021
15.0,487.0,,,181.0,122.0,78.0,62.0,103.0,46.0,204.0,358.0,385.0,Patparganj_Delhi_DPCC,2021
16.0,437.0,345.0,,,136.0,85.0,74.0,,38.0,328.0,418.0,377.0,Patparganj_Delhi_DPCC,2021
17.0,378.0,337.0,299.0,120.0,193.0,85.0,90.0,131.0,45.0,322.0,391.0,328.0,Patparganj_Delhi_DPCC,2021
18.0,386.0,332.0,303.0,124.0,78.0,60.0,84.0,131.0,49.0,34.0,365.0,305.0,Patparganj_Delhi_DPCC,2021
19.0,448.0,333.0,244.0,154.0,59.0,54.0,42.0,,62.0,63.0,,294.0,Patparganj_Delhi_DPCC,2021
20.0,329.0,320.0,217.0,167.0,45.0,39.0,64.0,,42.0,258.0,381.0,353.0,Patparganj_Delhi_DPCC,2021
21.0,322.0,324.0,209.0,151.0,82.0,59.0,52.0,,49.0,173.0,362.0,431.0,Patparganj_Delhi_DPCC,2021
22.0,367.0,308.0,183.0,102.0,50.0,87.0,70.0,,44.0,144.0,311.0,431.0,Patparganj_Delhi_DPCC,2021
23.0,340.0,227.0,246.0,118.0,271.0,157.0,47.0,93.0,43.0,173.0,294.0,463.0,Patparganj_Delhi_DPCC,2021
24.0,381.0,270.0,155.0,87.0,143.0,97.0,69.0,120.0,48.0,158.0,366.0,450.0,Patparganj_Delhi_DPCC,2021
25.0,353.0,294.0,123.0,174.0,,136.0,,108.0,159.0,169.0,417.0,450.0,Patparganj_Delhi_DPCC,2021
26.0,364.0,231.0,117.0,264.0,104.0,103.0,76.0,96.0,63.0,140.0,438.0,473.0,Patparganj_Delhi_DPCC,2021
27.0,,172.0,152.0,272.0,118.0,118.0,115.0,135.0,162.0,240.0,426.0,,Patparganj_Delhi_DPCC,2021
28.0,384.0,184.0,202.0,308.0,,108.0,56.0,135.0,121.0,284.0,429.0,328.0,Patparganj_Delhi_DPCC,2021
29.0,424.0,,,280.0,69.0,218.0,52.0,118.0,64.0,281.0,424.0,297.0,Patparganj_Delhi_DPCC,2021
30.0,328.0,,,255.0,83.0,163.0,61.0,81.0,68.0,264.0,336.0,282.0,Patparganj_Delhi_DPCC,2021
31.0,,,,,111.0,,39.0,,,294.0,,334.0,Patparganj_Delhi_DPCC,2021
1.0,482.0,337.0,188.0,168.0,210.0,97.0,201.0,84.0,66.0,98.0,277.0,406.0,Punjabi_Bagh_Delhi_DPCC,2021
2.0,472.0,331.0,248.0,164.0,151.0,123.0,162.0,103.0,76.0,121.0,302.0,453.0,Punjabi_Bagh_Delhi_DPCC,2021
3.0,366.0,283.0,241.0,180.0,253.0,146.0,105.0,79.0,82.0,102.0,312.0,,Punjabi_Bagh_Delhi_DPCC,2021
4.0,206.0,280.0,317.0,176.0,161.0,208.0,102.0,80.0,67.0,90.0,406.0,405.0,Punjabi_Bagh_Delhi_DPCC,2021
5.0,148.0,258.0,236.0,157.0,270.0,,110.0,106.0,96.0,117.0,479.0,335.0,Punjabi_Bagh_Delhi_DPCC,2021
6.0,258.0,249.0,246.0,271.0,189.0,184.0,97.0,106.0,164.0,111.0,454.0,,Punjabi_Bagh_Delhi_DPCC,2021
7.0,279.0,197.0,262.0,232.0,208.0,203.0,180.0,97.0,108.0,164.0,454.0,290.0,Punjabi_Bagh_Delhi_DPCC,2021
8.0,254.0,289.0,235.0,164.0,149.0,150.0,164.0,155.0,81.0,187.0,413.0,266.0,Punjabi_Bagh_Delhi_DPCC,2021
9.0,323.0,,290.0,141.0,111.0,279.0,139.0,118.0,77.0,166.0,426.0,325.0,Punjabi_Bagh_Delhi_DPCC,2021
10.0,240.0,290.0,159.0,178.0,196.0,163.0,,101.0,90.0,169.0,388.0,338.0,Punjabi_Bagh_Delhi_DPCC,2021
11.0,216.0,304.0,253.0,166.0,168.0,251.0,82.0,116.0,59.0,163.0,428.0,306.0,Punjabi_Bagh_Delhi_DPCC,2021
12.0,324.0,317.0,196.0,224.0,104.0,104.0,70.0,121.0,62.0,200.0,487.0,285.0,Punjabi_Bagh_Delhi_DPCC,2021
13.0,272.0,320.0,215.0,217.0,177.0,63.0,,104.0,101.0,159.0,458.0,364.0,Punjabi_Bagh_Delhi_DPCC,2021
14.0,464.0,324.0,271.0,175.0,233.0,164.0,69.0,103.0,81.0,183.0,360.0,412.0,Punjabi_Bagh_Delhi_DPCC,2021
15.0,452.0,269.0,186.0,204.0,103.0,95.0,,110.0,80.0,208.0,379.0,391.0,Punjabi_Bagh_Delhi_DPCC,2021
16.0,380.0,295.0,236.0,,,87.0,80.0,,75.0,297.0,416.0,395.0,Punjabi_Bagh_Delhi_DPCC,2021
17.0,357.0,306.0,277.0,119.0,195.0,118.0,108.0,134.0,71.0,328.0,390.0,357.0,Punjabi_Bagh_Delhi_DPCC,2021
18.0,377.0,281.0,264.0,170.0,69.0,63.0,78.0,149.0,87.0,,385.0,,Punjabi_Bagh_Delhi_DPCC,2021
19.0,,314.0,239.0,,64.0,49.0,47.0,171.0,90.0,60.0,409.0,303.0,Punjabi_Bagh_Delhi_DPCC,2021
20.0,189.0,249.0,265.0,166.0,,46.0,67.0,,84.0,258.0,402.0,350.0,Punjabi_Bagh_Delhi_DPCC,2021
21.0,,308.0,240.0,121.0,195.0,63.0,69.0,65.0,77.0,189.0,357.0,441.0,Punjabi_Bagh_Delhi_DPCC,2021
22.0,,296.0,161.0,221.0,163.0,,84.0,64.0,74.0,179.0,321.0,445.0,Punjabi_Bagh_Delhi_DPCC,2021
23.0,253.0,245.0,,99.0,259.0,180.0,61.0,80.0,70.0,171.0,,463.0,Punjabi_Bagh_Delhi_DPCC,2021
24.0,296.0,,168.0,174.0,169.0,192.0,107.0,105.0,70.0,155.0,390.0,438.0,Punjabi_Bagh_Delhi_DPCC,2021
25.0,236.0,309.0,112.0,210.0,202.0,123.0,113.0,110.0,92.0,75.0,416.0,450.0,Punjabi_Bagh_Delhi_DPCC,2021
26.0,290.0,254.0,138.0,261.0,233.0,96.0,74.0,92.0,91.0,140.0,,480.0,Punjabi_Bagh_Delhi_DPCC,2021
27.0,,181.0,202.0,307.0,231.0,169.0,100.0,138.0,100.0,258.0,440.0,319.0,Punjabi_Bagh_Delhi_DPCC,2021
28.0,326.0,213.0,237.0,326.0,,133.0,38.0,157.0,122.0,292.0,,350.0,Punjabi_Bagh_Delhi_DPCC,2021
29.0,359.0,,,297.0,84.0,171.0,50.0,208.0,93.0,297.0,,323.0,Punjabi_Bagh_Delhi_DPCC,2021
30.0,244.0,,,276.0,93.0,155.0,88.0,109.0,85.0,276.0,,313.0,Punjabi_Bagh_Delhi_DPCC,2021
31.0,,,,,184.0,,58.0,,,302.0,,331.0,Punjabi_Bagh_Delhi_DPCC,2021
1.0,485.0,393.0,184.0,172.0,252.0,96.0,298.0,86.0,42.0,117.0,289.0,408.0,Rohini_Delhi_DPCC,2021
2.0,494.0,394.0,187.0,180.0,196.0,119.0,274.0,,46.0,133.0,292.0,446.0,Rohini_Delhi_DPCC,2021
3.0,398.0,359.0,225.0,144.0,281.0,121.0,149.0,58.0,64.0,98.0,307.0,388.0,Rohini_Delhi_DPCC,2021
4.0,225.0,314.0,312.0,189.0,197.0,218.0,154.0,60.0,54.0,87.0,392.0,389.0,Rohini_Delhi_DPCC,2021
5.0,128.0,,,181.0,163.0,106.0,157.0,96.0,86.0,115.0,479.0,362.0,Rohini_Delhi_DPCC,2021
6.0,286.0,232.0,220.0,298.0,144.0,125.0,143.0,92.0,132.0,102.0,456.0,331.0,Rohini_Delhi_DPCC,2021
7.0,302.0,265.0,292.0,243.0,,177.0,192.0,100.0,98.0,112.0,456.0,276.0,Rohini_Delhi_DPCC,2021
8.0,255.0,340.0,209.0,147.0,187.0,214.0,154.0,107.0,56.0,,422.0,175.0,Rohini_Delhi_DPCC,2021
9.0,302.0,,274.0,160.0,137.0,366.0,145.0,103.0,86.0,171.0,430.0,329.0,Rohini_Delhi_DPCC,2021
10.0,243.0,339.0,183.0,204.0,99.0,235.0,82.0,108.0,81.0,171.0,394.0,344.0,Rohini_Delhi_DPCC,2021
11.0,246.0,343.0,235.0,185.0,118.0,123.0,,127.0,39.0,161.0,423.0,313.0,Rohini_Delhi_DPCC,2021
12.0,302.0,360.0,221.0,259.0,110.0,128.0,,117.0,38.0,184.0,493.0,,Rohini_Delhi_DPCC,2021
13.0,366.0,342.0,211.0,274.0,108.0,79.0,,119.0,73.0,161.0,427.0,395.0,Rohini_Delhi_DPCC,2021
14.0,441.0,370.0,261.0,208.0,134.0,94.0,65.0,114.0,56.0,183.0,369.0,408.0,Rohini_Delhi_DPCC,2021
15.0,474.0,325.0,205.0,230.0,116.0,96.0,70.0,118.0,61.0,185.0,,,Rohini_Delhi_DPCC,2021
16.0,398.0,338.0,266.0,,144.0,,89.0,120.0,88.0,286.0,433.0,393.0,Rohini_Delhi_DPCC,2021
17.0,335.0,341.0,343.0,154.0,200.0,114.0,105.0,158.0,52.0,268.0,412.0,357.0,Rohini_Delhi_DPCC,2021
18.0,391.0,324.0,332.0,161.0,99.0,72.0,89.0,154.0,58.0,27.0,384.0,,Rohini_Delhi_DPCC,2021
19.0,404.0,340.0,302.0,224.0,75.0,64.0,40.0,167.0,89.0,89.0,420.0,298.0,Rohini_Delhi_DPCC,2021
20.0,312.0,213.0,257.0,,44.0,50.0,,,84.0,257.0,408.0,362.0,Rohini_Delhi_DPCC,2021
21.0,314.0,327.0,290.0,129.0,81.0,,,188.0,65.0,223.0,364.0,453.0,Rohini_Delhi_DPCC,2021
22.0,403.0,326.0,197.0,130.0,63.0,113.0,77.0,,67.0,186.0,331.0,440.0,Rohini_Delhi_DPCC,2021
23.0,343.0,334.0,245.0,122.0,248.0,230.0,58.0,82.0,63.0,214.0,315.0,474.0,Rohini_Delhi_DPCC,2021
24.0,362.0,356.0,213.0,112.0,145.0,128.0,104.0,89.0,52.0,144.0,371.0,461.0,Rohini_Delhi_DPCC,2021
25.0,338.0,360.0,143.0,208.0,124.0,146.0,101.0,111.0,57.0,,448.0,475.0,Rohini_Delhi_DPCC,2021
26.0,371.0,253.0,141.0,310.0,134.0,134.0,78.0,115.0,68.0,150.0,456.0,495.0,Rohini_Delhi_DPCC,2021
27.0,,240.0,208.0,339.0,132.0,163.0,92.0,142.0,107.0,254.0,453.0,,Rohini_Delhi_DPCC,2021
28.0,375.0,254.0,254.0,355.0,,146.0,43.0,148.0,138.0,279.0,451.0,364.0,Rohini_Delhi_DPCC,2021
29.0,420.0,,,323.0,86.0,178.0,49.0,122.0,84.0,263.0,418.0,294.0,Rohini_Delhi_DPCC,2021
30.0,338.0,,,321.0,107.0,205.0,60.0,79.0,78.0,256.0,344.0,322.0,Rohini_Delhi_DPCC,2021
31.0,,,,,109.0,,48.0,,,277.0,,343.0,Rohini_Delhi_DPCC,2021
1.0,441.0,316.0,175.0,154.0,252.0,102.0,,67.0,77.0,129.0,265.0,339.0,Sirifort_Delhi_CPCB,2021
2.0,437.0,335.0,169.0,151.0,154.0,121.0,,80.0,78.0,99.0,297.0,416.0,Sirifort_Delhi_CPCB,2021
3.0,349.0,325.0,176.0,218.0,218.0,243.0,,64.0,90.0,100.0,307.0,341.0,Sirifort_Delhi_CPCB,2021
4.0,136.0,328.0,264.0,156.0,136.0,169.0,,56.0,62.0,37.0,378.0,345.0,Sirifort_Delhi_CPCB,2021
5.0,139.0,169.0,299.0,166.0,239.0,153.0,,112.0,,117.0,467.0,280.0,Sirifort_Delhi_CPCB,2021
6.0,201.0,228.0,183.0,245.0,134.0,104.0,,110.0,,112.0,436.0,327.0,Sirifort_Delhi_CPCB,2021
7.0,275.0,252.0,284.0,,239.0,218.0,,110.0,66.0,121.0,414.0,271.0,Sirifort_Delhi_CPCB,2021
8.0,258.0,297.0,270.0,178.0,155.0,172.0,,87.0,95.0,160.0,371.0,235.0,Sirifort_Delhi_CPCB,2021
9.0,326.0,328.0,327.0,183.0,180.0,296.0,135.0,79.0,65.0,185.0,381.0,274.0,Sirifort_Delhi_CPCB,2021
10.0,278.0,257.0,194.0,182.0,200.0,210.0,128.0,55.0,69.0,205.0,356.0,316.0,Sirifort_Delhi_CPCB,2021
11.0,272.0,336.0,268.0,182.0,176.0,121.0,86.0,51.0,77.0,159.0,386.0,252.0,Sirifort_Delhi_CPCB,2021
12.0,306.0,358.0,218.0,245.0,157.0,133.0,91.0,120.0,87.0,189.0,460.0,237.0,Sirifort_Delhi_CPCB,2021
13.0,386.0,359.0,182.0,211.0,152.0,78.0,64.0,130.0,77.0,191.0,444.0,302.0,Sirifort_Delhi_CPCB,2021
14.0,464.0,333.0,191.0,191.0,228.0,86.0,76.0,135.0,55.0,176.0,291.0,355.0,Sirifort_Delhi_CPCB,2021
15.0,490.0,332.0,186.0,181.0,235.0,96.0,63.0,57.0,53.0,200.0,325.0,342.0,Sirifort_Delhi_CPCB,2021
16.0,433.0,346.0,291.0,246.0,153.0,128.0,86.0,58.0,68.0,291.0,380.0,334.0,Sirifort_Delhi_CPCB,2021
17.0,370.0,337.0,243.0,148.0,158.0,90.0,123.0,140.0,45.0,286.0,350.0,297.0,Sirifort_Delhi_CPCB,2021
18.0,372.0,313.0,358.0,205.0,117.0,75.0,108.0,94.0,56.0,32.0,339.0,295.0,Sirifort_Delhi_CPCB,2021
19.0,416.0,328.0,300.0,171.0,61.0,54.0,44.0,161.0,88.0,70.0,355.0,243.0,Sirifort_Delhi_CPCB,2021
20.0,293.0,271.0,237.0,181.0,104.0,56.0,52.0,109.0,96.0,214.0,360.0,306.0,Sirifort_Delhi_CPCB,2021
21.0,290.0,304.0,205.0,128.0,103.0,66.0,50.0,,118.0,192.0,339.0,366.0,Sirifort_Delhi_CPCB,2021
22.0,357.0,277.0,202.0,195.0,174.0,108.0,73.0,48.0,75.0,194.0,295.0,370.0,Sirifort_Delhi_CPCB,2021
23.0,336.0,216.0,288.0,117.0,264.0,,58.0,66.0,77.0,159.0,271.0,421.0,Sirifort_Delhi_CPCB,2021
24.0,376.0,245.0,176.0,195.0,275.0,,123.0,76.0,66.0,154.0,325.0,418.0,Sirifort_Delhi_CPCB,2021
25.0,344.0,248.0,147.0,221.0,188.0,,107.0,112.0,69.0,62.0,380.0,423.0,Sirifort_Delhi_CPCB,2021
26.0,341.0,206.0,165.0,199.0,239.0,,79.0,126.0,72.0,130.0,383.0,458.0,Sirifort_Delhi_CPCB,2021
27.0,325.0,238.0,196.0,229.0,227.0,,75.0,153.0,100.0,221.0,386.0,265.0,Sirifort_Delhi_CPCB,2021
28.0,367.0,230.0,213.0,258.0,94.0,,39.0,150.0,124.0,269.0,384.0,309.0,Sirifort_Delhi_CPCB,2021
29.0,385.0,,204.0,250.0,88.0,,,109.0,84.0,270.0,374.0,232.0,Sirifort_Delhi_CPCB,2021
30.0,295.0,,159.0,244.0,91.0,,124.0,70.0,104.0,259.0,318.0,259.0,Sirifort_Delhi_CPCB,2021
31.0,288.0,,178.0,,189.0,,89.0,,,262.0,,327.0,Sirifort_Delhi_CPCB,2021
1.0,489.0,415.0,171.0,203.0,229.0,67.0,304.0,63.0,78.0,108.0,,427.0,Vivek_Vihar_Delhi_DPCC,2021
2.0,475.0,418.0,210.0,180.0,186.0,150.0,265.0,121.0,72.0,115.0,317.0,451.0,Vivek_Vihar_Delhi_DPCC,2021
3.0,418.0,396.0,167.0,172.0,195.0,203.0,,75.0,65.0,100.0,328.0,389.0,Vivek_Vihar_Delhi_DPCC,2021
4.0,215.0,360.0,304.0,152.0,155.0,169.0,181.0,,87.0,87.0,394.0,,Vivek_Vihar_Delhi_DPCC,2021
5.0,193.0,138.0,276.0,243.0,142.0,112.0,156.0,93.0,89.0,113.0,483.0,314.0,Vivek_Vihar_Delhi_DPCC,2021
6.0,299.0,194.0,235.0,279.0,142.0,133.0,151.0,94.0,123.0,118.0,462.0,,Vivek_Vihar_Delhi_DPCC,2021
7.0,322.0,265.0,284.0,241.0,130.0,,167.0,97.0,98.0,120.0,456.0,,Vivek_Vihar_Delhi_DPCC,2021
8.0,354.0,344.0,213.0,147.0,204.0,210.0,172.0,,,155.0,419.0,256.0,Vivek_Vihar_Delhi_DPCC,2021
9.0,380.0,,316.0,162.0,114.0,333.0,139.0,88.0,79.0,163.0,439.0,327.0,Vivek_Vihar_Delhi_DPCC,2021
10.0,332.0,331.0,209.0,154.0,96.0,220.0,85.0,98.0,77.0,159.0,398.0,,Vivek_Vihar_Delhi_DPCC,2021
11.0,312.0,383.0,265.0,180.0,,144.0,,136.0,68.0,144.0,432.0,296.0,Vivek_Vihar_Delhi_DPCC,2021
12.0,355.0,368.0,227.0,231.0,117.0,126.0,,,92.0,142.0,489.0,,Vivek_Vihar_Delhi_DPCC,2021
13.0,379.0,430.0,247.0,214.0,95.0,81.0,,125.0,94.0,180.0,,379.0,Vivek_Vihar_Delhi_DPCC,2021
14.0,436.0,405.0,170.0,187.0,137.0,109.0,73.0,120.0,84.0,178.0,353.0,,Vivek_Vihar_Delhi_DPCC,2021
15.0,,351.0,202.0,194.0,137.0,109.0,93.0,123.0,71.0,179.0,388.0,421.0,Vivek_Vihar_Delhi_DPCC,2021
16.0,435.0,362.0,251.0,,189.0,119.0,89.0,130.0,78.0,,437.0,,Vivek_Vihar_Delhi_DPCC,2021
17.0,,340.0,315.0,94.0,,149.0,,155.0,79.0,,,345.0,Vivek_Vihar_Delhi_DPCC,2021
18.0,400.0,,315.0,169.0,103.0,84.0,99.0,,76.0,,373.0,314.0,Vivek_Vihar_Delhi_DPCC,2021
19.0,441.0,364.0,300.0,,,70.0,56.0,167.0,89.0,67.0,423.0,,Vivek_Vihar_Delhi_DPCC,2021
20.0,347.0,78.0,210.0,196.0,,,97.0,,84.0,171.0,406.0,,Vivek_Vihar_Delhi_DPCC,2021
21.0,347.0,320.0,213.0,148.0,,55.0,56.0,77.0,79.0,184.0,407.0,,Vivek_Vihar_Delhi_DPCC,2021
22.0,383.0,318.0,215.0,116.0,,107.0,,61.0,73.0,166.0,335.0,463.0,Vivek_Vihar_Delhi_DPCC,2021
23.0,349.0,,285.0,123.0,257.0,205.0,60.0,74.0,72.0,142.0,326.0,473.0,Vivek_Vihar_Delhi_DPCC,2021
24.0,400.0,,187.0,91.0,133.0,126.0,,109.0,58.0,142.0,399.0,456.0,Vivek_Vihar_Delhi_DPCC,2021
25.0,361.0,323.0,151.0,199.0,70.0,161.0,,108.0,,74.0,448.0,452.0,Vivek_Vihar_Delhi_DPCC,2021
26.0,376.0,251.0,151.0,,,129.0,,114.0,85.0,,447.0,,Vivek_Vihar_Delhi_DPCC,2021
27.0,353.0,243.0,165.0,303.0,115.0,172.0,,141.0,102.0,198.0,442.0,277.0,Vivek_Vihar_Delhi_DPCC,2021
28.0,365.0,210.0,265.0,,,,98.0,148.0,,,429.0,343.0,Vivek_Vihar_Delhi_DPCC,2021
29.0,,,,,39.0,166.0,64.0,,84.0,,,297.0,Vivek_Vihar_Delhi_DPCC,2021
30.0,351.0,,,258.0,105.0,222.0,62.0,,89.0,,347.0,293.0,Vivek_Vihar_Delhi_DPCC,2021
31.0,,,,,139.0,,55.0,,,,,,Vivek_Vihar_Delhi_DPCC,2021
1.0,487.0,398.0,141.0,,212.0,51.0,303.0,103.0,77.0,146.0,342.0,419.0,Wazirpur_Delhi_DPCC,2021
2.0,466.0,403.0,144.0,128.0,149.0,237.0,296.0,,70.0,165.0,339.0,440.0,Wazirpur_Delhi_DPCC,2021
3.0,348.0,374.0,184.0,132.0,182.0,176.0,,96.0,,126.0,370.0,390.0,Wazirpur_Delhi_DPCC,2021
4.0,142.0,347.0,280.0,168.0,139.0,302.0,,120.0,93.0,129.0,440.0,382.0,Wazirpur_Delhi_DPCC,2021
5.0,107.0,124.0,238.0,168.0,114.0,,177.0,126.0,121.0,,476.0,366.0,Wazirpur_Delhi_DPCC,2021
6.0,149.0,228.0,205.0,273.0,,82.0,156.0,105.0,169.0,129.0,461.0,336.0,Wazirpur_Delhi_DPCC,2021
7.0,160.0,266.0,196.0,210.0,80.0,150.0,203.0,,149.0,144.0,456.0,274.0,Wazirpur_Delhi_DPCC,2021
8.0,183.0,350.0,220.0,105.0,167.0,138.0,183.0,123.0,98.0,,426.0,248.0,Wazirpur_Delhi_DPCC,2021
9.0,229.0,,301.0,115.0,113.0,137.0,158.0,147.0,118.0,210.0,441.0,322.0,Wazirpur_Delhi_DPCC,2021
10.0,171.0,332.0,,151.0,,121.0,115.0,107.0,142.0,230.0,398.0,347.0,Wazirpur_Delhi_DPCC,2021
11.0,168.0,349.0,232.0,154.0,108.0,61.0,113.0,127.0,84.0,226.0,457.0,288.0,Wazirpur_Delhi_DPCC,2021
12.0,,379.0,244.0,216.0,57.0,132.0,112.0,,72.0,262.0,494.0,306.0,Wazirpur_Delhi_DPCC,2021
13.0,367.0,411.0,213.0,215.0,70.0,98.0,,81.0,121.0,213.0,452.0,390.0,Wazirpur_Delhi_DPCC,2021
14.0,,,229.0,147.0,127.0,108.0,102.0,175.0,89.0,200.0,369.0,411.0,Wazirpur_Delhi_DPCC,2021
15.0,474.0,334.0,212.0,172.0,66.0,116.0,101.0,145.0,107.0,198.0,403.0,381.0,Wazirpur_Delhi_DPCC,2021
16.0,439.0,341.0,229.0,,145.0,126.0,123.0,148.0,110.0,270.0,435.0,386.0,Wazirpur_Delhi_DPCC,2021
17.0,453.0,,287.0,94.0,206.0,158.0,142.0,191.0,87.0,290.0,406.0,325.0,Wazirpur_Delhi_DPCC,2021
18.0,475.0,301.0,286.0,135.0,59.0,104.0,,184.0,116.0,33.0,400.0,,Wazirpur_Delhi_DPCC,2021
19.0,437.0,358.0,,,71.0,80.0,,193.0,145.0,91.0,416.0,299.0,Wazirpur_Delhi_DPCC,2021
20.0,337.0,307.0,239.0,144.0,52.0,72.0,,,123.0,217.0,408.0,351.0,Wazirpur_Delhi_DPCC,2021
21.0,,337.0,212.0,96.0,,96.0,115.0,80.0,115.0,272.0,346.0,443.0,Wazirpur_Delhi_DPCC,2021
22.0,435.0,330.0,156.0,94.0,38.0,130.0,107.0,98.0,110.0,268.0,330.0,443.0,Wazirpur_Delhi_DPCC,2021
23.0,373.0,300.0,163.0,71.0,227.0,254.0,108.0,118.0,101.0,249.0,315.0,470.0,Wazirpur_Delhi_DPCC,2021
24.0,406.0,350.0,120.0,76.0,102.0,150.0,182.0,138.0,,173.0,417.0,457.0,Wazirpur_Delhi_DPCC,2021
25.0,355.0,350.0,90.0,195.0,76.0,167.0,179.0,155.0,105.0,88.0,432.0,468.0,Wazirpur_Delhi_DPCC,2021
26.0,387.0,234.0,113.0,272.0,125.0,145.0,138.0,140.0,,153.0,458.0,483.0,Wazirpur_Delhi_DPCC,2021
27.0,,219.0,208.0,310.0,96.0,190.0,134.0,172.0,152.0,242.0,450.0,282.0,Wazirpur_Delhi_DPCC,2021
28.0,376.0,156.0,227.0,326.0,,161.0,78.0,196.0,,271.0,445.0,318.0,Wazirpur_Delhi_DPCC,2021
29.0,429.0,,,289.0,,199.0,62.0,170.0,139.0,351.0,417.0,290.0,Wazirpur_Delhi_DPCC,2021
30.0,345.0,,,230.0,,239.0,114.0,123.0,123.0,280.0,343.0,304.0,Wazirpur_Delhi_DPCC,2021
31.0,,,,,50.0,,89.0,,,337.0,,330.0,Wazirpur_Delhi_DPCC,2021
1.0,458.0,,219.0,211.0,330.0,417.0,79.0,97.0,295.0,422.0,447.0,406.0,Anand_Vihar_Delhi_DPCC,2022
2.0,453.0,404.0,258.0,239.0,217.0,321.0,115.0,169.0,106.0,453.0,413.0,375.0,Anand_Vihar_Delhi_DPCC,2022
3.0,436.0,344.0,200.0,,207.0,351.0,83.0,331.0,235.0,376.0,476.0,412.0,Anand_Vihar_Delhi_DPCC,2022
4.0,429.0,258.0,,275.0,293.0,343.0,130.0,136.0,361.0,338.0,461.0,435.0,Anand_Vihar_Delhi_DPCC,2022
5.0,444.0,342.0,160.0,238.0,169.0,346.0,175.0,,229.0,389.0,362.0,375.0,Anand_Vihar_Delhi_DPCC,2022
6.0,289.0,373.0,202.0,258.0,346.0,293.0,102.0,145.0,253.0,92.0,328.0,367.0,Anand_Vihar_Delhi_DPCC,2022
7.0,183.0,389.0,331.0,268.0,266.0,326.0,,,227.0,75.0,358.0,312.0,Anand_Vihar_Delhi_DPCC,2022
8.0,106.0,363.0,342.0,249.0,236.0,397.0,101.0,111.0,181.0,86.0,,297.0,Anand_Vihar_Delhi_DPCC,2022
9.0,75.0,277.0,201.0,286.0,183.0,320.0,115.0,,141.0,,268.0,346.0,Anand_Vihar_Delhi_DPCC,2022
10.0,204.0,279.0,209.0,269.0,195.0,379.0,102.0,,115.0,48.0,366.0,414.0,Anand_Vihar_Delhi_DPCC,2022
11.0,285.0,416.0,237.0,314.0,204.0,380.0,130.0,,77.0,47.0,352.0,342.0,Anand_Vihar_Delhi_DPCC,2022
12.0,298.0,311.0,281.0,268.0,256.0,334.0,146.0,,78.0,236.0,330.0,275.0,Anand_Vihar_Delhi_DPCC,2022
13.0,437.0,355.0,304.0,345.0,187.0,263.0,129.0,85.0,87.0,325.0,332.0,198.0,Anand_Vihar_Delhi_DPCC,2022
14.0,397.0,350.0,309.0,337.0,331.0,308.0,124.0,201.0,81.0,378.0,371.0,198.0,Anand_Vihar_Delhi_DPCC,2022
15.0,352.0,,271.0,258.0,328.0,213.0,112.0,84.0,78.0,,260.0,210.0,Anand_Vihar_Delhi_DPCC,2022
16.0,360.0,399.0,245.0,274.0,300.0,,101.0,89.0,57.0,426.0,267.0,295.0,Anand_Vihar_Delhi_DPCC,2022
17.0,398.0,320.0,254.0,273.0,268.0,108.0,93.0,68.0,97.0,424.0,255.0,372.0,Anand_Vihar_Delhi_DPCC,2022
18.0,430.0,362.0,296.0,343.0,,,127.0,115.0,252.0,298.0,296.0,409.0,Anand_Vihar_Delhi_DPCC,2022
19.0,462.0,283.0,258.0,407.0,176.0,174.0,181.0,233.0,405.0,,364.0,452.0,Anand_Vihar_Delhi_DPCC,2022
20.0,439.0,224.0,245.0,316.0,300.0,219.0,213.0,221.0,333.0,406.0,384.0,413.0,Anand_Vihar_Delhi_DPCC,2022
21.0,411.0,211.0,344.0,364.0,376.0,172.0,84.0,100.0,236.0,379.0,351.0,351.0,Anand_Vihar_Delhi_DPCC,2022
22.0,351.0,321.0,201.0,266.0,266.0,166.0,156.0,179.0,75.0,415.0,299.0,397.0,Anand_Vihar_Delhi_DPCC,2022
23.0,255.0,232.0,237.0,297.0,152.0,189.0,77.0,105.0,53.0,373.0,310.0,375.0,Anand_Vihar_Delhi_DPCC,2022
24.0,378.0,330.0,352.0,288.0,94.0,262.0,81.0,63.0,58.0,400.0,,350.0,Anand_Vihar_Delhi_DPCC,2022
25.0,400.0,330.0,243.0,285.0,195.0,316.0,125.0,128.0,62.0,332.0,381.0,342.0,Anand_Vihar_Delhi_DPCC,2022
26.0,409.0,100.0,262.0,256.0,304.0,175.0,79.0,267.0,143.0,361.0,357.0,362.0,Anand_Vihar_Delhi_DPCC,2022
27.0,429.0,114.0,217.0,353.0,251.0,118.0,82.0,234.0,300.0,421.0,365.0,395.0,Anand_Vihar_Delhi_DPCC,2022
28.0,415.0,185.0,390.0,342.0,,139.0,,253.0,440.0,458.0,401.0,341.0,Anand_Vihar_Delhi_DPCC,2022
29.0,414.0,,327.0,382.0,326.0,156.0,272.0,260.0,449.0,452.0,415.0,320.0,Anand_Vihar_Delhi_DPCC,2022
30.0,435.0,,336.0,332.0,202.0,95.0,98.0,157.0,428.0,449.0,421.0,383.0,Anand_Vihar_Delhi_DPCC,2022
31.0,449.0,,329.0,,228.0,,112.0,,,422.0,,377.0,Anand_Vihar_Delhi_DPCC,2022
1.0,396.0,,149.0,208.0,255.0,327.0,75.0,35.0,,201.0,458.0,378.0,Ashok_Vihar_Delhi_DPCC,2022
2.0,430.0,343.0,,212.0,201.0,,,68.0,131.0,162.0,404.0,,Ashok_Vihar_Delhi_DPCC,2022
3.0,397.0,336.0,189.0,219.0,184.0,226.0,,96.0,142.0,76.0,463.0,388.0,Ashok_Vihar_Delhi_DPCC,2022
4.0,421.0,160.0,225.0,,,207.0,129.0,105.0,,139.0,473.0,,Ashok_Vihar_Delhi_DPCC,2022
5.0,,242.0,105.0,225.0,168.0,197.0,193.0,64.0,115.0,228.0,397.0,353.0,Ashok_Vihar_Delhi_DPCC,2022
6.0,279.0,357.0,171.0,236.0,279.0,,,87.0,132.0,75.0,352.0,350.0,Ashok_Vihar_Delhi_DPCC,2022
7.0,196.0,280.0,,,185.0,253.0,,,120.0,43.0,372.0,300.0,Ashok_Vihar_Delhi_DPCC,2022
8.0,,297.0,270.0,277.0,184.0,353.0,,72.0,137.0,46.0,391.0,286.0,Ashok_Vihar_Delhi_DPCC,2022
9.0,71.0,236.0,158.0,260.0,,226.0,,,134.0,38.0,283.0,330.0,Ashok_Vihar_Delhi_DPCC,2022
10.0,164.0,,135.0,275.0,136.0,,75.0,,114.0,18.0,305.0,383.0,Ashok_Vihar_Delhi_DPCC,2022
11.0,249.0,,146.0,275.0,131.0,262.0,94.0,,81.0,51.0,341.0,319.0,Ashok_Vihar_Delhi_DPCC,2022
12.0,,184.0,147.0,247.0,142.0,269.0,118.0,,78.0,174.0,297.0,218.0,Ashok_Vihar_Delhi_DPCC,2022
13.0,343.0,264.0,,,160.0,195.0,76.0,55.0,74.0,119.0,310.0,160.0,Ashok_Vihar_Delhi_DPCC,2022
14.0,357.0,257.0,240.0,262.0,247.0,237.0,89.0,58.0,64.0,144.0,302.0,155.0,Ashok_Vihar_Delhi_DPCC,2022
15.0,,227.0,255.0,212.0,,150.0,88.0,44.0,42.0,188.0,219.0,190.0,Ashok_Vihar_Delhi_DPCC,2022
16.0,304.0,295.0,204.0,259.0,,128.0,76.0,44.0,43.0,,,223.0,Ashok_Vihar_Delhi_DPCC,2022
17.0,352.0,232.0,234.0,250.0,224.0,83.0,,41.0,68.0,244.0,262.0,318.0,Ashok_Vihar_Delhi_DPCC,2022
18.0,390.0,281.0,301.0,254.0,,64.0,86.0,45.0,107.0,254.0,,371.0,Ashok_Vihar_Delhi_DPCC,2022
19.0,338.0,,221.0,350.0,172.0,92.0,,58.0,,226.0,278.0,446.0,Ashok_Vihar_Delhi_DPCC,2022
20.0,,194.0,231.0,257.0,259.0,107.0,92.0,68.0,138.0,230.0,316.0,385.0,Ashok_Vihar_Delhi_DPCC,2022
21.0,383.0,152.0,,280.0,279.0,,54.0,52.0,123.0,266.0,310.0,328.0,Ashok_Vihar_Delhi_DPCC,2022
22.0,338.0,269.0,156.0,212.0,197.0,116.0,,105.0,68.0,272.0,250.0,351.0,Ashok_Vihar_Delhi_DPCC,2022
23.0,224.0,218.0,200.0,230.0,135.0,130.0,63.0,81.0,53.0,281.0,229.0,344.0,Ashok_Vihar_Delhi_DPCC,2022
24.0,295.0,334.0,296.0,253.0,58.0,176.0,60.0,52.0,51.0,313.0,201.0,368.0,Ashok_Vihar_Delhi_DPCC,2022
25.0,244.0,,186.0,232.0,139.0,198.0,56.0,77.0,46.0,304.0,314.0,322.0,Ashok_Vihar_Delhi_DPCC,2022
26.0,297.0,,209.0,239.0,154.0,168.0,,132.0,124.0,276.0,280.0,344.0,Ashok_Vihar_Delhi_DPCC,2022
27.0,309.0,82.0,183.0,345.0,156.0,117.0,,118.0,102.0,405.0,349.0,358.0,Ashok_Vihar_Delhi_DPCC,2022
28.0,260.0,,277.0,311.0,,126.0,55.0,146.0,145.0,391.0,359.0,,Ashok_Vihar_Delhi_DPCC,2022
29.0,276.0,,299.0,342.0,100.0,178.0,48.0,167.0,139.0,424.0,399.0,321.0,Ashok_Vihar_Delhi_DPCC,2022
30.0,292.0,,287.0,312.0,99.0,109.0,45.0,142.0,171.0,388.0,393.0,414.0,Ashok_Vihar_Delhi_DPCC,2022
31.0,354.0,,303.0,,204.0,,42.0,139.0,,415.0,,363.0,Ashok_Vihar_Delhi_DPCC,2022
1.0,,,218.0,314.0,347.0,349.0,83.0,53.0,118.0,,445.0,391.0,Bawana_Delhi_DPCC,2022
2.0,400.0,309.0,231.0,303.0,264.0,222.0,135.0,66.0,100.0,193.0,425.0,368.0,Bawana_Delhi_DPCC,2022
3.0,392.0,323.0,226.0,328.0,264.0,263.0,70.0,131.0,116.0,124.0,476.0,,Bawana_Delhi_DPCC,2022
4.0,394.0,146.0,213.0,352.0,332.0,280.0,143.0,135.0,91.0,140.0,489.0,,Bawana_Delhi_DPCC,2022
5.0,431.0,245.0,134.0,278.0,155.0,278.0,234.0,,82.0,211.0,418.0,352.0,Bawana_Delhi_DPCC,2022
6.0,294.0,308.0,212.0,303.0,290.0,210.0,133.0,92.0,114.0,109.0,368.0,350.0,Bawana_Delhi_DPCC,2022
7.0,202.0,309.0,277.0,354.0,271.0,342.0,,,124.0,67.0,368.0,304.0,Bawana_Delhi_DPCC,2022
8.0,98.0,346.0,332.0,339.0,252.0,352.0,125.0,78.0,136.0,,403.0,297.0,Bawana_Delhi_DPCC,2022
9.0,71.0,235.0,222.0,355.0,201.0,273.0,136.0,119.0,187.0,18.0,292.0,339.0,Bawana_Delhi_DPCC,2022
10.0,118.0,183.0,191.0,322.0,178.0,330.0,67.0,,122.0,19.0,340.0,372.0,Bawana_Delhi_DPCC,2022
11.0,202.0,186.0,198.0,340.0,169.0,330.0,110.0,,104.0,50.0,375.0,302.0,Bawana_Delhi_DPCC,2022
12.0,178.0,231.0,205.0,316.0,179.0,312.0,101.0,,103.0,97.0,322.0,,Bawana_Delhi_DPCC,2022
13.0,297.0,258.0,266.0,375.0,220.0,225.0,82.0,71.0,86.0,,327.0,191.0,Bawana_Delhi_DPCC,2022
14.0,319.0,282.0,276.0,365.0,343.0,242.0,92.0,76.0,86.0,141.0,343.0,186.0,Bawana_Delhi_DPCC,2022
15.0,227.0,329.0,288.0,219.0,284.0,151.0,76.0,43.0,57.0,185.0,261.0,247.0,Bawana_Delhi_DPCC,2022
16.0,221.0,307.0,254.0,321.0,363.0,146.0,77.0,59.0,36.0,263.0,277.0,288.0,Bawana_Delhi_DPCC,2022
17.0,330.0,267.0,253.0,357.0,257.0,94.0,42.0,40.0,58.0,278.0,288.0,336.0,Bawana_Delhi_DPCC,2022
18.0,,282.0,334.0,357.0,340.0,71.0,99.0,53.0,96.0,280.0,306.0,383.0,Bawana_Delhi_DPCC,2022
19.0,320.0,201.0,325.0,378.0,262.0,91.0,,70.0,179.0,330.0,309.0,395.0,Bawana_Delhi_DPCC,2022
20.0,406.0,207.0,280.0,,348.0,161.0,97.0,80.0,131.0,294.0,330.0,,Bawana_Delhi_DPCC,2022
21.0,377.0,191.0,344.0,374.0,328.0,143.0,53.0,56.0,84.0,288.0,331.0,331.0,Bawana_Delhi_DPCC,2022
22.0,363.0,345.0,220.0,185.0,214.0,148.0,147.0,122.0,51.0,268.0,273.0,309.0,Bawana_Delhi_DPCC,2022
23.0,228.0,220.0,265.0,296.0,151.0,169.0,75.0,103.0,59.0,273.0,265.0,343.0,Bawana_Delhi_DPCC,2022
24.0,246.0,342.0,328.0,,73.0,229.0,68.0,63.0,,309.0,267.0,355.0,Bawana_Delhi_DPCC,2022
25.0,193.0,294.0,274.0,325.0,,271.0,56.0,78.0,32.0,295.0,,319.0,Bawana_Delhi_DPCC,2022
26.0,276.0,129.0,310.0,264.0,222.0,228.0,66.0,102.0,79.0,299.0,363.0,308.0,Bawana_Delhi_DPCC,2022
27.0,281.0,113.0,266.0,359.0,212.0,164.0,89.0,90.0,74.0,367.0,342.0,,Bawana_Delhi_DPCC,2022
28.0,212.0,114.0,340.0,362.0,,153.0,67.0,100.0,108.0,395.0,360.0,344.0,Bawana_Delhi_DPCC,2022
29.0,269.0,,338.0,372.0,289.0,186.0,35.0,127.0,156.0,413.0,400.0,329.0,Bawana_Delhi_DPCC,2022
30.0,278.0,,374.0,341.0,225.0,125.0,36.0,120.0,188.0,384.0,391.0,428.0,Bawana_Delhi_DPCC,2022
31.0,349.0,,377.0,,238.0,,45.0,104.0,,438.0,,347.0,Bawana_Delhi_DPCC,2022
1.0,350.0,311.0,162.0,229.0,280.0,377.0,,115.0,109.0,185.0,408.0,328.0,CRRI_Mathura_Road_Delhi_IMD,2022
2.0,398.0,290.0,237.0,265.0,207.0,220.0,78.0,,107.0,176.0,354.0,324.0,CRRI_Mathura_Road_Delhi_IMD,2022
3.0,337.0,289.0,202.0,250.0,218.0,283.0,70.0,98.0,107.0,117.0,443.0,354.0,CRRI_Mathura_Road_Delhi_IMD,2022
4.0,336.0,136.0,195.0,232.0,207.0,252.0,82.0,80.0,104.0,118.0,428.0,375.0,CRRI_Mathura_Road_Delhi_IMD,2022
5.0,384.0,199.0,119.0,279.0,116.0,228.0,122.0,47.0,,221.0,351.0,327.0,CRRI_Mathura_Road_Delhi_IMD,2022
6.0,262.0,274.0,137.0,294.0,236.0,213.0,80.0,67.0,104.0,108.0,321.0,,CRRI_Mathura_Road_Delhi_IMD,2022
7.0,,197.0,254.0,,173.0,,81.0,73.0,101.0,108.0,339.0,262.0,CRRI_Mathura_Road_Delhi_IMD,2022
8.0,72.0,212.0,302.0,259.0,182.0,,79.0,53.0,94.0,89.0,353.0,230.0,CRRI_Mathura_Road_Delhi_IMD,2022
9.0,62.0,186.0,202.0,,151.0,254.0,85.0,67.0,89.0,88.0,239.0,273.0,CRRI_Mathura_Road_Delhi_IMD,2022
10.0,112.0,143.0,164.0,283.0,146.0,338.0,64.0,60.0,82.0,91.0,283.0,334.0,CRRI_Mathura_Road_Delhi_IMD,2022
11.0,216.0,,169.0,243.0,138.0,275.0,70.0,65.0,67.0,106.0,317.0,278.0,CRRI_Mathura_Road_Delhi_IMD,2022
12.0,163.0,174.0,151.0,239.0,149.0,133.0,98.0,63.0,67.0,141.0,277.0,158.0,CRRI_Mathura_Road_Delhi_IMD,2022
13.0,334.0,253.0,181.0,341.0,157.0,114.0,70.0,65.0,,149.0,277.0,155.0,CRRI_Mathura_Road_Delhi_IMD,2022
14.0,329.0,211.0,252.0,271.0,,105.0,73.0,93.0,56.0,157.0,270.0,131.0,CRRI_Mathura_Road_Delhi_IMD,2022
15.0,140.0,208.0,255.0,221.0,280.0,,73.0,65.0,58.0,192.0,190.0,158.0,CRRI_Mathura_Road_Delhi_IMD,2022
16.0,109.0,,231.0,289.0,326.0,,75.0,64.0,65.0,225.0,250.0,176.0,CRRI_Mathura_Road_Delhi_IMD,2022
17.0,207.0,236.0,228.0,277.0,253.0,101.0,60.0,65.0,76.0,227.0,226.0,290.0,CRRI_Mathura_Road_Delhi_IMD,2022
18.0,239.0,276.0,278.0,280.0,244.0,96.0,91.0,96.0,,255.0,244.0,341.0,CRRI_Mathura_Road_Delhi_IMD,2022
19.0,213.0,169.0,268.0,362.0,194.0,107.0,116.0,84.0,,266.0,210.0,405.0,CRRI_Mathura_Road_Delhi_IMD,2022
20.0,348.0,156.0,267.0,,263.0,98.0,119.0,88.0,103.0,243.0,285.0,346.0,CRRI_Mathura_Road_Delhi_IMD,2022
21.0,344.0,149.0,289.0,,307.0,96.0,69.0,,84.0,244.0,291.0,336.0,CRRI_Mathura_Road_Delhi_IMD,2022
22.0,251.0,254.0,184.0,201.0,208.0,99.0,89.0,81.0,79.0,265.0,,324.0,CRRI_Mathura_Road_Delhi_IMD,2022
23.0,108.0,166.0,203.0,288.0,137.0,114.0,74.0,68.0,,256.0,159.0,,CRRI_Mathura_Road_Delhi_IMD,2022
24.0,174.0,252.0,322.0,309.0,58.0,,74.0,77.0,87.0,310.0,150.0,316.0,CRRI_Mathura_Road_Delhi_IMD,2022
25.0,241.0,290.0,243.0,246.0,137.0,,92.0,89.0,104.0,316.0,254.0,296.0,CRRI_Mathura_Road_Delhi_IMD,2022
26.0,,,194.0,208.0,200.0,128.0,93.0,92.0,105.0,265.0,316.0,333.0,CRRI_Mathura_Road_Delhi_IMD,2022
27.0,109.0,71.0,172.0,306.0,183.0,93.0,99.0,89.0,106.0,,305.0,319.0,CRRI_Mathura_Road_Delhi_IMD,2022
28.0,108.0,115.0,260.0,300.0,221.0,113.0,101.0,85.0,116.0,340.0,315.0,286.0,CRRI_Mathura_Road_Delhi_IMD,2022
29.0,187.0,,,279.0,309.0,213.0,77.0,108.0,,378.0,334.0,262.0,CRRI_Mathura_Road_Delhi_IMD,2022
30.0,199.0,,290.0,252.0,207.0,,91.0,112.0,160.0,330.0,325.0,360.0,CRRI_Mathura_Road_Delhi_IMD,2022
31.0,255.0,,336.0,,256.0,,113.0,111.0,,341.0,,256.0,CRRI_Mathura_Road_Delhi_IMD,2022
1.0,389.0,376.0,147.0,214.0,226.0,349.0,,48.0,112.0,139.0,434.0,358.0,DTU_Delhi_CPCB,2022
2.0,415.0,327.0,216.0,243.0,289.0,229.0,92.0,216.0,104.0,141.0,390.0,386.0,DTU_Delhi_CPCB,2022
3.0,406.0,,157.0,234.0,286.0,,84.0,125.0,106.0,107.0,456.0,411.0,DTU_Delhi_CPCB,2022
4.0,413.0,153.0,,289.0,324.0,,101.0,99.0,85.0,118.0,451.0,408.0,DTU_Delhi_CPCB,2022
5.0,389.0,196.0,107.0,251.0,365.0,244.0,133.0,56.0,,150.0,376.0,324.0,DTU_Delhi_CPCB,2022
6.0,290.0,325.0,176.0,289.0,364.0,195.0,100.0,88.0,114.0,,295.0,316.0,DTU_Delhi_CPCB,2022
7.0,173.0,291.0,254.0,347.0,335.0,262.0,97.0,127.0,117.0,35.0,326.0,224.0,DTU_Delhi_CPCB,2022
8.0,90.0,312.0,282.0,,312.0,341.0,89.0,68.0,127.0,81.0,373.0,209.0,DTU_Delhi_CPCB,2022
9.0,41.0,221.0,173.0,292.0,267.0,237.0,111.0,115.0,150.0,100.0,232.0,260.0,DTU_Delhi_CPCB,2022
10.0,118.0,189.0,150.0,325.0,244.0,293.0,66.0,87.0,96.0,,315.0,343.0,DTU_Delhi_CPCB,2022
11.0,231.0,154.0,177.0,295.0,200.0,276.0,98.0,62.0,72.0,45.0,340.0,198.0,DTU_Delhi_CPCB,2022
12.0,179.0,206.0,181.0,244.0,194.0,284.0,84.0,52.0,76.0,94.0,289.0,182.0,DTU_Delhi_CPCB,2022
13.0,322.0,261.0,220.0,323.0,242.0,208.0,82.0,58.0,63.0,97.0,249.0,153.0,DTU_Delhi_CPCB,2022
14.0,300.0,258.0,255.0,287.0,310.0,221.0,88.0,53.0,64.0,115.0,319.0,161.0,DTU_Delhi_CPCB,2022
15.0,,246.0,269.0,190.0,,157.0,92.0,47.0,62.0,138.0,200.0,162.0,DTU_Delhi_CPCB,2022
16.0,,,228.0,,265.0,135.0,87.0,47.0,54.0,184.0,211.0,206.0,DTU_Delhi_CPCB,2022
17.0,,250.0,221.0,272.0,206.0,81.0,96.0,48.0,54.0,185.0,203.0,314.0,DTU_Delhi_CPCB,2022
18.0,,258.0,301.0,280.0,296.0,65.0,140.0,48.0,92.0,200.0,268.0,319.0,DTU_Delhi_CPCB,2022
19.0,,175.0,216.0,328.0,265.0,130.0,124.0,59.0,140.0,74.0,263.0,354.0,DTU_Delhi_CPCB,2022
20.0,,176.0,241.0,286.0,288.0,208.0,86.0,69.0,,101.0,278.0,263.0,DTU_Delhi_CPCB,2022
21.0,,169.0,244.0,320.0,280.0,120.0,53.0,93.0,,246.0,246.0,214.0,DTU_Delhi_CPCB,2022
22.0,365.0,254.0,169.0,188.0,268.0,138.0,171.0,93.0,,262.0,203.0,263.0,DTU_Delhi_CPCB,2022
23.0,220.0,184.0,215.0,269.0,,148.0,71.0,69.0,31.0,274.0,221.0,236.0,DTU_Delhi_CPCB,2022
24.0,283.0,329.0,272.0,282.0,,210.0,59.0,51.0,37.0,307.0,215.0,266.0,DTU_Delhi_CPCB,2022
25.0,207.0,300.0,208.0,278.0,,199.0,56.0,77.0,24.0,289.0,306.0,208.0,DTU_Delhi_CPCB,2022
26.0,292.0,77.0,220.0,226.0,,206.0,60.0,105.0,66.0,285.0,296.0,,DTU_Delhi_CPCB,2022
27.0,279.0,88.0,201.0,348.0,238.0,118.0,55.0,92.0,75.0,376.0,288.0,249.0,DTU_Delhi_CPCB,2022
28.0,224.0,81.0,264.0,,178.0,160.0,52.0,106.0,108.0,392.0,308.0,236.0,DTU_Delhi_CPCB,2022
29.0,247.0,,287.0,,196.0,162.0,47.0,130.0,124.0,424.0,360.0,232.0,DTU_Delhi_CPCB,2022
30.0,270.0,,310.0,,184.0,154.0,47.0,110.0,133.0,381.0,389.0,368.0,DTU_Delhi_CPCB,2022
31.0,321.0,,,,218.0,,50.0,110.0,,409.0,,357.0,DTU_Delhi_CPCB,2022
1.0,320.0,336.0,113.0,,218.0,325.0,,77.0,103.0,156.0,,321.0,IGI_Airport_(T3)_Delhi_IMD,2022
2.0,378.0,282.0,192.0,201.0,194.0,174.0,110.0,,89.0,157.0,,312.0,IGI_Airport_(T3)_Delhi_IMD,2022
3.0,345.0,278.0,139.0,185.0,187.0,214.0,102.0,113.0,89.0,103.0,448.0,316.0,IGI_Airport_(T3)_Delhi_IMD,2022
4.0,335.0,117.0,163.0,177.0,193.0,227.0,104.0,109.0,82.0,113.0,436.0,371.0,IGI_Airport_(T3)_Delhi_IMD,2022
5.0,344.0,196.0,86.0,204.0,88.0,178.0,116.0,,,178.0,361.0,344.0,IGI_Airport_(T3)_Delhi_IMD,2022
6.0,203.0,219.0,118.0,239.0,236.0,,105.0,105.0,99.0,67.0,328.0,324.0,IGI_Airport_(T3)_Delhi_IMD,2022
7.0,,163.0,172.0,,124.0,,104.0,113.0,111.0,68.0,318.0,272.0,IGI_Airport_(T3)_Delhi_IMD,2022
8.0,124.0,200.0,318.0,208.0,,332.0,89.0,102.0,117.0,67.0,349.0,220.0,IGI_Airport_(T3)_Delhi_IMD,2022
9.0,106.0,187.0,135.0,,118.0,199.0,127.0,120.0,117.0,64.0,195.0,279.0,IGI_Airport_(T3)_Delhi_IMD,2022
10.0,121.0,122.0,127.0,,108.0,283.0,72.0,103.0,99.0,66.0,249.0,302.0,IGI_Airport_(T3)_Delhi_IMD,2022
11.0,163.0,128.0,134.0,,103.0,209.0,76.0,91.0,90.0,76.0,338.0,262.0,IGI_Airport_(T3)_Delhi_IMD,2022
12.0,114.0,121.0,135.0,146.0,116.0,208.0,81.0,90.0,94.0,,268.0,154.0,IGI_Airport_(T3)_Delhi_IMD,2022
13.0,279.0,218.0,166.0,208.0,121.0,,75.0,89.0,,,271.0,165.0,IGI_Airport_(T3)_Delhi_IMD,2022
14.0,340.0,148.0,203.0,168.0,,,90.0,90.0,,123.0,251.0,113.0,IGI_Airport_(T3)_Delhi_IMD,2022
15.0,228.0,157.0,240.0,126.0,169.0,,76.0,90.0,97.0,158.0,202.0,140.0,IGI_Airport_(T3)_Delhi_IMD,2022
16.0,203.0,245.0,185.0,180.0,208.0,,70.0,81.0,78.0,183.0,244.0,154.0,IGI_Airport_(T3)_Delhi_IMD,2022
17.0,254.0,211.0,185.0,210.0,151.0,,49.0,,89.0,241.0,235.0,214.0,IGI_Airport_(T3)_Delhi_IMD,2022
18.0,308.0,251.0,280.0,191.0,161.0,108.0,76.0,80.0,98.0,227.0,257.0,299.0,IGI_Airport_(T3)_Delhi_IMD,2022
19.0,303.0,130.0,195.0,230.0,197.0,121.0,97.0,79.0,,369.0,,375.0,IGI_Airport_(T3)_Delhi_IMD,2022
20.0,339.0,130.0,211.0,212.0,258.0,98.0,,84.0,116.0,207.0,301.0,332.0,IGI_Airport_(T3)_Delhi_IMD,2022
21.0,326.0,124.0,234.0,245.0,273.0,102.0,,,101.0,231.0,,327.0,IGI_Airport_(T3)_Delhi_IMD,2022
22.0,267.0,229.0,162.0,122.0,186.0,,129.0,91.0,87.0,254.0,,315.0,IGI_Airport_(T3)_Delhi_IMD,2022
23.0,140.0,193.0,196.0,,124.0,,101.0,83.0,58.0,,170.0,,IGI_Airport_(T3)_Delhi_IMD,2022
24.0,110.0,255.0,247.0,220.0,96.0,,97.0,79.0,72.0,,140.0,330.0,IGI_Airport_(T3)_Delhi_IMD,2022
25.0,194.0,231.0,175.0,203.0,129.0,,94.0,81.0,62.0,,250.0,295.0,IGI_Airport_(T3)_Delhi_IMD,2022
26.0,174.0,,178.0,162.0,146.0,137.0,92.0,95.0,116.0,,312.0,318.0,IGI_Airport_(T3)_Delhi_IMD,2022
27.0,200.0,112.0,,282.0,152.0,,89.0,88.0,92.0,,324.0,261.0,IGI_Airport_(T3)_Delhi_IMD,2022
28.0,142.0,112.0,,287.0,189.0,,74.0,99.0,127.0,,312.0,,IGI_Airport_(T3)_Delhi_IMD,2022
29.0,204.0,,,,260.0,151.0,91.0,124.0,133.0,,361.0,246.0,IGI_Airport_(T3)_Delhi_IMD,2022
30.0,227.0,,,,172.0,,92.0,113.0,145.0,328.0,332.0,358.0,IGI_Airport_(T3)_Delhi_IMD,2022
31.0,278.0,,242.0,,203.0,,89.0,108.0,,,,322.0,IGI_Airport_(T3)_Delhi_IMD,2022
1.0,339.0,410.0,157.0,157.0,220.0,274.0,73.0,58.0,95.0,232.0,419.0,384.0,ITO_Delhi_CPCB,2022
2.0,387.0,358.0,257.0,153.0,251.0,161.0,92.0,56.0,81.0,210.0,384.0,371.0,ITO_Delhi_CPCB,2022
3.0,376.0,354.0,181.0,218.0,214.0,229.0,68.0,99.0,169.0,216.0,459.0,405.0,ITO_Delhi_CPCB,2022
4.0,343.0,182.0,244.0,145.0,247.0,,115.0,107.0,218.0,259.0,434.0,435.0,ITO_Delhi_CPCB,2022
5.0,363.0,248.0,113.0,148.0,195.0,169.0,210.0,65.0,192.0,237.0,369.0,378.0,ITO_Delhi_CPCB,2022
6.0,205.0,300.0,202.0,172.0,314.0,152.0,99.0,85.0,98.0,77.0,333.0,378.0,ITO_Delhi_CPCB,2022
7.0,110.0,267.0,289.0,197.0,212.0,225.0,92.0,126.0,236.0,69.0,332.0,345.0,ITO_Delhi_CPCB,2022
8.0,66.0,306.0,297.0,125.0,300.0,294.0,82.0,85.0,133.0,73.0,356.0,216.0,ITO_Delhi_CPCB,2022
9.0,49.0,256.0,147.0,122.0,299.0,177.0,99.0,103.0,198.0,64.0,264.0,254.0,ITO_Delhi_CPCB,2022
10.0,85.0,194.0,121.0,139.0,146.0,262.0,69.0,,125.0,62.0,281.0,319.0,ITO_Delhi_CPCB,2022
11.0,143.0,183.0,169.0,153.0,131.0,200.0,103.0,46.0,83.0,98.0,304.0,277.0,ITO_Delhi_CPCB,2022
12.0,127.0,198.0,150.0,146.0,169.0,194.0,109.0,54.0,57.0,,291.0,201.0,ITO_Delhi_CPCB,2022
13.0,283.0,257.0,185.0,,179.0,163.0,102.0,105.0,64.0,211.0,277.0,137.0,ITO_Delhi_CPCB,2022
14.0,305.0,246.0,267.0,141.0,247.0,185.0,106.0,67.0,60.0,250.0,246.0,149.0,ITO_Delhi_CPCB,2022
15.0,299.0,244.0,273.0,128.0,199.0,124.0,88.0,46.0,58.0,,165.0,105.0,ITO_Delhi_CPCB,2022
16.0,329.0,277.0,262.0,158.0,261.0,115.0,77.0,48.0,,263.0,233.0,138.0,ITO_Delhi_CPCB,2022
17.0,404.0,253.0,,200.0,195.0,97.0,54.0,,69.0,249.0,,301.0,ITO_Delhi_CPCB,2022
18.0,371.0,257.0,329.0,205.0,205.0,87.0,133.0,47.0,99.0,242.0,307.0,389.0,ITO_Delhi_CPCB,2022
19.0,335.0,202.0,285.0,245.0,181.0,,98.0,42.0,209.0,229.0,294.0,407.0,ITO_Delhi_CPCB,2022
20.0,362.0,,269.0,204.0,237.0,103.0,100.0,54.0,147.0,229.0,340.0,368.0,ITO_Delhi_CPCB,2022
21.0,350.0,,284.0,262.0,243.0,125.0,68.0,103.0,117.0,282.0,344.0,337.0,ITO_Delhi_CPCB,2022
22.0,341.0,,228.0,198.0,188.0,110.0,153.0,82.0,53.0,271.0,238.0,283.0,ITO_Delhi_CPCB,2022
23.0,,248.0,239.0,211.0,125.0,119.0,59.0,61.0,69.0,237.0,110.0,329.0,ITO_Delhi_CPCB,2022
24.0,,328.0,269.0,238.0,72.0,148.0,56.0,54.0,62.0,333.0,195.0,352.0,ITO_Delhi_CPCB,2022
25.0,,315.0,273.0,218.0,179.0,179.0,49.0,66.0,38.0,303.0,209.0,320.0,ITO_Delhi_CPCB,2022
26.0,,73.0,279.0,174.0,,150.0,51.0,84.0,129.0,282.0,361.0,333.0,ITO_Delhi_CPCB,2022
27.0,,77.0,276.0,259.0,251.0,118.0,55.0,78.0,105.0,350.0,329.0,339.0,ITO_Delhi_CPCB,2022
28.0,,83.0,305.0,282.0,185.0,152.0,50.0,92.0,167.0,355.0,325.0,308.0,ITO_Delhi_CPCB,2022
29.0,,,337.0,281.0,269.0,176.0,53.0,114.0,173.0,403.0,331.0,295.0,ITO_Delhi_CPCB,2022
30.0,,,299.0,244.0,263.0,120.0,40.0,98.0,218.0,348.0,349.0,367.0,ITO_Delhi_CPCB,2022
31.0,,,238.0,,239.0,,,166.0,,379.0,,314.0,ITO_Delhi_CPCB,2022
1.0,428.0,,234.0,229.0,260.0,319.0,78.0,,144.0,,467.0,,Jahangirpuri_Delhi_DPCC,2022
2.0,456.0,265.0,282.0,272.0,182.0,199.0,,97.0,135.0,,414.0,395.0,Jahangirpuri_Delhi_DPCC,2022
3.0,440.0,353.0,243.0,249.0,,272.0,68.0,134.0,152.0,,480.0,413.0,Jahangirpuri_Delhi_DPCC,2022
4.0,443.0,,249.0,302.0,,240.0,136.0,165.0,124.0,,487.0,448.0,Jahangirpuri_Delhi_DPCC,2022
5.0,448.0,285.0,155.0,258.0,225.0,219.0,208.0,,121.0,,415.0,336.0,Jahangirpuri_Delhi_DPCC,2022
6.0,323.0,411.0,263.0,278.0,266.0,193.0,122.0,146.0,143.0,,366.0,382.0,Jahangirpuri_Delhi_DPCC,2022
7.0,,331.0,,317.0,199.0,,,,134.0,58.0,398.0,,Jahangirpuri_Delhi_DPCC,2022
8.0,140.0,350.0,313.0,307.0,,327.0,,,152.0,,406.0,313.0,Jahangirpuri_Delhi_DPCC,2022
9.0,134.0,277.0,219.0,,214.0,,106.0,,168.0,31.0,307.0,360.0,Jahangirpuri_Delhi_DPCC,2022
10.0,277.0,244.0,182.0,332.0,136.0,,63.0,,119.0,34.0,347.0,401.0,Jahangirpuri_Delhi_DPCC,2022
11.0,343.0,,248.0,317.0,235.0,,,89.0,101.0,,386.0,352.0,Jahangirpuri_Delhi_DPCC,2022
12.0,319.0,263.0,,273.0,159.0,284.0,129.0,,101.0,,350.0,259.0,Jahangirpuri_Delhi_DPCC,2022
13.0,384.0,325.0,268.0,330.0,149.0,226.0,72.0,,82.0,,336.0,204.0,Jahangirpuri_Delhi_DPCC,2022
14.0,388.0,,265.0,286.0,256.0,222.0,80.0,,,213.0,341.0,194.0,Jahangirpuri_Delhi_DPCC,2022
15.0,360.0,257.0,287.0,195.0,276.0,,67.0,,59.0,,,222.0,Jahangirpuri_Delhi_DPCC,2022
16.0,351.0,333.0,261.0,262.0,288.0,,78.0,,39.0,,308.0,271.0,Jahangirpuri_Delhi_DPCC,2022
17.0,,301.0,284.0,249.0,,79.0,44.0,,,312.0,277.0,362.0,Jahangirpuri_Delhi_DPCC,2022
18.0,436.0,307.0,333.0,255.0,,78.0,71.0,72.0,86.0,300.0,313.0,414.0,Jahangirpuri_Delhi_DPCC,2022
19.0,405.0,244.0,278.0,361.0,185.0,106.0,,,,294.0,330.0,456.0,Jahangirpuri_Delhi_DPCC,2022
20.0,445.0,,257.0,303.0,252.0,122.0,93.0,93.0,,,347.0,410.0,Jahangirpuri_Delhi_DPCC,2022
21.0,426.0,214.0,296.0,345.0,273.0,118.0,,61.0,103.0,290.0,339.0,347.0,Jahangirpuri_Delhi_DPCC,2022
22.0,388.0,279.0,219.0,191.0,,130.0,204.0,121.0,64.0,298.0,290.0,385.0,Jahangirpuri_Delhi_DPCC,2022
23.0,279.0,248.0,260.0,263.0,94.0,150.0,78.0,89.0,49.0,292.0,278.0,374.0,Jahangirpuri_Delhi_DPCC,2022
24.0,382.0,345.0,312.0,302.0,68.0,237.0,,67.0,,342.0,247.0,381.0,Jahangirpuri_Delhi_DPCC,2022
25.0,354.0,345.0,250.0,293.0,168.0,230.0,70.0,,76.0,328.0,368.0,359.0,Jahangirpuri_Delhi_DPCC,2022
26.0,374.0,103.0,257.0,231.0,230.0,,69.0,157.0,,307.0,378.0,375.0,Jahangirpuri_Delhi_DPCC,2022
27.0,372.0,100.0,223.0,296.0,173.0,,76.0,123.0,147.0,392.0,367.0,385.0,Jahangirpuri_Delhi_DPCC,2022
28.0,300.0,141.0,328.0,343.0,,,90.0,133.0,161.0,416.0,380.0,347.0,Jahangirpuri_Delhi_DPCC,2022
29.0,315.0,,318.0,360.0,222.0,,87.0,,168.0,433.0,422.0,353.0,Jahangirpuri_Delhi_DPCC,2022
30.0,347.0,,301.0,308.0,179.0,96.0,59.0,151.0,211.0,394.0,420.0,420.0,Jahangirpuri_Delhi_DPCC,2022
31.0,403.0,,314.0,,,,,140.0,,446.0,,366.0,Jahangirpuri_Delhi_DPCC,2022
1.0,376.0,,269.0,179.0,221.0,244.0,73.0,63.0,107.0,180.0,415.0,366.0,Jawaharlal_Nehru_Stadium_Delhi_DPCC,2022
2.0,413.0,339.0,216.0,192.0,200.0,163.0,73.0,69.0,94.0,,374.0,352.0,Jawaharlal_Nehru_Stadium_Delhi_DPCC,2022
3.0,397.0,334.0,144.0,,238.0,227.0,64.0,162.0,103.0,108.0,448.0,368.0,Jawaharlal_Nehru_Stadium_Delhi_DPCC,2022
4.0,366.0,131.0,183.0,279.0,264.0,198.0,87.0,99.0,,241.0,432.0,408.0,Jawaharlal_Nehru_Stadium_Delhi_DPCC,2022
5.0,388.0,205.0,102.0,222.0,113.0,213.0,165.0,82.0,71.0,197.0,388.0,355.0,Jawaharlal_Nehru_Stadium_Delhi_DPCC,2022
6.0,264.0,278.0,110.0,261.0,249.0,181.0,105.0,83.0,105.0,72.0,348.0,365.0,Jawaharlal_Nehru_Stadium_Delhi_DPCC,2022
7.0,186.0,251.0,204.0,223.0,157.0,270.0,,,102.0,52.0,351.0,318.0,Jawaharlal_Nehru_Stadium_Delhi_DPCC,2022
8.0,90.0,272.0,259.0,220.0,168.0,382.0,85.0,80.0,116.0,59.0,372.0,283.0,Jawaharlal_Nehru_Stadium_Delhi_DPCC,2022
9.0,63.0,,119.0,279.0,,,104.0,,114.0,27.0,242.0,316.0,Jawaharlal_Nehru_Stadium_Delhi_DPCC,2022
10.0,124.0,152.0,161.0,251.0,141.0,311.0,68.0,72.0,93.0,,285.0,371.0,Jawaharlal_Nehru_Stadium_Delhi_DPCC,2022
11.0,230.0,156.0,132.0,259.0,159.0,276.0,80.0,,72.0,68.0,339.0,330.0,Jawaharlal_Nehru_Stadium_Delhi_DPCC,2022
12.0,169.0,155.0,152.0,191.0,229.0,240.0,93.0,,69.0,110.0,307.0,237.0,Jawaharlal_Nehru_Stadium_Delhi_DPCC,2022
13.0,332.0,224.0,199.0,231.0,156.0,196.0,83.0,,67.0,,297.0,166.0,Jawaharlal_Nehru_Stadium_Delhi_DPCC,2022
14.0,365.0,220.0,212.0,242.0,214.0,227.0,74.0,71.0,,128.0,297.0,152.0,Jawaharlal_Nehru_Stadium_Delhi_DPCC,2022
15.0,273.0,220.0,,259.0,189.0,146.0,68.0,69.0,,173.0,216.0,191.0,Jawaharlal_Nehru_Stadium_Delhi_DPCC,2022
16.0,282.0,237.0,214.0,211.0,278.0,,88.0,70.0,,222.0,254.0,222.0,Jawaharlal_Nehru_Stadium_Delhi_DPCC,2022
17.0,343.0,222.0,185.0,194.0,230.0,80.0,71.0,,,233.0,243.0,298.0,Jawaharlal_Nehru_Stadium_Delhi_DPCC,2022
18.0,364.0,232.0,305.0,205.0,213.0,71.0,78.0,68.0,,,272.0,351.0,Jawaharlal_Nehru_Stadium_Delhi_DPCC,2022
19.0,329.0,164.0,235.0,262.0,177.0,87.0,85.0,63.0,,,264.0,432.0,Jawaharlal_Nehru_Stadium_Delhi_DPCC,2022
20.0,380.0,159.0,245.0,238.0,236.0,98.0,85.0,73.0,,,310.0,381.0,Jawaharlal_Nehru_Stadium_Delhi_DPCC,2022
21.0,368.0,144.0,239.0,256.0,227.0,103.0,76.0,65.0,,245.0,311.0,349.0,Jawaharlal_Nehru_Stadium_Delhi_DPCC,2022
22.0,317.0,261.0,154.0,232.0,179.0,223.0,126.0,82.0,,240.0,264.0,360.0,Jawaharlal_Nehru_Stadium_Delhi_DPCC,2022
23.0,191.0,212.0,166.0,,110.0,160.0,72.0,72.0,,,239.0,377.0,Jawaharlal_Nehru_Stadium_Delhi_DPCC,2022
24.0,243.0,294.0,208.0,235.0,92.0,166.0,,,,323.0,195.0,367.0,Jawaharlal_Nehru_Stadium_Delhi_DPCC,2022
25.0,230.0,274.0,158.0,204.0,124.0,180.0,,76.0,,319.0,282.0,326.0,Jawaharlal_Nehru_Stadium_Delhi_DPCC,2022
26.0,234.0,85.0,159.0,205.0,128.0,205.0,73.0,105.0,,272.0,341.0,355.0,Jawaharlal_Nehru_Stadium_Delhi_DPCC,2022
27.0,265.0,,155.0,246.0,208.0,129.0,77.0,94.0,,,332.0,350.0,Jawaharlal_Nehru_Stadium_Delhi_DPCC,2022
28.0,205.0,161.0,213.0,231.0,,107.0,74.0,,,332.0,345.0,325.0,Jawaharlal_Nehru_Stadium_Delhi_DPCC,2022
29.0,241.0,,181.0,260.0,243.0,121.0,70.0,129.0,110.0,383.0,371.0,313.0,Jawaharlal_Nehru_Stadium_Delhi_DPCC,2022
30.0,283.0,,227.0,222.0,,93.0,71.0,99.0,,347.0,349.0,418.0,Jawaharlal_Nehru_Stadium_Delhi_DPCC,2022
31.0,345.0,,242.0,,,,70.0,111.0,,377.0,,368.0,Jawaharlal_Nehru_Stadium_Delhi_DPCC,2022
1.0,307.0,324.0,111.0,177.0,202.0,258.0,,85.0,102.0,126.0,372.0,310.0,Lodhi_Road_Delhi_IMD,2022
2.0,325.0,245.0,165.0,181.0,206.0,165.0,74.0,78.0,79.0,113.0,331.0,302.0,Lodhi_Road_Delhi_IMD,2022
3.0,330.0,276.0,122.0,204.0,214.0,185.0,63.0,87.0,89.0,93.0,414.0,286.0,Lodhi_Road_Delhi_IMD,2022
4.0,280.0,121.0,128.0,189.0,204.0,168.0,78.0,86.0,79.0,116.0,388.0,335.0,Lodhi_Road_Delhi_IMD,2022
5.0,323.0,167.0,86.0,195.0,106.0,173.0,123.0,79.0,,162.0,344.0,266.0,Lodhi_Road_Delhi_IMD,2022
6.0,237.0,205.0,96.0,175.0,208.0,155.0,83.0,84.0,,75.0,299.0,299.0,Lodhi_Road_Delhi_IMD,2022
7.0,,159.0,159.0,205.0,,,89.0,88.0,,72.0,317.0,233.0,Lodhi_Road_Delhi_IMD,2022
8.0,68.0,188.0,216.0,184.0,161.0,334.0,70.0,86.0,,74.0,315.0,199.0,Lodhi_Road_Delhi_IMD,2022
9.0,54.0,174.0,146.0,,145.0,186.0,96.0,83.0,,73.0,206.0,208.0,Lodhi_Road_Delhi_IMD,2022
10.0,94.0,113.0,114.0,192.0,139.0,270.0,70.0,101.0,,74.0,204.0,289.0,Lodhi_Road_Delhi_IMD,2022
11.0,170.0,126.0,124.0,191.0,134.0,223.0,83.0,,,77.0,281.0,228.0,Lodhi_Road_Delhi_IMD,2022
12.0,110.0,122.0,122.0,169.0,137.0,200.0,82.0,71.0,,97.0,247.0,126.0,Lodhi_Road_Delhi_IMD,2022
13.0,290.0,189.0,133.0,220.0,166.0,167.0,83.0,,,116.0,240.0,116.0,Lodhi_Road_Delhi_IMD,2022
14.0,316.0,175.0,167.0,243.0,,,80.0,86.0,,104.0,219.0,119.0,Lodhi_Road_Delhi_IMD,2022
15.0,223.0,151.0,248.0,199.0,169.0,,80.0,89.0,,124.0,148.0,123.0,Lodhi_Road_Delhi_IMD,2022
16.0,212.0,175.0,156.0,210.0,282.0,118.0,80.0,,,167.0,207.0,133.0,Lodhi_Road_Delhi_IMD,2022
17.0,271.0,165.0,158.0,154.0,235.0,73.0,86.0,75.0,,168.0,194.0,190.0,Lodhi_Road_Delhi_IMD,2022
18.0,312.0,176.0,277.0,147.0,228.0,54.0,84.0,,,177.0,224.0,,Lodhi_Road_Delhi_IMD,2022
19.0,247.0,131.0,211.0,246.0,192.0,81.0,87.0,70.0,,157.0,,,Lodhi_Road_Delhi_IMD,2022
20.0,312.0,120.0,231.0,,235.0,82.0,86.0,,94.0,139.0,241.0,290.0,Lodhi_Road_Delhi_IMD,2022
21.0,320.0,128.0,216.0,245.0,274.0,95.0,,,77.0,206.0,262.0,261.0,Lodhi_Road_Delhi_IMD,2022
22.0,240.0,179.0,153.0,179.0,239.0,114.0,100.0,,222.0,,174.0,277.0,Lodhi_Road_Delhi_IMD,2022
23.0,107.0,182.0,161.0,188.0,128.0,112.0,109.0,69.0,76.0,,140.0,,Lodhi_Road_Delhi_IMD,2022
24.0,154.0,245.0,203.0,209.0,55.0,,157.0,71.0,,246.0,127.0,307.0,Lodhi_Road_Delhi_IMD,2022
25.0,193.0,212.0,170.0,191.0,124.0,162.0,110.0,75.0,73.0,280.0,193.0,212.0,Lodhi_Road_Delhi_IMD,2022
26.0,159.0,,,171.0,124.0,146.0,161.0,92.0,100.0,212.0,,278.0,Lodhi_Road_Delhi_IMD,2022
27.0,193.0,71.0,145.0,219.0,162.0,127.0,86.0,82.0,72.0,,266.0,287.0,Lodhi_Road_Delhi_IMD,2022
28.0,141.0,66.0,181.0,200.0,202.0,118.0,87.0,100.0,94.0,292.0,263.0,275.0,Lodhi_Road_Delhi_IMD,2022
29.0,181.0,,,221.0,276.0,144.0,79.0,118.0,103.0,340.0,292.0,241.0,Lodhi_Road_Delhi_IMD,2022
30.0,202.0,,213.0,193.0,199.0,,76.0,91.0,116.0,307.0,247.0,371.0,Lodhi_Road_Delhi_IMD,2022
31.0,,,233.0,,203.0,,80.0,94.0,,339.0,,295.0,Lodhi_Road_Delhi_IMD,2022
1.0,368.0,,187.0,244.0,318.0,360.0,84.0,62.0,103.0,168.0,443.0,357.0,Narela_Delhi_DPCC,2022
2.0,391.0,328.0,220.0,291.0,255.0,218.0,121.0,69.0,104.0,181.0,404.0,371.0,Narela_Delhi_DPCC,2022
3.0,394.0,329.0,271.0,311.0,276.0,262.0,85.0,104.0,113.0,114.0,469.0,415.0,Narela_Delhi_DPCC,2022
4.0,402.0,159.0,237.0,314.0,324.0,262.0,133.0,133.0,,131.0,486.0,408.0,Narela_Delhi_DPCC,2022
5.0,429.0,247.0,119.0,240.0,231.0,240.0,192.0,,92.0,207.0,421.0,334.0,Narela_Delhi_DPCC,2022
6.0,317.0,300.0,180.0,265.0,300.0,194.0,129.0,97.0,126.0,89.0,360.0,335.0,Narela_Delhi_DPCC,2022
7.0,222.0,271.0,302.0,279.0,285.0,325.0,,,123.0,46.0,373.0,292.0,Narela_Delhi_DPCC,2022
8.0,99.0,331.0,277.0,272.0,,327.0,125.0,88.0,151.0,52.0,411.0,305.0,Narela_Delhi_DPCC,2022
9.0,66.0,229.0,169.0,304.0,,242.0,140.0,,166.0,35.0,310.0,338.0,Narela_Delhi_DPCC,2022
10.0,133.0,209.0,160.0,293.0,,319.0,76.0,,129.0,33.0,343.0,358.0,Narela_Delhi_DPCC,2022
11.0,170.0,171.0,181.0,298.0,272.0,286.0,87.0,,104.0,59.0,367.0,296.0,Narela_Delhi_DPCC,2022
12.0,174.0,219.0,179.0,244.0,169.0,311.0,85.0,,111.0,109.0,314.0,217.0,Narela_Delhi_DPCC,2022
13.0,335.0,262.0,237.0,,,226.0,91.0,78.0,86.0,95.0,320.0,157.0,Narela_Delhi_DPCC,2022
14.0,331.0,302.0,224.0,316.0,326.0,244.0,102.0,82.0,85.0,121.0,353.0,168.0,Narela_Delhi_DPCC,2022
15.0,221.0,308.0,282.0,217.0,281.0,134.0,90.0,55.0,65.0,168.0,269.0,204.0,Narela_Delhi_DPCC,2022
16.0,231.0,,220.0,320.0,352.0,,98.0,62.0,60.0,233.0,258.0,262.0,Narela_Delhi_DPCC,2022
17.0,338.0,291.0,235.0,285.0,265.0,106.0,81.0,55.0,78.0,237.0,276.0,311.0,Narela_Delhi_DPCC,2022
18.0,,259.0,305.0,332.0,304.0,88.0,92.0,59.0,116.0,242.0,320.0,371.0,Narela_Delhi_DPCC,2022
19.0,328.0,195.0,262.0,330.0,294.0,113.0,,60.0,185.0,313.0,288.0,400.0,Narela_Delhi_DPCC,2022
20.0,417.0,,268.0,296.0,375.0,147.0,101.0,73.0,124.0,264.0,315.0,354.0,Narela_Delhi_DPCC,2022
21.0,383.0,175.0,330.0,344.0,313.0,154.0,66.0,82.0,108.0,273.0,310.0,336.0,Narela_Delhi_DPCC,2022
22.0,371.0,327.0,184.0,237.0,,153.0,117.0,113.0,94.0,256.0,250.0,356.0,Narela_Delhi_DPCC,2022
23.0,237.0,250.0,213.0,305.0,,149.0,74.0,97.0,71.0,258.0,249.0,335.0,Narela_Delhi_DPCC,2022
24.0,276.0,353.0,304.0,301.0,178.0,196.0,75.0,60.0,50.0,294.0,225.0,355.0,Narela_Delhi_DPCC,2022
25.0,186.0,332.0,221.0,291.0,170.0,225.0,65.0,96.0,53.0,278.0,313.0,315.0,Narela_Delhi_DPCC,2022
26.0,261.0,127.0,210.0,235.0,220.0,216.0,69.0,120.0,81.0,284.0,250.0,323.0,Narela_Delhi_DPCC,2022
27.0,284.0,122.0,208.0,352.0,207.0,154.0,87.0,89.0,77.0,364.0,237.0,337.0,Narela_Delhi_DPCC,2022
28.0,228.0,90.0,321.0,352.0,226.0,,68.0,103.0,112.0,392.0,292.0,334.0,Narela_Delhi_DPCC,2022
29.0,225.0,,301.0,371.0,255.0,178.0,53.0,132.0,149.0,410.0,334.0,338.0,Narela_Delhi_DPCC,2022
30.0,281.0,,332.0,329.0,214.0,104.0,56.0,136.0,167.0,378.0,407.0,425.0,Narela_Delhi_DPCC,2022
31.0,347.0,,359.0,,245.0,,49.0,119.0,,439.0,,365.0,Narela_Delhi_DPCC,2022
1.0,362.0,362.0,,173.0,228.0,323.0,,101.0,106.0,168.0,,363.0,North_Campus_DU_Delhi_IMD,2022
2.0,,296.0,191.0,180.0,184.0,186.0,94.0,,106.0,,,349.0,North_Campus_DU_Delhi_IMD,2022
3.0,395.0,295.0,111.0,211.0,227.0,172.0,90.0,,,98.0,459.0,341.0,North_Campus_DU_Delhi_IMD,2022
4.0,413.0,119.0,130.0,233.0,,196.0,150.0,,,129.0,453.0,396.0,North_Campus_DU_Delhi_IMD,2022
5.0,,170.0,84.0,202.0,108.0,185.0,149.0,,,212.0,,,North_Campus_DU_Delhi_IMD,2022
6.0,206.0,277.0,114.0,,218.0,165.0,,,,62.0,340.0,322.0,North_Campus_DU_Delhi_IMD,2022
7.0,,207.0,225.0,218.0,175.0,,,,,,,,North_Campus_DU_Delhi_IMD,2022
8.0,81.0,188.0,234.0,,170.0,307.0,102.0,,118.0,74.0,,278.0,North_Campus_DU_Delhi_IMD,2022
9.0,,211.0,122.0,,141.0,211.0,,108.0,125.0,,265.0,308.0,North_Campus_DU_Delhi_IMD,2022
10.0,,141.0,114.0,,124.0,282.0,99.0,103.0,104.0,58.0,316.0,359.0,North_Campus_DU_Delhi_IMD,2022
11.0,175.0,117.0,123.0,,,210.0,103.0,101.0,101.0,,333.0,281.0,North_Campus_DU_Delhi_IMD,2022
12.0,110.0,135.0,119.0,,130.0,239.0,115.0,102.0,103.0,154.0,,180.0,North_Campus_DU_Delhi_IMD,2022
13.0,279.0,205.0,149.0,236.0,143.0,,107.0,99.0,,100.0,,,North_Campus_DU_Delhi_IMD,2022
14.0,325.0,220.0,222.0,232.0,,,95.0,,97.0,120.0,289.0,124.0,North_Campus_DU_Delhi_IMD,2022
15.0,248.0,165.0,229.0,206.0,292.0,,70.0,,95.0,181.0,,164.0,North_Campus_DU_Delhi_IMD,2022
16.0,226.0,239.0,167.0,188.0,284.0,115.0,127.0,103.0,95.0,288.0,,202.0,North_Campus_DU_Delhi_IMD,2022
17.0,311.0,,,222.0,228.0,74.0,76.0,103.0,,294.0,,305.0,North_Campus_DU_Delhi_IMD,2022
18.0,357.0,257.0,294.0,211.0,248.0,73.0,84.0,103.0,,303.0,,349.0,North_Campus_DU_Delhi_IMD,2022
19.0,313.0,160.0,226.0,307.0,198.0,,99.0,102.0,,,,419.0,North_Campus_DU_Delhi_IMD,2022
20.0,390.0,138.0,214.0,,320.0,,88.0,,112.0,253.0,300.0,357.0,North_Campus_DU_Delhi_IMD,2022
21.0,349.0,136.0,257.0,261.0,294.0,,,,89.0,300.0,,291.0,North_Campus_DU_Delhi_IMD,2022
22.0,279.0,242.0,143.0,192.0,,121.0,131.0,105.0,58.0,297.0,,,North_Campus_DU_Delhi_IMD,2022
23.0,,184.0,157.0,,,,74.0,,40.0,311.0,,,North_Campus_DU_Delhi_IMD,2022
24.0,234.0,223.0,239.0,226.0,,,86.0,104.0,59.0,384.0,213.0,336.0,North_Campus_DU_Delhi_IMD,2022
25.0,182.0,244.0,167.0,224.0,146.0,194.0,72.0,104.0,50.0,313.0,,312.0,North_Campus_DU_Delhi_IMD,2022
26.0,249.0,,167.0,184.0,161.0,176.0,43.0,102.0,97.0,263.0,296.0,322.0,North_Campus_DU_Delhi_IMD,2022
27.0,258.0,,,267.0,176.0,107.0,77.0,104.0,,,,332.0,North_Campus_DU_Delhi_IMD,2022
28.0,162.0,,206.0,278.0,213.0,124.0,76.0,105.0,163.0,354.0,,314.0,North_Campus_DU_Delhi_IMD,2022
29.0,233.0,,,274.0,263.0,145.0,88.0,124.0,,398.0,374.0,310.0,North_Campus_DU_Delhi_IMD,2022
30.0,253.0,,207.0,244.0,188.0,,,106.0,145.0,351.0,350.0,390.0,North_Campus_DU_Delhi_IMD,2022
31.0,309.0,,,,,,100.0,,,401.0,,313.0,North_Campus_DU_Delhi_IMD,2022
1.0,370.0,319.0,262.0,373.0,321.0,331.0,,78.0,143.0,264.0,439.0,416.0,NSIT_Dwarka_Delhi_CPCB,2022
2.0,428.0,239.0,335.0,278.0,259.0,239.0,58.0,81.0,136.0,252.0,378.0,395.0,NSIT_Dwarka_Delhi_CPCB,2022
3.0,390.0,341.0,260.0,266.0,246.0,233.0,53.0,169.0,132.0,165.0,464.0,394.0,NSIT_Dwarka_Delhi_CPCB,2022
4.0,411.0,180.0,312.0,250.0,309.0,213.0,90.0,,,194.0,446.0,444.0,NSIT_Dwarka_Delhi_CPCB,2022
5.0,411.0,196.0,246.0,199.0,143.0,,115.0,,122.0,259.0,379.0,360.0,NSIT_Dwarka_Delhi_CPCB,2022
6.0,277.0,248.0,293.0,,,256.0,96.0,105.0,135.0,91.0,346.0,416.0,NSIT_Dwarka_Delhi_CPCB,2022
7.0,146.0,170.0,324.0,186.0,217.0,245.0,98.0,178.0,165.0,58.0,359.0,352.0,NSIT_Dwarka_Delhi_CPCB,2022
8.0,86.0,205.0,365.0,,272.0,272.0,82.0,113.0,180.0,66.0,398.0,371.0,NSIT_Dwarka_Delhi_CPCB,2022
9.0,71.0,235.0,268.0,303.0,192.0,261.0,92.0,170.0,215.0,35.0,289.0,390.0,NSIT_Dwarka_Delhi_CPCB,2022
10.0,157.0,175.0,225.0,316.0,226.0,362.0,69.0,98.0,138.0,40.0,297.0,410.0,NSIT_Dwarka_Delhi_CPCB,2022
11.0,274.0,334.0,200.0,316.0,149.0,181.0,84.0,75.0,101.0,63.0,380.0,362.0,NSIT_Dwarka_Delhi_CPCB,2022
12.0,132.0,328.0,,280.0,237.0,232.0,81.0,84.0,90.0,151.0,332.0,316.0,NSIT_Dwarka_Delhi_CPCB,2022
13.0,,337.0,175.0,289.0,265.0,180.0,91.0,71.0,90.0,157.0,409.0,318.0,NSIT_Dwarka_Delhi_CPCB,2022
14.0,341.0,285.0,300.0,347.0,265.0,274.0,126.0,64.0,106.0,253.0,338.0,273.0,NSIT_Dwarka_Delhi_CPCB,2022
15.0,173.0,275.0,286.0,244.0,305.0,196.0,123.0,59.0,74.0,294.0,287.0,270.0,NSIT_Dwarka_Delhi_CPCB,2022
16.0,150.0,332.0,288.0,,,169.0,128.0,84.0,56.0,256.0,304.0,295.0,NSIT_Dwarka_Delhi_CPCB,2022
17.0,209.0,314.0,267.0,289.0,324.0,102.0,63.0,44.0,68.0,258.0,322.0,368.0,NSIT_Dwarka_Delhi_CPCB,2022
18.0,252.0,272.0,281.0,247.0,290.0,50.0,126.0,,123.0,261.0,372.0,360.0,NSIT_Dwarka_Delhi_CPCB,2022
19.0,212.0,268.0,192.0,341.0,238.0,71.0,144.0,74.0,197.0,316.0,322.0,368.0,NSIT_Dwarka_Delhi_CPCB,2022
20.0,407.0,311.0,248.0,309.0,,79.0,116.0,86.0,136.0,348.0,350.0,341.0,NSIT_Dwarka_Delhi_CPCB,2022
21.0,388.0,241.0,297.0,300.0,407.0,87.0,70.0,126.0,121.0,315.0,324.0,342.0,NSIT_Dwarka_Delhi_CPCB,2022
22.0,320.0,236.0,313.0,260.0,,155.0,,135.0,,332.0,352.0,339.0,NSIT_Dwarka_Delhi_CPCB,2022
23.0,,178.0,282.0,269.0,162.0,140.0,64.0,88.0,54.0,315.0,290.0,352.0,NSIT_Dwarka_Delhi_CPCB,2022
24.0,165.0,266.0,330.0,291.0,,252.0,67.0,59.0,68.0,337.0,235.0,,NSIT_Dwarka_Delhi_CPCB,2022
25.0,276.0,315.0,317.0,294.0,211.0,276.0,64.0,80.0,77.0,388.0,286.0,384.0,NSIT_Dwarka_Delhi_CPCB,2022
26.0,301.0,154.0,,298.0,274.0,176.0,78.0,140.0,106.0,245.0,334.0,362.0,NSIT_Dwarka_Delhi_CPCB,2022
27.0,301.0,141.0,312.0,298.0,302.0,92.0,72.0,139.0,112.0,386.0,309.0,343.0,NSIT_Dwarka_Delhi_CPCB,2022
28.0,264.0,154.0,294.0,283.0,258.0,132.0,70.0,144.0,124.0,389.0,371.0,382.0,NSIT_Dwarka_Delhi_CPCB,2022
29.0,232.0,,296.0,299.0,334.0,170.0,,,171.0,437.0,398.0,375.0,NSIT_Dwarka_Delhi_CPCB,2022
30.0,305.0,,283.0,295.0,197.0,90.0,60.0,149.0,192.0,389.0,360.0,424.0,NSIT_Dwarka_Delhi_CPCB,2022
31.0,,,334.0,,221.0,,56.0,175.0,,421.0,,352.0,NSIT_Dwarka_Delhi_CPCB,2022
1.0,379.0,,138.0,224.0,272.0,347.0,53.0,82.0,111.0,170.0,424.0,362.0,Okhla_Phase-2_Delhi_DPCC,2022
2.0,421.0,342.0,216.0,277.0,208.0,176.0,85.0,79.0,109.0,166.0,370.0,,Okhla_Phase-2_Delhi_DPCC,2022
3.0,389.0,345.0,185.0,244.0,240.0,,61.0,109.0,109.0,120.0,444.0,362.0,Okhla_Phase-2_Delhi_DPCC,2022
4.0,361.0,164.0,192.0,261.0,287.0,212.0,97.0,112.0,70.0,124.0,450.0,407.0,Okhla_Phase-2_Delhi_DPCC,2022
5.0,443.0,254.0,115.0,247.0,165.0,194.0,131.0,,74.0,208.0,376.0,352.0,Okhla_Phase-2_Delhi_DPCC,2022
6.0,271.0,277.0,126.0,247.0,248.0,188.0,91.0,98.0,63.0,60.0,343.0,347.0,Okhla_Phase-2_Delhi_DPCC,2022
7.0,188.0,262.0,256.0,271.0,211.0,291.0,,102.0,70.0,40.0,351.0,304.0,Okhla_Phase-2_Delhi_DPCC,2022
8.0,84.0,267.0,290.0,235.0,198.0,,90.0,72.0,122.0,,369.0,268.0,Okhla_Phase-2_Delhi_DPCC,2022
9.0,,206.0,148.0,256.0,153.0,200.0,113.0,,118.0,,251.0,304.0,Okhla_Phase-2_Delhi_DPCC,2022
10.0,171.0,159.0,151.0,242.0,157.0,287.0,72.0,,110.0,41.0,285.0,364.0,Okhla_Phase-2_Delhi_DPCC,2022
11.0,267.0,163.0,165.0,239.0,144.0,241.0,98.0,64.0,74.0,43.0,349.0,311.0,Okhla_Phase-2_Delhi_DPCC,2022
12.0,226.0,166.0,,202.0,162.0,,90.0,,72.0,142.0,291.0,191.0,Okhla_Phase-2_Delhi_DPCC,2022
13.0,365.0,244.0,174.0,375.0,240.0,,81.0,63.0,72.0,,280.0,163.0,Okhla_Phase-2_Delhi_DPCC,2022
14.0,415.0,227.0,215.0,293.0,282.0,204.0,83.0,77.0,57.0,149.0,274.0,142.0,Okhla_Phase-2_Delhi_DPCC,2022
15.0,327.0,225.0,226.0,221.0,236.0,144.0,74.0,40.0,41.0,,198.0,155.0,Okhla_Phase-2_Delhi_DPCC,2022
16.0,320.0,264.0,210.0,283.0,322.0,131.0,75.0,58.0,32.0,199.0,257.0,185.0,Okhla_Phase-2_Delhi_DPCC,2022
17.0,367.0,237.0,199.0,273.0,243.0,86.0,45.0,35.0,63.0,205.0,256.0,256.0,Okhla_Phase-2_Delhi_DPCC,2022
18.0,380.0,229.0,289.0,320.0,246.0,80.0,86.0,74.0,98.0,238.0,269.0,343.0,Okhla_Phase-2_Delhi_DPCC,2022
19.0,354.0,169.0,228.0,350.0,231.0,87.0,,66.0,156.0,,263.0,428.0,Okhla_Phase-2_Delhi_DPCC,2022
20.0,403.0,156.0,246.0,280.0,284.0,106.0,112.0,79.0,130.0,291.0,297.0,368.0,Okhla_Phase-2_Delhi_DPCC,2022
21.0,388.0,163.0,280.0,319.0,282.0,136.0,70.0,56.0,104.0,290.0,311.0,363.0,Okhla_Phase-2_Delhi_DPCC,2022
22.0,335.0,278.0,171.0,192.0,198.0,130.0,137.0,103.0,55.0,255.0,253.0,368.0,Okhla_Phase-2_Delhi_DPCC,2022
23.0,226.0,203.0,195.0,229.0,120.0,131.0,55.0,92.0,46.0,242.0,198.0,384.0,Okhla_Phase-2_Delhi_DPCC,2022
24.0,262.0,307.0,329.0,254.0,62.0,180.0,62.0,56.0,43.0,321.0,162.0,347.0,Okhla_Phase-2_Delhi_DPCC,2022
25.0,297.0,280.0,212.0,218.0,151.0,225.0,62.0,91.0,39.0,315.0,287.0,312.0,Okhla_Phase-2_Delhi_DPCC,2022
26.0,270.0,96.0,206.0,193.0,180.0,153.0,63.0,107.0,102.0,266.0,334.0,353.0,Okhla_Phase-2_Delhi_DPCC,2022
27.0,266.0,86.0,181.0,282.0,234.0,120.0,76.0,98.0,104.0,344.0,321.0,353.0,Okhla_Phase-2_Delhi_DPCC,2022
28.0,214.0,98.0,276.0,266.0,,132.0,63.0,111.0,128.0,354.0,324.0,309.0,Okhla_Phase-2_Delhi_DPCC,2022
29.0,248.0,,238.0,280.0,295.0,159.0,59.0,132.0,137.0,389.0,368.0,304.0,Okhla_Phase-2_Delhi_DPCC,2022
30.0,283.0,,296.0,220.0,190.0,102.0,41.0,102.0,,345.0,354.0,407.0,Okhla_Phase-2_Delhi_DPCC,2022
31.0,352.0,,343.0,,224.0,,67.0,123.0,,385.0,,406.0,Okhla_Phase-2_Delhi_DPCC,2022
1.0,383.0,,230.0,219.0,245.0,314.0,60.0,61.0,132.0,190.0,448.0,391.0,Patparganj_Delhi_DPCC,2022
2.0,440.0,355.0,234.0,221.0,219.0,185.0,87.0,73.0,117.0,159.0,406.0,351.0,Patparganj_Delhi_DPCC,2022
3.0,419.0,348.0,177.0,234.0,234.0,220.0,63.0,106.0,110.0,118.0,465.0,394.0,Patparganj_Delhi_DPCC,2022
4.0,397.0,165.0,199.0,286.0,263.0,205.0,135.0,115.0,79.0,84.0,427.0,433.0,Patparganj_Delhi_DPCC,2022
5.0,441.0,266.0,112.0,214.0,125.0,199.0,253.0,,195.0,238.0,397.0,365.0,Patparganj_Delhi_DPCC,2022
6.0,282.0,291.0,150.0,233.0,279.0,178.0,,,116.0,61.0,357.0,364.0,Patparganj_Delhi_DPCC,2022
7.0,179.0,296.0,246.0,247.0,209.0,255.0,,,229.0,41.0,376.0,317.0,Patparganj_Delhi_DPCC,2022
8.0,86.0,263.0,303.0,216.0,187.0,346.0,128.0,71.0,182.0,,392.0,,Patparganj_Delhi_DPCC,2022
9.0,84.0,232.0,167.0,243.0,225.0,208.0,153.0,,206.0,37.0,260.0,334.0,Patparganj_Delhi_DPCC,2022
10.0,158.0,172.0,146.0,271.0,175.0,282.0,68.0,,113.0,,340.0,400.0,Patparganj_Delhi_DPCC,2022
11.0,269.0,174.0,151.0,256.0,224.0,233.0,114.0,,81.0,61.0,367.0,348.0,Patparganj_Delhi_DPCC,2022
12.0,224.0,174.0,169.0,232.0,142.0,223.0,115.0,,75.0,256.0,318.0,232.0,Patparganj_Delhi_DPCC,2022
13.0,381.0,249.0,190.0,306.0,158.0,193.0,160.0,63.0,74.0,120.0,322.0,164.0,Patparganj_Delhi_DPCC,2022
14.0,421.0,258.0,234.0,266.0,265.0,204.0,78.0,66.0,79.0,183.0,333.0,140.0,Patparganj_Delhi_DPCC,2022
15.0,325.0,218.0,268.0,199.0,241.0,143.0,71.0,57.0,45.0,269.0,219.0,186.0,Patparganj_Delhi_DPCC,2022
16.0,316.0,274.0,236.0,255.0,281.0,122.0,65.0,,33.0,257.0,265.0,236.0,Patparganj_Delhi_DPCC,2022
17.0,384.0,241.0,223.0,272.0,221.0,82.0,70.0,73.0,73.0,245.0,256.0,328.0,Patparganj_Delhi_DPCC,2022
18.0,391.0,241.0,308.0,254.0,221.0,81.0,81.0,57.0,230.0,244.0,280.0,379.0,Patparganj_Delhi_DPCC,2022
19.0,360.0,203.0,255.0,307.0,171.0,140.0,94.0,53.0,200.0,274.0,285.0,457.0,Patparganj_Delhi_DPCC,2022
20.0,415.0,172.0,259.0,235.0,232.0,126.0,85.0,71.0,121.0,203.0,335.0,415.0,Patparganj_Delhi_DPCC,2022
21.0,396.0,153.0,297.0,271.0,266.0,128.0,94.0,58.0,101.0,274.0,322.0,364.0,Patparganj_Delhi_DPCC,2022
22.0,349.0,254.0,172.0,266.0,179.0,166.0,149.0,99.0,51.0,271.0,256.0,408.0,Patparganj_Delhi_DPCC,2022
23.0,235.0,211.0,219.0,239.0,125.0,129.0,72.0,78.0,50.0,262.0,250.0,411.0,Patparganj_Delhi_DPCC,2022
24.0,315.0,319.0,309.0,254.0,80.0,161.0,71.0,44.0,45.0,327.0,200.0,389.0,Patparganj_Delhi_DPCC,2022
25.0,207.0,317.0,211.0,241.0,150.0,201.0,74.0,230.0,44.0,302.0,297.0,342.0,Patparganj_Delhi_DPCC,2022
26.0,300.0,84.0,197.0,185.0,194.0,153.0,72.0,112.0,114.0,286.0,374.0,376.0,Patparganj_Delhi_DPCC,2022
27.0,314.0,95.0,178.0,286.0,224.0,166.0,79.0,95.0,98.0,378.0,354.0,403.0,Patparganj_Delhi_DPCC,2022
28.0,266.0,152.0,253.0,274.0,,215.0,73.0,111.0,131.0,373.0,369.0,342.0,Patparganj_Delhi_DPCC,2022
29.0,,,247.0,310.0,272.0,,73.0,214.0,128.0,409.0,388.0,329.0,Patparganj_Delhi_DPCC,2022
30.0,300.0,,262.0,258.0,232.0,,76.0,100.0,165.0,370.0,387.0,418.0,Patparganj_Delhi_DPCC,2022
31.0,365.0,,307.0,,191.0,,53.0,109.0,,394.0,,392.0,Patparganj_Delhi_DPCC,2022
1.0,404.0,,222.0,243.0,269.0,351.0,95.0,,116.0,195.0,426.0,401.0,Punjabi_Bagh_Delhi_DPCC,2022
2.0,439.0,360.0,239.0,240.0,224.0,201.0,107.0,78.0,105.0,181.0,353.0,390.0,Punjabi_Bagh_Delhi_DPCC,2022
3.0,430.0,348.0,198.0,271.0,232.0,248.0,75.0,108.0,104.0,127.0,412.0,380.0,Punjabi_Bagh_Delhi_DPCC,2022
4.0,412.0,169.0,234.0,318.0,291.0,233.0,122.0,125.0,91.0,137.0,372.0,449.0,Punjabi_Bagh_Delhi_DPCC,2022
5.0,433.0,285.0,110.0,259.0,152.0,147.0,172.0,,87.0,223.0,320.0,366.0,Punjabi_Bagh_Delhi_DPCC,2022
6.0,305.0,341.0,,258.0,299.0,124.0,115.0,124.0,112.0,111.0,265.0,371.0,Punjabi_Bagh_Delhi_DPCC,2022
7.0,221.0,268.0,,305.0,220.0,279.0,,,124.0,78.0,349.0,330.0,Punjabi_Bagh_Delhi_DPCC,2022
8.0,102.0,285.0,315.0,292.0,213.0,364.0,120.0,94.0,135.0,68.0,381.0,303.0,Punjabi_Bagh_Delhi_DPCC,2022
9.0,,272.0,201.0,282.0,181.0,256.0,121.0,,131.0,34.0,260.0,322.0,Punjabi_Bagh_Delhi_DPCC,2022
10.0,190.0,185.0,137.0,287.0,146.0,327.0,96.0,,123.0,47.0,291.0,366.0,Punjabi_Bagh_Delhi_DPCC,2022
11.0,264.0,169.0,200.0,293.0,135.0,281.0,102.0,,82.0,88.0,368.0,322.0,Punjabi_Bagh_Delhi_DPCC,2022
12.0,240.0,188.0,200.0,277.0,139.0,290.0,149.0,,86.0,177.0,319.0,215.0,Punjabi_Bagh_Delhi_DPCC,2022
13.0,370.0,258.0,232.0,284.0,165.0,205.0,113.0,74.0,89.0,126.0,322.0,159.0,Punjabi_Bagh_Delhi_DPCC,2022
14.0,401.0,250.0,271.0,305.0,266.0,234.0,117.0,64.0,77.0,153.0,302.0,165.0,Punjabi_Bagh_Delhi_DPCC,2022
15.0,317.0,198.0,304.0,187.0,244.0,165.0,98.0,72.0,73.0,185.0,241.0,208.0,Punjabi_Bagh_Delhi_DPCC,2022
16.0,,305.0,263.0,285.0,301.0,,92.0,74.0,49.0,263.0,276.0,251.0,Punjabi_Bagh_Delhi_DPCC,2022
17.0,372.0,267.0,269.0,308.0,261.0,95.0,81.0,46.0,71.0,249.0,265.0,,Punjabi_Bagh_Delhi_DPCC,2022
18.0,403.0,279.0,343.0,267.0,260.0,85.0,,57.0,,256.0,316.0,335.0,Punjabi_Bagh_Delhi_DPCC,2022
19.0,357.0,183.0,247.0,379.0,186.0,104.0,,72.0,196.0,224.0,281.0,434.0,Punjabi_Bagh_Delhi_DPCC,2022
20.0,439.0,169.0,250.0,270.0,275.0,125.0,117.0,82.0,148.0,216.0,331.0,403.0,Punjabi_Bagh_Delhi_DPCC,2022
21.0,405.0,163.0,290.0,321.0,308.0,123.0,66.0,63.0,116.0,274.0,314.0,354.0,Punjabi_Bagh_Delhi_DPCC,2022
22.0,346.0,300.0,216.0,210.0,213.0,126.0,160.0,115.0,76.0,285.0,264.0,375.0,Punjabi_Bagh_Delhi_DPCC,2022
23.0,224.0,221.0,243.0,263.0,167.0,139.0,93.0,99.0,,265.0,259.0,375.0,Punjabi_Bagh_Delhi_DPCC,2022
24.0,283.0,346.0,289.0,280.0,72.0,183.0,91.0,57.0,40.0,324.0,229.0,374.0,Punjabi_Bagh_Delhi_DPCC,2022
25.0,246.0,312.0,260.0,275.0,189.0,189.0,79.0,83.0,44.0,322.0,319.0,346.0,Punjabi_Bagh_Delhi_DPCC,2022
26.0,303.0,99.0,218.0,222.0,233.0,173.0,83.0,112.0,136.0,289.0,364.0,351.0,Punjabi_Bagh_Delhi_DPCC,2022
27.0,300.0,102.0,215.0,349.0,236.0,130.0,,100.0,111.0,348.0,344.0,369.0,Punjabi_Bagh_Delhi_DPCC,2022
28.0,245.0,87.0,,334.0,,161.0,69.0,118.0,139.0,379.0,348.0,356.0,Punjabi_Bagh_Delhi_DPCC,2022
29.0,287.0,,320.0,349.0,297.0,223.0,65.0,139.0,139.0,429.0,419.0,332.0,Punjabi_Bagh_Delhi_DPCC,2022
30.0,292.0,,268.0,324.0,207.0,142.0,54.0,116.0,175.0,347.0,403.0,417.0,Punjabi_Bagh_Delhi_DPCC,2022
31.0,376.0,,313.0,,234.0,,71.0,120.0,,390.0,,277.0,Punjabi_Bagh_Delhi_DPCC,2022
1.0,388.0,,183.0,219.0,311.0,399.0,75.0,59.0,123.0,189.0,449.0,397.0,Rohini_Delhi_DPCC,2022
2.0,414.0,345.0,243.0,315.0,226.0,,117.0,75.0,111.0,186.0,395.0,,Rohini_Delhi_DPCC,2022
3.0,406.0,345.0,193.0,282.0,223.0,,61.0,119.0,106.0,112.0,469.0,408.0,Rohini_Delhi_DPCC,2022
4.0,419.0,168.0,211.0,346.0,300.0,,120.0,108.0,,122.0,479.0,444.0,Rohini_Delhi_DPCC,2022
5.0,414.0,287.0,101.0,254.0,,273.0,185.0,,83.0,213.0,407.0,367.0,Rohini_Delhi_DPCC,2022
6.0,,348.0,195.0,285.0,281.0,214.0,112.0,,119.0,64.0,355.0,371.0,Rohini_Delhi_DPCC,2022
7.0,176.0,295.0,266.0,335.0,257.0,299.0,,,121.0,44.0,363.0,320.0,Rohini_Delhi_DPCC,2022
8.0,98.0,358.0,306.0,330.0,212.0,360.0,91.0,84.0,131.0,35.0,400.0,296.0,Rohini_Delhi_DPCC,2022
9.0,71.0,218.0,,310.0,164.0,227.0,,,141.0,,269.0,327.0,Rohini_Delhi_DPCC,2022
10.0,118.0,204.0,153.0,310.0,145.0,328.0,,,108.0,18.0,315.0,397.0,Rohini_Delhi_DPCC,2022
11.0,202.0,174.0,139.0,325.0,139.0,297.0,,,81.0,60.0,357.0,320.0,Rohini_Delhi_DPCC,2022
12.0,178.0,216.0,173.0,288.0,,292.0,105.0,,79.0,133.0,305.0,241.0,Rohini_Delhi_DPCC,2022
13.0,297.0,262.0,240.0,341.0,182.0,227.0,76.0,58.0,67.0,112.0,313.0,183.0,Rohini_Delhi_DPCC,2022
14.0,323.0,291.0,270.0,342.0,322.0,221.0,81.0,69.0,54.0,126.0,316.0,193.0,Rohini_Delhi_DPCC,2022
15.0,276.0,273.0,269.0,210.0,261.0,156.0,70.0,43.0,45.0,183.0,260.0,224.0,Rohini_Delhi_DPCC,2022
16.0,,,234.0,304.0,282.0,,37.0,49.0,29.0,276.0,271.0,263.0,Rohini_Delhi_DPCC,2022
17.0,364.0,264.0,236.0,289.0,219.0,86.0,43.0,32.0,71.0,253.0,266.0,346.0,Rohini_Delhi_DPCC,2022
18.0,391.0,293.0,314.0,315.0,244.0,80.0,77.0,,,253.0,309.0,395.0,Rohini_Delhi_DPCC,2022
19.0,346.0,,231.0,366.0,184.0,100.0,100.0,57.0,201.0,285.0,303.0,429.0,Rohini_Delhi_DPCC,2022
20.0,426.0,198.0,240.0,310.0,281.0,135.0,102.0,,,272.0,331.0,389.0,Rohini_Delhi_DPCC,2022
21.0,409.0,160.0,310.0,340.0,303.0,130.0,52.0,51.0,96.0,254.0,313.0,335.0,Rohini_Delhi_DPCC,2022
22.0,380.0,299.0,188.0,203.0,202.0,121.0,172.0,100.0,48.0,243.0,256.0,357.0,Rohini_Delhi_DPCC,2022
23.0,245.0,213.0,231.0,282.0,,135.0,77.0,77.0,43.0,,256.0,358.0,Rohini_Delhi_DPCC,2022
24.0,301.0,352.0,318.0,275.0,65.0,178.0,67.0,46.0,42.0,304.0,248.0,386.0,Rohini_Delhi_DPCC,2022
25.0,236.0,,220.0,261.0,166.0,,58.0,82.0,31.0,293.0,325.0,329.0,Rohini_Delhi_DPCC,2022
26.0,304.0,,223.0,225.0,221.0,184.0,60.0,104.0,89.0,284.0,356.0,341.0,Rohini_Delhi_DPCC,2022
27.0,297.0,,,325.0,183.0,117.0,66.0,86.0,89.0,,353.0,356.0,Rohini_Delhi_DPCC,2022
28.0,230.0,87.0,317.0,355.0,,126.0,,108.0,143.0,379.0,354.0,354.0,Rohini_Delhi_DPCC,2022
29.0,264.0,,319.0,,265.0,159.0,59.0,141.0,149.0,420.0,409.0,321.0,Rohini_Delhi_DPCC,2022
30.0,295.0,,345.0,314.0,207.0,111.0,45.0,120.0,172.0,372.0,403.0,425.0,Rohini_Delhi_DPCC,2022
31.0,354.0,,345.0,,217.0,,63.0,120.0,,421.0,,363.0,Rohini_Delhi_DPCC,2022
1.0,349.0,363.0,139.0,236.0,243.0,300.0,59.0,65.0,112.0,180.0,410.0,355.0,Sirifort_Delhi_CPCB,2022
2.0,389.0,325.0,261.0,239.0,,188.0,53.0,68.0,107.0,150.0,374.0,,Sirifort_Delhi_CPCB,2022
3.0,363.0,321.0,,240.0,211.0,242.0,78.0,117.0,110.0,113.0,449.0,357.0,Sirifort_Delhi_CPCB,2022
4.0,345.0,145.0,180.0,258.0,275.0,223.0,91.0,111.0,91.0,122.0,439.0,395.0,Sirifort_Delhi_CPCB,2022
5.0,390.0,245.0,106.0,273.0,129.0,,126.0,81.0,91.0,205.0,387.0,352.0,Sirifort_Delhi_CPCB,2022
6.0,265.0,210.0,154.0,240.0,259.0,,101.0,79.0,115.0,76.0,348.0,345.0,Sirifort_Delhi_CPCB,2022
7.0,191.0,190.0,238.0,274.0,180.0,,100.0,96.0,110.0,41.0,368.0,302.0,Sirifort_Delhi_CPCB,2022
8.0,81.0,304.0,287.0,245.0,184.0,,90.0,69.0,124.0,31.0,372.0,268.0,Sirifort_Delhi_CPCB,2022
9.0,54.0,237.0,158.0,261.0,159.0,89.0,106.0,108.0,128.0,32.0,256.0,286.0,Sirifort_Delhi_CPCB,2022
10.0,137.0,147.0,158.0,251.0,149.0,309.0,66.0,101.0,111.0,33.0,282.0,336.0,Sirifort_Delhi_CPCB,2022
11.0,236.0,162.0,163.0,232.0,147.0,237.0,101.0,61.0,96.0,39.0,378.0,306.0,Sirifort_Delhi_CPCB,2022
12.0,176.0,166.0,150.0,234.0,165.0,220.0,86.0,59.0,97.0,118.0,306.0,200.0,Sirifort_Delhi_CPCB,2022
13.0,324.0,236.0,183.0,297.0,,208.0,94.0,61.0,67.0,120.0,303.0,210.0,Sirifort_Delhi_CPCB,2022
14.0,391.0,226.0,246.0,333.0,,204.0,98.0,65.0,59.0,,277.0,144.0,Sirifort_Delhi_CPCB,2022
15.0,279.0,185.0,249.0,,,142.0,74.0,60.0,57.0,183.0,218.0,,Sirifort_Delhi_CPCB,2022
16.0,243.0,259.0,235.0,,331.0,128.0,,60.0,57.0,211.0,272.0,,Sirifort_Delhi_CPCB,2022
17.0,,247.0,232.0,235.0,261.0,,47.0,61.0,57.0,205.0,259.0,,Sirifort_Delhi_CPCB,2022
18.0,359.0,237.0,323.0,265.0,,88.0,100.0,69.0,92.0,230.0,272.0,,Sirifort_Delhi_CPCB,2022
19.0,331.0,156.0,240.0,,217.0,93.0,131.0,66.0,154.0,194.0,265.0,,Sirifort_Delhi_CPCB,2022
20.0,378.0,163.0,272.0,290.0,263.0,95.0,86.0,69.0,113.0,208.0,312.0,384.0,Sirifort_Delhi_CPCB,2022
21.0,368.0,140.0,264.0,306.0,293.0,126.0,73.0,117.0,113.0,259.0,309.0,346.0,Sirifort_Delhi_CPCB,2022
22.0,307.0,230.0,200.0,224.0,202.0,127.0,123.0,105.0,46.0,256.0,287.0,368.0,Sirifort_Delhi_CPCB,2022
23.0,192.0,238.0,215.0,251.0,137.0,130.0,75.0,79.0,45.0,260.0,226.0,372.0,Sirifort_Delhi_CPCB,2022
24.0,197.0,317.0,286.0,301.0,67.0,186.0,77.0,64.0,42.0,324.0,213.0,366.0,Sirifort_Delhi_CPCB,2022
25.0,264.0,285.0,218.0,309.0,,227.0,72.0,81.0,29.0,297.0,293.0,311.0,Sirifort_Delhi_CPCB,2022
26.0,226.0,102.0,190.0,229.0,263.0,154.0,62.0,115.0,90.0,283.0,337.0,340.0,Sirifort_Delhi_CPCB,2022
27.0,236.0,78.0,173.0,321.0,195.0,121.0,,,93.0,345.0,340.0,334.0,Sirifort_Delhi_CPCB,2022
28.0,,91.0,222.0,339.0,208.0,130.0,66.0,,128.0,332.0,327.0,314.0,Sirifort_Delhi_CPCB,2022
29.0,220.0,,245.0,,279.0,,42.0,132.0,135.0,384.0,357.0,300.0,Sirifort_Delhi_CPCB,2022
30.0,279.0,,257.0,,194.0,102.0,38.0,101.0,141.0,332.0,343.0,399.0,Sirifort_Delhi_CPCB,2022
31.0,327.0,,298.0,,234.0,,62.0,114.0,,375.0,,352.0,Sirifort_Delhi_CPCB,2022
1.0,389.0,,132.0,234.0,293.0,371.0,77.0,75.0,122.0,177.0,458.0,384.0,Vivek_Vihar_Delhi_DPCC,2022
2.0,,363.0,226.0,192.0,242.0,221.0,126.0,81.0,120.0,169.0,404.0,360.0,Vivek_Vihar_Delhi_DPCC,2022
3.0,411.0,347.0,,261.0,,265.0,65.0,113.0,121.0,140.0,464.0,390.0,Vivek_Vihar_Delhi_DPCC,2022
4.0,411.0,171.0,237.0,302.0,,231.0,138.0,121.0,101.0,144.0,471.0,439.0,Vivek_Vihar_Delhi_DPCC,2022
5.0,,292.0,119.0,204.0,125.0,233.0,206.0,,91.0,226.0,396.0,343.0,Vivek_Vihar_Delhi_DPCC,2022
6.0,,353.0,172.0,,290.0,197.0,110.0,95.0,,62.0,352.0,358.0,Vivek_Vihar_Delhi_DPCC,2022
7.0,,329.0,246.0,248.0,205.0,278.0,,102.0,138.0,57.0,376.0,312.0,Vivek_Vihar_Delhi_DPCC,2022
8.0,121.0,322.0,286.0,232.0,201.0,389.0,98.0,84.0,163.0,47.0,401.0,308.0,Vivek_Vihar_Delhi_DPCC,2022
9.0,79.0,254.0,153.0,271.0,174.0,245.0,114.0,,136.0,22.0,300.0,334.0,Vivek_Vihar_Delhi_DPCC,2022
10.0,186.0,205.0,140.0,287.0,157.0,315.0,79.0,,113.0,22.0,356.0,415.0,Vivek_Vihar_Delhi_DPCC,2022
11.0,234.0,200.0,156.0,255.0,151.0,326.0,105.0,67.0,78.0,40.0,352.0,349.0,Vivek_Vihar_Delhi_DPCC,2022
12.0,255.0,206.0,162.0,241.0,161.0,315.0,95.0,,80.0,172.0,308.0,247.0,Vivek_Vihar_Delhi_DPCC,2022
13.0,,269.0,197.0,293.0,201.0,,78.0,,80.0,136.0,301.0,196.0,Vivek_Vihar_Delhi_DPCC,2022
14.0,387.0,289.0,225.0,321.0,287.0,246.0,96.0,,69.0,162.0,307.0,215.0,Vivek_Vihar_Delhi_DPCC,2022
15.0,,258.0,267.0,221.0,298.0,176.0,86.0,,59.0,183.0,257.0,181.0,Vivek_Vihar_Delhi_DPCC,2022
16.0,296.0,301.0,248.0,283.0,369.0,134.0,79.0,58.0,66.0,254.0,273.0,258.0,Vivek_Vihar_Delhi_DPCC,2022
17.0,377.0,277.0,270.0,282.0,267.0,80.0,62.0,57.0,73.0,234.0,260.0,352.0,Vivek_Vihar_Delhi_DPCC,2022
18.0,379.0,236.0,311.0,274.0,274.0,83.0,96.0,57.0,109.0,213.0,301.0,,Vivek_Vihar_Delhi_DPCC,2022
19.0,,174.0,253.0,363.0,202.0,133.0,98.0,61.0,189.0,270.0,308.0,452.0,Vivek_Vihar_Delhi_DPCC,2022
20.0,414.0,175.0,265.0,308.0,317.0,120.0,93.0,77.0,124.0,275.0,327.0,392.0,Vivek_Vihar_Delhi_DPCC,2022
21.0,,184.0,312.0,316.0,342.0,146.0,72.0,64.0,126.0,298.0,,350.0,Vivek_Vihar_Delhi_DPCC,2022
22.0,,285.0,169.0,,222.0,,143.0,114.0,69.0,292.0,261.0,,Vivek_Vihar_Delhi_DPCC,2022
23.0,,227.0,221.0,295.0,147.0,153.0,64.0,89.0,77.0,280.0,249.0,376.0,Vivek_Vihar_Delhi_DPCC,2022
24.0,,321.0,341.0,272.0,,195.0,,58.0,65.0,322.0,233.0,367.0,Vivek_Vihar_Delhi_DPCC,2022
25.0,280.0,319.0,207.0,262.0,,303.0,59.0,85.0,59.0,302.0,333.0,342.0,Vivek_Vihar_Delhi_DPCC,2022
26.0,,91.0,222.0,213.0,,193.0,64.0,116.0,105.0,288.0,360.0,361.0,Vivek_Vihar_Delhi_DPCC,2022
27.0,,99.0,221.0,,217.0,128.0,,117.0,106.0,,343.0,383.0,Vivek_Vihar_Delhi_DPCC,2022
28.0,259.0,103.0,,360.0,,138.0,,126.0,153.0,406.0,369.0,356.0,Vivek_Vihar_Delhi_DPCC,2022
29.0,270.0,,306.0,361.0,303.0,157.0,61.0,144.0,162.0,424.0,401.0,339.0,Vivek_Vihar_Delhi_DPCC,2022
30.0,300.0,,269.0,310.0,190.0,114.0,61.0,119.0,162.0,402.0,407.0,412.0,Vivek_Vihar_Delhi_DPCC,2022
31.0,,,321.0,,,,63.0,123.0,,406.0,,391.0,Vivek_Vihar_Delhi_DPCC,2022
1.0,,,168.0,,259.0,,113.0,,119.0,221.0,459.0,388.0,Wazirpur_Delhi_DPCC,2022
2.0,,357.0,,260.0,204.0,170.0,,114.0,125.0,180.0,416.0,394.0,Wazirpur_Delhi_DPCC,2022
3.0,406.0,355.0,198.0,259.0,203.0,225.0,100.0,126.0,127.0,142.0,463.0,399.0,Wazirpur_Delhi_DPCC,2022
4.0,408.0,169.0,230.0,327.0,243.0,,148.0,169.0,,,479.0,445.0,Wazirpur_Delhi_DPCC,2022
5.0,423.0,267.0,130.0,247.0,111.0,251.0,210.0,,99.0,245.0,406.0,357.0,Wazirpur_Delhi_DPCC,2022
6.0,306.0,357.0,204.0,278.0,276.0,218.0,147.0,,117.0,107.0,362.0,351.0,Wazirpur_Delhi_DPCC,2022
7.0,239.0,293.0,268.0,307.0,187.0,304.0,,,115.0,87.0,393.0,303.0,Wazirpur_Delhi_DPCC,2022
8.0,125.0,315.0,321.0,301.0,185.0,347.0,154.0,109.0,130.0,82.0,395.0,278.0,Wazirpur_Delhi_DPCC,2022
9.0,,263.0,,304.0,149.0,232.0,,,135.0,102.0,276.0,323.0,Wazirpur_Delhi_DPCC,2022
10.0,169.0,223.0,157.0,301.0,135.0,345.0,,,123.0,32.0,332.0,377.0,Wazirpur_Delhi_DPCC,2022
11.0,272.0,,,284.0,134.0,,107.0,,101.0,92.0,360.0,308.0,Wazirpur_Delhi_DPCC,2022
12.0,236.0,194.0,176.0,279.0,134.0,300.0,161.0,,102.0,174.0,305.0,207.0,Wazirpur_Delhi_DPCC,2022
13.0,344.0,275.0,,303.0,135.0,224.0,119.0,87.0,98.0,161.0,313.0,170.0,Wazirpur_Delhi_DPCC,2022
14.0,376.0,293.0,,298.0,254.0,255.0,,,112.0,176.0,309.0,174.0,Wazirpur_Delhi_DPCC,2022
15.0,292.0,247.0,270.0,,235.0,172.0,124.0,54.0,,202.0,233.0,204.0,Wazirpur_Delhi_DPCC,2022
16.0,284.0,325.0,225.0,,182.0,,123.0,67.0,13.0,265.0,298.0,239.0,Wazirpur_Delhi_DPCC,2022
17.0,360.0,,220.0,,182.0,,67.0,57.0,81.0,275.0,272.0,329.0,Wazirpur_Delhi_DPCC,2022
18.0,408.0,,313.0,265.0,,88.0,77.0,,76.0,309.0,306.0,356.0,Wazirpur_Delhi_DPCC,2022
19.0,351.0,197.0,256.0,332.0,136.0,109.0,,83.0,199.0,,,442.0,Wazirpur_Delhi_DPCC,2022
20.0,430.0,178.0,250.0,212.0,208.0,130.0,123.0,83.0,152.0,281.0,325.0,388.0,Wazirpur_Delhi_DPCC,2022
21.0,402.0,177.0,,246.0,234.0,149.0,135.0,59.0,112.0,309.0,313.0,255.0,Wazirpur_Delhi_DPCC,2022
22.0,362.0,316.0,177.0,177.0,165.0,150.0,217.0,119.0,65.0,318.0,256.0,322.0,Wazirpur_Delhi_DPCC,2022
23.0,254.0,226.0,234.0,239.0,126.0,133.0,152.0,122.0,56.0,274.0,248.0,377.0,Wazirpur_Delhi_DPCC,2022
24.0,331.0,342.0,316.0,241.0,,187.0,146.0,85.0,56.0,316.0,219.0,380.0,Wazirpur_Delhi_DPCC,2022
25.0,256.0,321.0,210.0,,179.0,249.0,119.0,98.0,48.0,311.0,324.0,347.0,Wazirpur_Delhi_DPCC,2022
26.0,328.0,160.0,243.0,211.0,180.0,209.0,,121.0,131.0,286.0,342.0,367.0,Wazirpur_Delhi_DPCC,2022
27.0,316.0,113.0,,271.0,211.0,139.0,100.0,111.0,129.0,396.0,339.0,386.0,Wazirpur_Delhi_DPCC,2022
28.0,247.0,115.0,307.0,304.0,,157.0,76.0,125.0,167.0,403.0,362.0,372.0,Wazirpur_Delhi_DPCC,2022
29.0,299.0,,324.0,331.0,202.0,187.0,138.0,142.0,150.0,437.0,403.0,,Wazirpur_Delhi_DPCC,2022
30.0,292.0,,340.0,284.0,173.0,116.0,89.0,144.0,192.0,392.0,406.0,435.0,Wazirpur_Delhi_DPCC,2022
31.0,377.0,,314.0,,169.0,,87.0,147.0,,427.0,,385.0,Wazirpur_Delhi_DPCC,2022
1.0,294.0,216.0,232.0,121.0,112.0,155.0,175.0,254.0,340.0,165.0,416.0,400.0,Anand_Vihar_Delhi_DPCC,2023
2.0,375.0,298.0,289.0,188.0,103.0,135.0,170.0,252.0,,153.0,449.0,359.0,Anand_Vihar_Delhi_DPCC,2023
3.0,400.0,346.0,198.0,278.0,117.0,158.0,254.0,,270.0,176.0,,363.0,Anand_Vihar_Delhi_DPCC,2023
4.0,390.0,415.0,194.0,,151.0,211.0,227.0,215.0,253.0,177.0,473.0,313.0,Anand_Vihar_Delhi_DPCC,2023
5.0,422.0,323.0,225.0,161.0,223.0,185.0,209.0,,150.0,201.0,,317.0,Anand_Vihar_Delhi_DPCC,2023
6.0,448.0,366.0,140.0,161.0,310.0,,203.0,167.0,122.0,223.0,438.0,303.0,Anand_Vihar_Delhi_DPCC,2023
7.0,434.0,387.0,236.0,127.0,260.0,211.0,,194.0,129.0,270.0,447.0,373.0,Anand_Vihar_Delhi_DPCC,2023
8.0,435.0,304.0,278.0,167.0,143.0,159.0,211.0,,111.0,176.0,449.0,345.0,Anand_Vihar_Delhi_DPCC,2023
9.0,471.0,332.0,150.0,273.0,253.0,181.0,,,61.0,210.0,450.0,321.0,Anand_Vihar_Delhi_DPCC,2023
10.0,445.0,182.0,220.0,267.0,212.0,157.0,,,92.0,,,308.0,Anand_Vihar_Delhi_DPCC,2023
11.0,379.0,356.0,248.0,291.0,341.0,153.0,138.0,,79.0,203.0,288.0,316.0,Anand_Vihar_Delhi_DPCC,2023
12.0,382.0,274.0,313.0,215.0,316.0,,119.0,,140.0,243.0,286.0,395.0,Anand_Vihar_Delhi_DPCC,2023
13.0,375.0,212.0,304.0,233.0,249.0,213.0,118.0,,117.0,286.0,382.0,417.0,Anand_Vihar_Delhi_DPCC,2023
14.0,370.0,187.0,253.0,263.0,316.0,225.0,,,121.0,261.0,445.0,318.0,Anand_Vihar_Delhi_DPCC,2023
15.0,266.0,227.0,321.0,246.0,150.0,,,,106.0,335.0,427.0,332.0,Anand_Vihar_Delhi_DPCC,2023
16.0,368.0,310.0,326.0,317.0,285.0,144.0,,,96.0,284.0,433.0,398.0,Anand_Vihar_Delhi_DPCC,2023
17.0,348.0,415.0,254.0,288.0,350.0,176.0,,331.0,54.0,,406.0,372.0,Anand_Vihar_Delhi_DPCC,2023
18.0,365.0,388.0,154.0,311.0,174.0,119.0,,322.0,51.0,,315.0,356.0,Anand_Vihar_Delhi_DPCC,2023
19.0,390.0,355.0,218.0,259.0,171.0,,,225.0,76.0,,351.0,305.0,Anand_Vihar_Delhi_DPCC,2023
20.0,275.0,357.0,308.0,152.0,195.0,145.0,,168.0,147.0,244.0,374.0,311.0,Anand_Vihar_Delhi_DPCC,2023
21.0,312.0,250.0,114.0,118.0,323.0,104.0,,127.0,187.0,273.0,371.0,389.0,Anand_Vihar_Delhi_DPCC,2023
22.0,427.0,345.0,216.0,159.0,248.0,,,261.0,177.0,,377.0,449.0,Anand_Vihar_Delhi_DPCC,2023
23.0,372.0,242.0,242.0,153.0,256.0,181.0,96.0,85.0,99.0,,396.0,469.0,Anand_Vihar_Delhi_DPCC,2023
24.0,235.0,190.0,292.0,214.0,117.0,159.0,88.0,120.0,200.0,252.0,438.0,441.0,Anand_Vihar_Delhi_DPCC,2023
25.0,180.0,263.0,101.0,126.0,158.0,98.0,,,146.0,,,396.0,Anand_Vihar_Delhi_DPCC,2023
26.0,337.0,353.0,215.0,248.0,173.0,97.0,99.0,400.0,214.0,311.0,438.0,396.0,Anand_Vihar_Delhi_DPCC,2023
27.0,278.0,303.0,163.0,243.0,159.0,125.0,115.0,,178.0,329.0,387.0,460.0,Anand_Vihar_Delhi_DPCC,2023
28.0,278.0,238.0,161.0,187.0,219.0,115.0,,,161.0,355.0,335.0,424.0,Anand_Vihar_Delhi_DPCC,2023
29.0,378.0,,248.0,228.0,176.0,189.0,,385.0,174.0,,349.0,442.0,Anand_Vihar_Delhi_DPCC,2023
30.0,232.0,,244.0,131.0,167.0,184.0,102.0,356.0,197.0,385.0,414.0,438.0,Anand_Vihar_Delhi_DPCC,2023
31.0,246.0,,122.0,,153.0,,206.0,347.0,,422.0,,408.0,Anand_Vihar_Delhi_DPCC,2023
,,,,,,,,,,,,,Anand_Vihar_Delhi_DPCC,2023
,,,,,,,,,,,,,Anand_Vihar_Delhi_DPCC,2023
,,,,,,2.0,3.0,1.0,8.0,,,,Anand_Vihar_Delhi_DPCC,2023
,1.0,3.0,10.0,13.0,16.0,19.0,7.0,5.0,17.0,5.0,,,Anand_Vihar_Delhi_DPCC,2023
,8.0,9.0,16.0,14.0,9.0,4.0,6.0,5.0,3.0,12.0,2.0,,Anand_Vihar_Delhi_DPCC,2023
,15.0,14.0,5.0,2.0,6.0,,,6.0,1.0,5.0,10.0,22.0,Anand_Vihar_Delhi_DPCC,2023
,7.0,2.0,,,,,,,,1.0,14.0,9.0,Anand_Vihar_Delhi_DPCC,2023
,,,,1.0,,5.0,15.0,14.0,1.0,8.0,4.0,,Anand_Vihar_Delhi_DPCC,2023
,,,,,,,,,,,,,Anand_Vihar_Delhi_DPCC,2023
,100.0,100.0,100.0,96.0,100.0,83.0,51.0,54.0,96.0,74.0,86.0,100.0,Anand_Vihar_Delhi_DPCC,2023
1.0,285.0,155.0,178.0,86.0,81.0,87.0,65.0,,127.0,95.0,333.0,382.0,Ashok_Vihar_Delhi_DPCC,2023
2.0,367.0,191.0,224.0,131.0,66.0,93.0,68.0,,123.0,96.0,358.0,364.0,Ashok_Vihar_Delhi_DPCC,2023
3.0,393.0,209.0,138.0,146.0,116.0,102.0,98.0,,122.0,99.0,410.0,337.0,Ashok_Vihar_Delhi_DPCC,2023
4.0,346.0,266.0,112.0,90.0,96.0,150.0,126.0,87.0,122.0,93.0,405.0,331.0,Ashok_Vihar_Delhi_DPCC,2023
5.0,331.0,258.0,133.0,129.0,176.0,143.0,81.0,70.0,105.0,154.0,,293.0,Ashok_Vihar_Delhi_DPCC,2023
6.0,393.0,285.0,126.0,63.0,215.0,111.0,51.0,81.0,96.0,192.0,385.0,285.0,Ashok_Vihar_Delhi_DPCC,2023
7.0,376.0,310.0,147.0,143.0,176.0,,75.0,,76.0,209.0,,351.0,Ashok_Vihar_Delhi_DPCC,2023
8.0,377.0,140.0,222.0,157.0,126.0,145.0,73.0,,78.0,167.0,,353.0,Ashok_Vihar_Delhi_DPCC,2023
9.0,424.0,204.0,121.0,245.0,206.0,150.0,63.0,117.0,39.0,174.0,448.0,353.0,Ashok_Vihar_Delhi_DPCC,2023
10.0,402.0,176.0,170.0,204.0,187.0,139.0,,,40.0,,305.0,318.0,Ashok_Vihar_Delhi_DPCC,2023
11.0,307.0,285.0,180.0,295.0,281.0,122.0,61.0,118.0,47.0,185.0,,305.0,Ashok_Vihar_Delhi_DPCC,2023
12.0,379.0,167.0,176.0,211.0,199.0,,69.0,122.0,48.0,,181.0,394.0,Ashok_Vihar_Delhi_DPCC,2023
13.0,377.0,156.0,209.0,196.0,232.0,192.0,65.0,156.0,,,324.0,412.0,Ashok_Vihar_Delhi_DPCC,2023
14.0,339.0,136.0,198.0,250.0,267.0,226.0,,111.0,91.0,,373.0,342.0,Ashok_Vihar_Delhi_DPCC,2023
15.0,210.0,165.0,173.0,241.0,146.0,168.0,,93.0,62.0,,349.0,340.0,Ashok_Vihar_Delhi_DPCC,2023
16.0,258.0,261.0,249.0,228.0,273.0,120.0,,102.0,48.0,,362.0,388.0,Ashok_Vihar_Delhi_DPCC,2023
17.0,277.0,374.0,156.0,213.0,342.0,118.0,,119.0,40.0,,372.0,343.0,Ashok_Vihar_Delhi_DPCC,2023
18.0,313.0,385.0,136.0,212.0,136.0,85.0,,136.0,,,294.0,330.0,Ashok_Vihar_Delhi_DPCC,2023
19.0,341.0,323.0,153.0,239.0,126.0,65.0,,110.0,,,227.0,291.0,Ashok_Vihar_Delhi_DPCC,2023
20.0,223.0,319.0,152.0,155.0,175.0,97.0,,83.0,113.0,,348.0,284.0,Ashok_Vihar_Delhi_DPCC,2023
21.0,304.0,214.0,58.0,127.0,193.0,85.0,,74.0,178.0,,391.0,351.0,Ashok_Vihar_Delhi_DPCC,2023
22.0,414.0,263.0,131.0,145.0,184.0,98.0,86.0,81.0,72.0,,395.0,416.0,Ashok_Vihar_Delhi_DPCC,2023
23.0,328.0,198.0,155.0,122.0,192.0,115.0,65.0,72.0,73.0,,393.0,461.0,Ashok_Vihar_Delhi_DPCC,2023
24.0,251.0,154.0,200.0,164.0,158.0,146.0,,74.0,118.0,174.0,450.0,430.0,Ashok_Vihar_Delhi_DPCC,2023
25.0,176.0,217.0,67.0,124.0,79.0,63.0,,,83.0,200.0,423.0,376.0,Ashok_Vihar_Delhi_DPCC,2023
26.0,300.0,317.0,169.0,199.0,84.0,94.0,50.0,,123.0,,446.0,371.0,Ashok_Vihar_Delhi_DPCC,2023
27.0,247.0,284.0,130.0,208.0,91.0,79.0,89.0,172.0,86.0,200.0,448.0,390.0,Ashok_Vihar_Delhi_DPCC,2023
28.0,166.0,206.0,143.0,153.0,118.0,94.0,78.0,142.0,131.0,292.0,344.0,366.0,Ashok_Vihar_Delhi_DPCC,2023
29.0,340.0,,185.0,210.0,140.0,105.0,51.0,144.0,82.0,,315.0,384.0,Ashok_Vihar_Delhi_DPCC,2023
30.0,189.0,,159.0,117.0,,,50.0,134.0,115.0,375.0,432.0,399.0,Ashok_Vihar_Delhi_DPCC,2023
31.0,192.0,,51.0,,72.0,,81.0,130.0,,317.0,,390.0,Ashok_Vihar_Delhi_DPCC,2023
,,,,,,,,,,,,,Ashok_Vihar_Delhi_DPCC,2023
,,,,,,,2.0,,6.0,,,,Ashok_Vihar_Delhi_DPCC,2023
,,,3.0,3.0,7.0,11.0,17.0,9.0,10.0,4.0,,,Ashok_Vihar_Delhi_DPCC,2023
,4.0,10.0,24.0,15.0,16.0,15.0,1.0,14.0,11.0,8.0,1.0,,Ashok_Vihar_Delhi_DPCC,2023
,8.0,12.0,4.0,12.0,6.0,1.0,,,,2.0,2.0,4.0,Ashok_Vihar_Delhi_DPCC,2023
,16.0,6.0,,,1.0,,,,,2.0,15.0,23.0,Ashok_Vihar_Delhi_DPCC,2023
,3.0,,,,,,,,,,8.0,4.0,Ashok_Vihar_Delhi_DPCC,2023
,,,,,1.0,3.0,11.0,8.0,3.0,15.0,4.0,,Ashok_Vihar_Delhi_DPCC,2023
,,,,,,,,,,,,,Ashok_Vihar_Delhi_DPCC,2023
,100.0,100.0,100.0,100.0,96.0,90.0,64.0,74.0,90.0,51.0,86.0,100.0,Ashok_Vihar_Delhi_DPCC,2023
1.0,292.0,131.0,218.0,96.0,86.0,106.0,49.0,74.0,148.0,170.0,384.0,369.0,Bawana_Delhi_DPCC,2023
2.0,364.0,225.0,219.0,154.0,85.0,130.0,61.0,73.0,159.0,176.0,445.0,348.0,Bawana_Delhi_DPCC,2023
3.0,387.0,237.0,170.0,174.0,117.0,111.0,127.0,57.0,146.0,194.0,475.0,338.0,Bawana_Delhi_DPCC,2023
4.0,338.0,299.0,135.0,111.0,107.0,185.0,150.0,83.0,150.0,217.0,447.0,343.0,Bawana_Delhi_DPCC,2023
5.0,315.0,294.0,175.0,139.0,198.0,151.0,102.0,91.0,131.0,215.0,482.0,349.0,Bawana_Delhi_DPCC,2023
6.0,373.0,308.0,197.0,168.0,266.0,146.0,68.0,78.0,130.0,244.0,474.0,328.0,Bawana_Delhi_DPCC,2023
7.0,359.0,302.0,225.0,156.0,223.0,206.0,64.0,89.0,121.0,307.0,,347.0,Bawana_Delhi_DPCC,2023
8.0,330.0,164.0,223.0,231.0,148.0,155.0,60.0,107.0,92.0,227.0,456.0,372.0,Bawana_Delhi_DPCC,2023
9.0,410.0,248.0,141.0,287.0,275.0,164.0,,115.0,56.0,199.0,463.0,368.0,Bawana_Delhi_DPCC,2023
10.0,373.0,215.0,242.0,215.0,233.0,138.0,,128.0,40.0,,312.0,342.0,Bawana_Delhi_DPCC,2023
11.0,260.0,322.0,248.0,321.0,323.0,138.0,,133.0,44.0,230.0,241.0,336.0,Bawana_Delhi_DPCC,2023
12.0,399.0,199.0,250.0,264.0,287.0,190.0,57.0,130.0,104.0,309.0,257.0,396.0,Bawana_Delhi_DPCC,2023
13.0,393.0,148.0,293.0,292.0,335.0,231.0,72.0,97.0,120.0,381.0,394.0,401.0,Bawana_Delhi_DPCC,2023
14.0,348.0,129.0,270.0,304.0,339.0,240.0,,117.0,143.0,331.0,423.0,380.0,Bawana_Delhi_DPCC,2023
15.0,236.0,232.0,271.0,309.0,162.0,186.0,,120.0,123.0,,433.0,376.0,Bawana_Delhi_DPCC,2023
16.0,306.0,290.0,273.0,282.0,270.0,133.0,,118.0,92.0,,460.0,390.0,Bawana_Delhi_DPCC,2023
17.0,305.0,391.0,,243.0,374.0,144.0,,137.0,51.0,,436.0,363.0,Bawana_Delhi_DPCC,2023
18.0,336.0,374.0,207.0,326.0,155.0,87.0,,161.0,71.0,115.0,368.0,348.0,Bawana_Delhi_DPCC,2023
19.0,358.0,330.0,204.0,278.0,148.0,88.0,,130.0,82.0,116.0,389.0,311.0,Bawana_Delhi_DPCC,2023
20.0,241.0,353.0,164.0,175.0,207.0,110.0,,93.0,133.0,311.0,414.0,327.0,Bawana_Delhi_DPCC,2023
21.0,347.0,264.0,65.0,174.0,288.0,95.0,,87.0,139.0,299.0,428.0,383.0,Bawana_Delhi_DPCC,2023
22.0,392.0,284.0,164.0,195.0,252.0,106.0,113.0,98.0,120.0,328.0,444.0,430.0,Bawana_Delhi_DPCC,2023
23.0,345.0,249.0,211.0,143.0,231.0,,72.0,,145.0,290.0,443.0,470.0,Bawana_Delhi_DPCC,2023
24.0,257.0,184.0,264.0,208.0,155.0,176.0,93.0,93.0,132.0,258.0,467.0,414.0,Bawana_Delhi_DPCC,2023
25.0,188.0,262.0,81.0,169.0,88.0,,,,137.0,259.0,,382.0,Bawana_Delhi_DPCC,2023
26.0,306.0,316.0,145.0,302.0,75.0,99.0,71.0,149.0,186.0,301.0,438.0,378.0,Bawana_Delhi_DPCC,2023
27.0,216.0,299.0,152.0,299.0,115.0,76.0,90.0,187.0,144.0,298.0,444.0,385.0,Bawana_Delhi_DPCC,2023
28.0,255.0,242.0,171.0,152.0,140.0,88.0,69.0,150.0,158.0,350.0,350.0,329.0,Bawana_Delhi_DPCC,2023
29.0,335.0,,210.0,313.0,131.0,96.0,51.0,170.0,172.0,,321.0,377.0,Bawana_Delhi_DPCC,2023
30.0,200.0,,203.0,178.0,104.0,65.0,45.0,150.0,175.0,390.0,438.0,432.0,Bawana_Delhi_DPCC,2023
31.0,163.0,,50.0,,100.0,,59.0,148.0,,392.0,,388.0,Bawana_Delhi_DPCC,2023
,,,,,,,,,,,,,Bawana_Delhi_DPCC,2023
,,,1.0,,,,2.0,,2.0,,,,Bawana_Delhi_DPCC,2023
,,,2.0,1.0,5.0,8.0,13.0,12.0,6.0,,,,Bawana_Delhi_DPCC,2023
,3.0,6.0,10.0,13.0,12.0,17.0,4.0,17.0,22.0,6.0,,,Bawana_Delhi_DPCC,2023
,7.0,14.0,17.0,10.0,10.0,3.0,,,,10.0,2.0,,Bawana_Delhi_DPCC,2023
,20.0,8.0,,6.0,4.0,,,,,10.0,7.0,26.0,Bawana_Delhi_DPCC,2023
,1.0,,,,,,,,,,19.0,5.0,Bawana_Delhi_DPCC,2023
,,,1.0,,,2.0,12.0,2.0,,5.0,2.0,,Bawana_Delhi_DPCC,2023
,,,,,,,,,,,,,Bawana_Delhi_DPCC,2023
,100.0,100.0,96.0,100.0,100.0,93.0,61.0,93.0,100.0,83.0,93.0,100.0,Bawana_Delhi_DPCC,2023
1.0,290.0,115.0,,66.0,69.0,,160.0,,128.0,128.0,327.0,369.0,CRRI_Mathura_Road_Delhi_IMD,2023
2.0,334.0,134.0,255.0,106.0,48.0,61.0,161.0,,130.0,,,332.0,CRRI_Mathura_Road_Delhi_IMD,2023
3.0,300.0,145.0,,185.0,104.0,70.0,181.0,,122.0,,440.0,277.0,CRRI_Mathura_Road_Delhi_IMD,2023
4.0,282.0,176.0,,113.0,66.0,125.0,139.0,82.0,,,,260.0,CRRI_Mathura_Road_Delhi_IMD,2023
5.0,289.0,196.0,,124.0,127.0,95.0,97.0,,,,,228.0,CRRI_Mathura_Road_Delhi_IMD,2023
6.0,438.0,276.0,,149.0,226.0,77.0,94.0,,86.0,,,244.0,CRRI_Mathura_Road_Delhi_IMD,2023
7.0,400.0,246.0,,151.0,130.0,201.0,93.0,,88.0,,407.0,,CRRI_Mathura_Road_Delhi_IMD,2023
8.0,,126.0,275.0,189.0,112.0,101.0,103.0,96.0,91.0,,408.0,241.0,CRRI_Mathura_Road_Delhi_IMD,2023
9.0,,200.0,119.0,,175.0,92.0,100.0,88.0,28.0,,,266.0,CRRI_Mathura_Road_Delhi_IMD,2023
10.0,429.0,136.0,,,198.0,75.0,105.0,116.0,,,,277.0,CRRI_Mathura_Road_Delhi_IMD,2023
11.0,324.0,236.0,177.0,,247.0,71.0,107.0,99.0,,,156.0,290.0,CRRI_Mathura_Road_Delhi_IMD,2023
12.0,339.0,143.0,271.0,,218.0,,104.0,109.0,,,,328.0,CRRI_Mathura_Road_Delhi_IMD,2023
13.0,,119.0,240.0,,197.0,130.0,108.0,92.0,,,383.0,343.0,CRRI_Mathura_Road_Delhi_IMD,2023
14.0,,120.0,188.0,,251.0,113.0,105.0,97.0,,,317.0,282.0,CRRI_Mathura_Road_Delhi_IMD,2023
15.0,194.0,153.0,254.0,,158.0,110.0,,112.0,,,311.0,317.0,CRRI_Mathura_Road_Delhi_IMD,2023
16.0,261.0,262.0,284.0,,260.0,113.0,112.0,104.0,,,,316.0,CRRI_Mathura_Road_Delhi_IMD,2023
17.0,274.0,368.0,293.0,169.0,216.0,115.0,,135.0,,,333.0,295.0,CRRI_Mathura_Road_Delhi_IMD,2023
18.0,319.0,355.0,164.0,251.0,111.0,,,116.0,78.0,,,284.0,CRRI_Mathura_Road_Delhi_IMD,2023
19.0,343.0,370.0,117.0,223.0,123.0,,,118.0,,98.0,188.0,230.0,CRRI_Mathura_Road_Delhi_IMD,2023
20.0,224.0,,129.0,200.0,135.0,178.0,,,,139.0,271.0,236.0,CRRI_Mathura_Road_Delhi_IMD,2023
21.0,280.0,,61.0,120.0,177.0,62.0,108.0,,,172.0,,328.0,CRRI_Mathura_Road_Delhi_IMD,2023
22.0,398.0,318.0,115.0,122.0,141.0,,93.0,294.0,,252.0,315.0,387.0,CRRI_Mathura_Road_Delhi_IMD,2023
23.0,320.0,,116.0,106.0,150.0,,68.0,31.0,,164.0,323.0,425.0,CRRI_Mathura_Road_Delhi_IMD,2023
24.0,254.0,,,142.0,144.0,,,104.0,111.0,152.0,387.0,375.0,CRRI_Mathura_Road_Delhi_IMD,2023
25.0,136.0,,,168.0,147.0,87.0,,,96.0,168.0,,337.0,CRRI_Mathura_Road_Delhi_IMD,2023
26.0,284.0,327.0,,200.0,152.0,74.0,48.0,147.0,,178.0,386.0,340.0,CRRI_Mathura_Road_Delhi_IMD,2023
27.0,187.0,,,214.0,,79.0,,166.0,117.0,,357.0,358.0,CRRI_Mathura_Road_Delhi_IMD,2023
28.0,205.0,,117.0,141.0,,91.0,75.0,134.0,,302.0,267.0,354.0,CRRI_Mathura_Road_Delhi_IMD,2023
29.0,341.0,,,,,96.0,51.0,,,324.0,291.0,338.0,CRRI_Mathura_Road_Delhi_IMD,2023
30.0,,,164.0,94.0,87.0,98.0,59.0,138.0,140.0,310.0,372.0,316.0,CRRI_Mathura_Road_Delhi_IMD,2023
31.0,197.0,,67.0,,56.0,,,134.0,,362.0,,345.0,CRRI_Mathura_Road_Delhi_IMD,2023
,,,,,,,,,,,,,CRRI_Mathura_Road_Delhi_IMD,2023
,,,,,1.0,,1.0,1.0,1.0,,,,CRRI_Mathura_Road_Delhi_IMD,2023
,,,2.0,2.0,4.0,14.0,9.0,6.0,5.0,1.0,,,CRRI_Mathura_Road_Delhi_IMD,2023
,4.0,12.0,10.0,16.0,17.0,8.0,12.0,13.0,6.0,7.0,2.0,,CRRI_Mathura_Road_Delhi_IMD,2023
,11.0,4.0,7.0,3.0,6.0,1.0,,1.0,,1.0,3.0,13.0,CRRI_Mathura_Road_Delhi_IMD,2023
,9.0,5.0,,,,,,,,4.0,11.0,16.0,CRRI_Mathura_Road_Delhi_IMD,2023
,2.0,,,,,,,,,,3.0,1.0,CRRI_Mathura_Road_Delhi_IMD,2023
,5.0,7.0,12.0,9.0,3.0,7.0,9.0,10.0,18.0,18.0,11.0,1.0,CRRI_Mathura_Road_Delhi_IMD,2023
,,,,,,,,,,,,,CRRI_Mathura_Road_Delhi_IMD,2023
,83.0,75.0,61.0,70.0,90.0,76.0,70.0,67.0,40.0,41.0,63.0,96.0,CRRI_Mathura_Road_Delhi_IMD,2023
1.0,281.0,101.0,170.0,279.0,84.0,82.0,45.0,88.0,140.0,140.0,376.0,271.0,DTU_Delhi_CPCB,2023
2.0,327.0,141.0,175.0,136.0,70.0,84.0,43.0,94.0,131.0,135.0,372.0,273.0,DTU_Delhi_CPCB,2023
3.0,384.0,187.0,137.0,138.0,104.0,100.0,99.0,85.0,137.0,157.0,459.0,257.0,DTU_Delhi_CPCB,2023
4.0,341.0,225.0,126.0,113.0,217.0,152.0,118.0,96.0,143.0,178.0,383.0,284.0,DTU_Delhi_CPCB,2023
5.0,318.0,186.0,128.0,106.0,165.0,148.0,79.0,73.0,103.0,171.0,426.0,235.0,DTU_Delhi_CPCB,2023
6.0,365.0,268.0,129.0,126.0,236.0,124.0,58.0,83.0,112.0,192.0,399.0,239.0,DTU_Delhi_CPCB,2023
7.0,500.0,279.0,159.0,112.0,192.0,187.0,60.0,104.0,99.0,215.0,403.0,302.0,DTU_Delhi_CPCB,2023
8.0,500.0,139.0,154.0,161.0,126.0,139.0,62.0,124.0,76.0,178.0,421.0,308.0,DTU_Delhi_CPCB,2023
9.0,412.0,216.0,104.0,233.0,208.0,144.0,44.0,127.0,36.0,170.0,424.0,,DTU_Delhi_CPCB,2023
10.0,,159.0,190.0,176.0,184.0,136.0,45.0,137.0,34.0,205.0,270.0,,DTU_Delhi_CPCB,2023
11.0,288.0,278.0,217.0,309.0,221.0,117.0,48.0,124.0,42.0,176.0,120.0,280.0,DTU_Delhi_CPCB,2023
12.0,400.0,154.0,183.0,224.0,247.0,,62.0,128.0,83.0,210.0,133.0,323.0,DTU_Delhi_CPCB,2023
13.0,388.0,124.0,232.0,248.0,287.0,201.0,72.0,119.0,84.0,283.0,300.0,369.0,DTU_Delhi_CPCB,2023
14.0,337.0,118.0,228.0,272.0,254.0,214.0,79.0,112.0,104.0,340.0,308.0,290.0,DTU_Delhi_CPCB,2023
15.0,233.0,161.0,197.0,279.0,148.0,163.0,107.0,94.0,76.0,414.0,347.0,289.0,DTU_Delhi_CPCB,2023
16.0,285.0,217.0,229.0,222.0,270.0,121.0,75.0,63.0,70.0,403.0,403.0,247.0,DTU_Delhi_CPCB,2023
17.0,289.0,342.0,158.0,223.0,363.0,138.0,91.0,68.0,42.0,65.0,383.0,179.0,DTU_Delhi_CPCB,2023
18.0,302.0,326.0,138.0,230.0,251.0,78.0,108.0,140.0,48.0,106.0,255.0,268.0,DTU_Delhi_CPCB,2023
19.0,337.0,257.0,123.0,241.0,198.0,62.0,81.0,111.0,48.0,99.0,241.0,229.0,DTU_Delhi_CPCB,2023
20.0,196.0,337.0,,151.0,187.0,112.0,103.0,90.0,83.0,159.0,284.0,238.0,DTU_Delhi_CPCB,2023
21.0,305.0,197.0,,122.0,233.0,79.0,125.0,77.0,103.0,159.0,346.0,327.0,DTU_Delhi_CPCB,2023
22.0,411.0,198.0,122.0,143.0,182.0,105.0,108.0,86.0,102.0,219.0,358.0,359.0,DTU_Delhi_CPCB,2023
23.0,335.0,196.0,177.0,118.0,216.0,114.0,79.0,65.0,92.0,193.0,378.0,363.0,DTU_Delhi_CPCB,2023
24.0,242.0,157.0,185.0,176.0,148.0,143.0,80.0,87.0,106.0,157.0,414.0,363.0,DTU_Delhi_CPCB,2023
25.0,181.0,212.0,163.0,198.0,80.0,67.0,99.0,115.0,103.0,171.0,324.0,363.0,DTU_Delhi_CPCB,2023
26.0,174.0,236.0,154.0,234.0,85.0,84.0,70.0,158.0,128.0,193.0,300.0,356.0,DTU_Delhi_CPCB,2023
27.0,143.0,220.0,186.0,207.0,48.0,69.0,105.0,186.0,111.0,165.0,402.0,296.0,DTU_Delhi_CPCB,2023
28.0,157.0,206.0,178.0,128.0,115.0,79.0,80.0,150.0,130.0,217.0,241.0,261.0,DTU_Delhi_CPCB,2023
29.0,255.0,,193.0,209.0,,106.0,55.0,150.0,141.0,330.0,197.0,299.0,DTU_Delhi_CPCB,2023
30.0,110.0,,182.0,130.0,,58.0,60.0,148.0,145.0,355.0,372.0,390.0,DTU_Delhi_CPCB,2023
31.0,127.0,,97.0,,81.0,,94.0,137.0,,356.0,,301.0,DTU_Delhi_CPCB,2023
,,,,,,,,,,,,,DTU_Delhi_CPCB,2023
,,,,,1.0,,5.0,,6.0,,,,DTU_Delhi_CPCB,2023
,,,1.0,,5.0,11.0,19.0,14.0,8.0,2.0,,,DTU_Delhi_CPCB,2023
,7.0,14.0,24.0,16.0,11.0,16.0,7.0,17.0,16.0,17.0,3.0,1.0,DTU_Delhi_CPCB,2023
,7.0,11.0,4.0,13.0,11.0,2.0,,,,6.0,7.0,16.0,DTU_Delhi_CPCB,2023
,12.0,3.0,,1.0,1.0,,,,,4.0,12.0,12.0,DTU_Delhi_CPCB,2023
,4.0,,,,,,,,,2.0,8.0,,DTU_Delhi_CPCB,2023
,1.0,,2.0,,2.0,1.0,,,,,,2.0,DTU_Delhi_CPCB,2023
,,,,,,,,,,,,,DTU_Delhi_CPCB,2023
,96.0,100.0,93.0,100.0,93.0,96.0,100.0,100.0,100.0,100.0,100.0,93.0,DTU_Delhi_CPCB,2023
1.0,145.0,111.0,137.0,138.0,76.0,88.0,53.0,,,144.0,357.0,375.0,IGI_Airport_(T3)_Delhi_IMD,2023
2.0,315.0,133.0,213.0,158.0,58.0,80.0,75.0,,127.0,136.0,383.0,362.0,IGI_Airport_(T3)_Delhi_IMD,2023
3.0,,132.0,112.0,181.0,110.0,98.0,102.0,,132.0,167.0,492.0,286.0,IGI_Airport_(T3)_Delhi_IMD,2023
4.0,335.0,171.0,98.0,100.0,72.0,121.0,115.0,108.0,126.0,164.0,424.0,309.0,IGI_Airport_(T3)_Delhi_IMD,2023
5.0,301.0,169.0,102.0,111.0,150.0,114.0,115.0,108.0,119.0,171.0,468.0,305.0,IGI_Airport_(T3)_Delhi_IMD,2023
6.0,384.0,222.0,107.0,156.0,194.0,128.0,,107.0,96.0,,,272.0,IGI_Airport_(T3)_Delhi_IMD,2023
7.0,321.0,218.0,147.0,138.0,120.0,281.0,107.0,108.0,75.0,206.0,409.0,,IGI_Airport_(T3)_Delhi_IMD,2023
8.0,324.0,121.0,173.0,145.0,110.0,,109.0,109.0,69.0,166.0,441.0,274.0,IGI_Airport_(T3)_Delhi_IMD,2023
9.0,455.0,174.0,105.0,222.0,175.0,130.0,106.0,108.0,42.0,161.0,428.0,295.0,IGI_Airport_(T3)_Delhi_IMD,2023
10.0,373.0,133.0,117.0,165.0,190.0,105.0,108.0,115.0,,152.0,245.0,304.0,IGI_Airport_(T3)_Delhi_IMD,2023
11.0,253.0,218.0,159.0,237.0,,106.0,109.0,110.0,,190.0,219.0,322.0,IGI_Airport_(T3)_Delhi_IMD,2023
12.0,323.0,123.0,185.0,184.0,183.0,,110.0,111.0,96.0,170.0,223.0,303.0,IGI_Airport_(T3)_Delhi_IMD,2023
13.0,,100.0,184.0,,164.0,,108.0,110.0,90.0,237.0,387.0,341.0,IGI_Airport_(T3)_Delhi_IMD,2023
14.0,,100.0,176.0,253.0,209.0,156.0,108.0,111.0,103.0,,422.0,306.0,IGI_Airport_(T3)_Delhi_IMD,2023
15.0,145.0,,186.0,200.0,134.0,123.0,,110.0,98.0,,406.0,310.0,IGI_Airport_(T3)_Delhi_IMD,2023
16.0,244.0,,,219.0,,114.0,105.0,111.0,,203.0,436.0,319.0,IGI_Airport_(T3)_Delhi_IMD,2023
17.0,,341.0,130.0,152.0,283.0,102.0,109.0,117.0,,,419.0,326.0,IGI_Airport_(T3)_Delhi_IMD,2023
18.0,,344.0,140.0,242.0,158.0,,108.0,130.0,,125.0,306.0,,IGI_Airport_(T3)_Delhi_IMD,2023
19.0,296.0,287.0,117.0,221.0,158.0,,107.0,132.0,82.0,114.0,301.0,253.0,IGI_Airport_(T3)_Delhi_IMD,2023
20.0,162.0,248.0,114.0,129.0,159.0,88.0,106.0,,96.0,190.0,329.0,235.0,IGI_Airport_(T3)_Delhi_IMD,2023
21.0,243.0,179.0,54.0,119.0,210.0,85.0,130.0,93.0,121.0,,,314.0,IGI_Airport_(T3)_Delhi_IMD,2023
22.0,373.0,269.0,127.0,124.0,166.0,,107.0,104.0,82.0,305.0,396.0,364.0,IGI_Airport_(T3)_Delhi_IMD,2023
23.0,259.0,,98.0,83.0,171.0,,107.0,68.0,108.0,247.0,393.0,410.0,IGI_Airport_(T3)_Delhi_IMD,2023
24.0,208.0,132.0,194.0,,149.0,,108.0,98.0,159.0,208.0,400.0,376.0,IGI_Airport_(T3)_Delhi_IMD,2023
25.0,119.0,187.0,67.0,116.0,58.0,80.0,134.0,112.0,126.0,247.0,404.0,348.0,IGI_Airport_(T3)_Delhi_IMD,2023
26.0,270.0,249.0,136.0,159.0,70.0,91.0,108.0,149.0,151.0,279.0,364.0,351.0,IGI_Airport_(T3)_Delhi_IMD,2023
27.0,173.0,210.0,160.0,173.0,84.0,89.0,109.0,201.0,122.0,242.0,371.0,383.0,IGI_Airport_(T3)_Delhi_IMD,2023
28.0,164.0,180.0,134.0,131.0,107.0,90.0,106.0,146.0,134.0,301.0,269.0,317.0,IGI_Airport_(T3)_Delhi_IMD,2023
29.0,248.0,,156.0,,91.0,84.0,108.0,167.0,,338.0,298.0,361.0,IGI_Airport_(T3)_Delhi_IMD,2023
30.0,,,142.0,131.0,,61.0,110.0,,154.0,316.0,381.0,380.0,IGI_Airport_(T3)_Delhi_IMD,2023
31.0,118.0,,134.0,,,,,,,334.0,,375.0,IGI_Airport_(T3)_Delhi_IMD,2023
,,,,,,,,,,,,,IGI_Airport_(T3)_Delhi_IMD,2023
,,,,,,,,,1.0,,,,IGI_Airport_(T3)_Delhi_IMD,2023
,,2.0,4.0,2.0,7.0,11.0,2.0,3.0,9.0,,,,IGI_Airport_(T3)_Delhi_IMD,2023
,7.0,13.0,25.0,19.0,17.0,10.0,26.0,21.0,13.0,13.0,,,IGI_Airport_(T3)_Delhi_IMD,2023
,8.0,8.0,1.0,6.0,3.0,1.0,,1.0,,8.0,5.0,6.0,IGI_Airport_(T3)_Delhi_IMD,2023
,9.0,2.0,,,,,,,,5.0,12.0,22.0,IGI_Airport_(T3)_Delhi_IMD,2023
,1.0,,,,,,,,,,11.0,1.0,IGI_Airport_(T3)_Delhi_IMD,2023
,6.0,3.0,1.0,3.0,4.0,8.0,3.0,6.0,7.0,5.0,2.0,2.0,IGI_Airport_(T3)_Delhi_IMD,2023
,,,,,,,,,,,,,IGI_Airport_(T3)_Delhi_IMD,2023
,80.0,89.0,96.0,90.0,87.0,73.0,90.0,80.0,76.0,83.0,93.0,93.0,IGI_Airport_(T3)_Delhi_IMD,2023
1.0,225.0,164.0,152.0,76.0,71.0,,60.0,81.0,114.0,130.0,351.0,376.0,ITO_Delhi_CPCB,2023
2.0,405.0,166.0,215.0,123.0,67.0,,56.0,77.0,113.0,128.0,345.0,352.0,ITO_Delhi_CPCB,2023
3.0,415.0,200.0,125.0,144.0,77.0,,100.0,80.0,112.0,124.0,440.0,313.0,ITO_Delhi_CPCB,2023
4.0,390.0,278.0,103.0,72.0,79.0,136.0,155.0,189.0,113.0,139.0,387.0,293.0,ITO_Delhi_CPCB,2023
5.0,400.0,269.0,113.0,68.0,136.0,110.0,87.0,86.0,181.0,145.0,405.0,275.0,ITO_Delhi_CPCB,2023
6.0,439.0,317.0,129.0,83.0,191.0,101.0,75.0,78.0,102.0,201.0,372.0,283.0,ITO_Delhi_CPCB,2023
7.0,414.0,431.0,157.0,81.0,79.0,196.0,61.0,79.0,171.0,188.0,355.0,332.0,ITO_Delhi_CPCB,2023
8.0,422.0,167.0,264.0,93.0,102.0,135.0,51.0,94.0,83.0,133.0,461.0,341.0,ITO_Delhi_CPCB,2023
9.0,486.0,,112.0,181.0,125.0,117.0,66.0,101.0,49.0,160.0,455.0,321.0,ITO_Delhi_CPCB,2023
10.0,466.0,372.0,186.0,123.0,193.0,117.0,53.0,117.0,38.0,146.0,309.0,329.0,ITO_Delhi_CPCB,2023
11.0,417.0,308.0,178.0,198.0,250.0,119.0,66.0,106.0,64.0,200.0,263.0,321.0,ITO_Delhi_CPCB,2023
12.0,435.0,,,122.0,203.0,118.0,79.0,110.0,133.0,235.0,242.0,369.0,ITO_Delhi_CPCB,2023
13.0,447.0,111.0,213.0,109.0,,119.0,77.0,84.0,133.0,240.0,371.0,398.0,ITO_Delhi_CPCB,2023
14.0,417.0,104.0,206.0,169.0,236.0,119.0,61.0,99.0,116.0,236.0,429.0,,ITO_Delhi_CPCB,2023
15.0,248.0,189.0,237.0,150.0,77.0,120.0,93.0,99.0,84.0,181.0,,,ITO_Delhi_CPCB,2023
16.0,,293.0,,195.0,216.0,124.0,57.0,115.0,75.0,150.0,439.0,,ITO_Delhi_CPCB,2023
17.0,332.0,365.0,,144.0,306.0,80.0,79.0,111.0,153.0,63.0,,370.0,ITO_Delhi_CPCB,2023
18.0,354.0,360.0,,178.0,,53.0,98.0,134.0,99.0,107.0,325.0,346.0,ITO_Delhi_CPCB,2023
19.0,376.0,394.0,,142.0,,50.0,75.0,110.0,92.0,72.0,328.0,308.0,ITO_Delhi_CPCB,2023
20.0,252.0,426.0,,101.0,,93.0,93.0,93.0,88.0,177.0,324.0,309.0,ITO_Delhi_CPCB,2023
21.0,332.0,367.0,,59.0,,82.0,100.0,84.0,87.0,259.0,356.0,403.0,ITO_Delhi_CPCB,2023
22.0,440.0,451.0,,69.0,,98.0,90.0,97.0,82.0,324.0,360.0,459.0,ITO_Delhi_CPCB,2023
23.0,366.0,207.0,,53.0,,107.0,62.0,101.0,94.0,269.0,352.0,449.0,ITO_Delhi_CPCB,2023
24.0,292.0,167.0,196.0,122.0,,155.0,68.0,99.0,137.0,,363.0,431.0,ITO_Delhi_CPCB,2023
25.0,315.0,237.0,70.0,92.0,,58.0,77.0,90.0,114.0,244.0,382.0,405.0,ITO_Delhi_CPCB,2023
26.0,378.0,302.0,133.0,152.0,,100.0,67.0,125.0,160.0,241.0,408.0,416.0,ITO_Delhi_CPCB,2023
27.0,178.0,275.0,106.0,182.0,,90.0,89.0,154.0,117.0,233.0,439.0,385.0,ITO_Delhi_CPCB,2023
28.0,238.0,205.0,118.0,99.0,,85.0,74.0,130.0,113.0,261.0,417.0,401.0,ITO_Delhi_CPCB,2023
29.0,373.0,,188.0,134.0,,115.0,55.0,136.0,135.0,294.0,349.0,412.0,ITO_Delhi_CPCB,2023
30.0,276.0,,136.0,73.0,,62.0,63.0,130.0,143.0,330.0,387.0,,ITO_Delhi_CPCB,2023
31.0,309.0,,63.0,,,,76.0,126.0,,333.0,,393.0,ITO_Delhi_CPCB,2023
,,,,,,,,,,,,,ITO_Delhi_CPCB,2023
,,,,,,1.0,,,2.0,,,,ITO_Delhi_CPCB,2023
,,,2.0,12.0,6.0,10.0,30.0,15.0,10.0,2.0,,,ITO_Delhi_CPCB,2023
,1.0,8.0,15.0,18.0,5.0,16.0,1.0,16.0,18.0,14.0,,,ITO_Delhi_CPCB,2023
,6.0,7.0,5.0,,4.0,,,,,11.0,2.0,3.0,ITO_Delhi_CPCB,2023
,11.0,8.0,,,1.0,,,,,3.0,17.0,16.0,ITO_Delhi_CPCB,2023
,12.0,3.0,,,,,,,,,9.0,8.0,ITO_Delhi_CPCB,2023
,1.0,2.0,9.0,,15.0,3.0,,,,1.0,2.0,4.0,ITO_Delhi_CPCB,2023
,,,,,,,,,,,,,ITO_Delhi_CPCB,2023
,96.0,92.0,70.0,100.0,51.0,90.0,100.0,100.0,100.0,96.0,93.0,87.0,ITO_Delhi_CPCB,2023
1.0,303.0,183.0,187.0,115.0,100.0,112.0,123.0,,153.0,161.0,384.0,378.0,Jahangirpuri_Delhi_DPCC,2023
2.0,374.0,224.0,260.0,179.0,85.0,178.0,58.0,,156.0,169.0,422.0,389.0,Jahangirpuri_Delhi_DPCC,2023
3.0,402.0,210.0,191.0,198.0,156.0,101.0,109.0,78.0,156.0,189.0,484.0,342.0,Jahangirpuri_Delhi_DPCC,2023
4.0,372.0,302.0,169.0,114.0,187.0,196.0,162.0,96.0,147.0,198.0,436.0,333.0,Jahangirpuri_Delhi_DPCC,2023
5.0,375.0,262.0,208.0,188.0,214.0,168.0,91.0,,112.0,217.0,473.0,316.0,Jahangirpuri_Delhi_DPCC,2023
6.0,404.0,359.0,181.0,201.0,282.0,160.0,58.0,114.0,118.0,256.0,461.0,321.0,Jahangirpuri_Delhi_DPCC,2023
7.0,395.0,325.0,194.0,219.0,227.0,258.0,68.0,123.0,115.0,247.0,407.0,370.0,Jahangirpuri_Delhi_DPCC,2023
8.0,400.0,187.0,270.0,230.0,153.0,180.0,57.0,,100.0,164.0,455.0,373.0,Jahangirpuri_Delhi_DPCC,2023
9.0,438.0,246.0,139.0,318.0,232.0,214.0,58.0,132.0,42.0,183.0,458.0,365.0,Jahangirpuri_Delhi_DPCC,2023
10.0,430.0,194.0,234.0,267.0,245.0,166.0,,140.0,33.0,,316.0,352.0,Jahangirpuri_Delhi_DPCC,2023
11.0,358.0,309.0,260.0,333.0,358.0,160.0,55.0,139.0,44.0,222.0,269.0,336.0,Jahangirpuri_Delhi_DPCC,2023
12.0,393.0,190.0,258.0,294.0,275.0,212.0,61.0,,94.0,272.0,281.0,405.0,Jahangirpuri_Delhi_DPCC,2023
13.0,397.0,165.0,259.0,277.0,314.0,268.0,69.0,120.0,95.0,289.0,405.0,425.0,Jahangirpuri_Delhi_DPCC,2023
14.0,359.0,158.0,256.0,338.0,305.0,264.0,,120.0,144.0,273.0,432.0,371.0,Jahangirpuri_Delhi_DPCC,2023
15.0,241.0,217.0,247.0,325.0,158.0,,,117.0,88.0,227.0,443.0,,Jahangirpuri_Delhi_DPCC,2023
16.0,312.0,297.0,289.0,293.0,,150.0,,125.0,75.0,199.0,455.0,419.0,Jahangirpuri_Delhi_DPCC,2023
17.0,326.0,388.0,187.0,285.0,377.0,146.0,,150.0,52.0,83.0,419.0,384.0,Jahangirpuri_Delhi_DPCC,2023
18.0,348.0,420.0,185.0,369.0,160.0,95.0,,164.0,60.0,178.0,363.0,364.0,Jahangirpuri_Delhi_DPCC,2023
19.0,364.0,347.0,199.0,292.0,167.0,83.0,,,71.0,161.0,363.0,326.0,Jahangirpuri_Delhi_DPCC,2023
20.0,243.0,372.0,215.0,178.0,262.0,116.0,,110.0,97.0,232.0,402.0,343.0,Jahangirpuri_Delhi_DPCC,2023
21.0,,272.0,75.0,152.0,240.0,99.0,,101.0,110.0,294.0,405.0,421.0,Jahangirpuri_Delhi_DPCC,2023
22.0,429.0,347.0,179.0,158.0,132.0,137.0,96.0,119.0,120.0,338.0,429.0,448.0,Jahangirpuri_Delhi_DPCC,2023
23.0,354.0,257.0,231.0,132.0,246.0,139.0,56.0,84.0,99.0,294.0,433.0,486.0,Jahangirpuri_Delhi_DPCC,2023
24.0,260.0,201.0,288.0,212.0,186.0,159.0,60.0,101.0,140.0,265.0,468.0,453.0,Jahangirpuri_Delhi_DPCC,2023
25.0,229.0,260.0,100.0,163.0,96.0,72.0,,132.0,114.0,293.0,,422.0,Jahangirpuri_Delhi_DPCC,2023
26.0,323.0,314.0,186.0,263.0,101.0,109.0,,162.0,159.0,297.0,457.0,426.0,Jahangirpuri_Delhi_DPCC,2023
27.0,290.0,274.0,195.0,,107.0,87.0,98.0,202.0,145.0,308.0,428.0,409.0,Jahangirpuri_Delhi_DPCC,2023
28.0,275.0,272.0,213.0,160.0,146.0,90.0,95.0,170.0,,375.0,346.0,405.0,Jahangirpuri_Delhi_DPCC,2023
29.0,369.0,,218.0,266.0,161.0,105.0,,176.0,170.0,412.0,309.0,395.0,Jahangirpuri_Delhi_DPCC,2023
30.0,204.0,,197.0,143.0,125.0,73.0,64.0,174.0,173.0,389.0,444.0,419.0,Jahangirpuri_Delhi_DPCC,2023
31.0,249.0,,69.0,,101.0,,104.0,161.0,,390.0,,386.0,Jahangirpuri_Delhi_DPCC,2023
,,,,,,,,,,,,,Jahangirpuri_Delhi_DPCC,2023
,,,,,,,,,3.0,,,,Jahangirpuri_Delhi_DPCC,2023
,,,3.0,,3.0,7.0,15.0,3.0,10.0,1.0,,,Jahangirpuri_Delhi_DPCC,2023
,,6.0,13.0,12.0,14.0,17.0,4.0,21.0,16.0,9.0,,,Jahangirpuri_Delhi_DPCC,2023
,8.0,12.0,15.0,12.0,9.0,5.0,,1.0,,14.0,2.0,,Jahangirpuri_Delhi_DPCC,2023
,17.0,9.0,,5.0,4.0,,,,,5.0,6.0,18.0,Jahangirpuri_Delhi_DPCC,2023
,5.0,1.0,,,,,,,,1.0,21.0,12.0,Jahangirpuri_Delhi_DPCC,2023
,1.0,,,1.0,1.0,1.0,12.0,6.0,1.0,1.0,1.0,1.0,Jahangirpuri_Delhi_DPCC,2023
,,,,,,,,,,,,,Jahangirpuri_Delhi_DPCC,2023
,96.0,100.0,100.0,96.0,96.0,96.0,61.0,80.0,96.0,96.0,96.0,96.0,Jahangirpuri_Delhi_DPCC,2023
1.0,250.0,,133.0,69.0,69.0,59.0,43.0,55.0,51.0,84.0,358.0,362.0,Jawaharlal_Nehru_Stadium_Delhi_DPCC,2023
2.0,356.0,193.0,215.0,88.0,61.0,80.0,39.0,66.0,44.0,88.0,,345.0,Jawaharlal_Nehru_Stadium_Delhi_DPCC,2023
3.0,395.0,,,131.0,79.0,83.0,,,41.0,77.0,484.0,300.0,Jawaharlal_Nehru_Stadium_Delhi_DPCC,2023
4.0,349.0,222.0,91.0,75.0,70.0,114.0,121.0,76.0,40.0,96.0,398.0,305.0,Jawaharlal_Nehru_Stadium_Delhi_DPCC,2023
5.0,330.0,236.0,112.0,95.0,131.0,124.0,63.0,65.0,55.0,112.0,450.0,309.0,Jawaharlal_Nehru_Stadium_Delhi_DPCC,2023
6.0,413.0,246.0,108.0,108.0,207.0,78.0,58.0,71.0,,174.0,394.0,290.0,Jawaharlal_Nehru_Stadium_Delhi_DPCC,2023
7.0,378.0,272.0,147.0,114.0,128.0,227.0,,82.0,62.0,182.0,364.0,271.0,Jawaharlal_Nehru_Stadium_Delhi_DPCC,2023
8.0,398.0,119.0,190.0,133.0,112.0,118.0,54.0,92.0,46.0,154.0,406.0,306.0,Jawaharlal_Nehru_Stadium_Delhi_DPCC,2023
9.0,462.0,208.0,73.0,152.0,147.0,123.0,61.0,103.0,32.0,143.0,429.0,,Jawaharlal_Nehru_Stadium_Delhi_DPCC,2023
10.0,429.0,176.0,164.0,143.0,163.0,109.0,,117.0,19.0,,314.0,307.0,Jawaharlal_Nehru_Stadium_Delhi_DPCC,2023
11.0,316.0,235.0,169.0,206.0,244.0,106.0,46.0,104.0,32.0,162.0,219.0,339.0,Jawaharlal_Nehru_Stadium_Delhi_DPCC,2023
12.0,366.0,,220.0,193.0,187.0,138.0,65.0,109.0,46.0,169.0,209.0,340.0,Jawaharlal_Nehru_Stadium_Delhi_DPCC,2023
13.0,367.0,93.0,187.0,171.0,168.0,180.0,60.0,82.0,74.0,199.0,349.0,369.0,Jawaharlal_Nehru_Stadium_Delhi_DPCC,2023
14.0,349.0,94.0,174.0,193.0,,187.0,,91.0,78.0,227.0,403.0,307.0,Jawaharlal_Nehru_Stadium_Delhi_DPCC,2023
15.0,219.0,166.0,121.0,181.0,,136.0,,92.0,,174.0,386.0,316.0,Jawaharlal_Nehru_Stadium_Delhi_DPCC,2023
16.0,282.0,261.0,246.0,184.0,265.0,94.0,,,53.0,154.0,408.0,346.0,Jawaharlal_Nehru_Stadium_Delhi_DPCC,2023
17.0,294.0,354.0,167.0,153.0,311.0,88.0,,,36.0,101.0,400.0,333.0,Jawaharlal_Nehru_Stadium_Delhi_DPCC,2023
18.0,301.0,366.0,171.0,178.0,110.0,71.0,,128.0,25.0,92.0,308.0,336.0,Jawaharlal_Nehru_Stadium_Delhi_DPCC,2023
19.0,351.0,325.0,,201.0,106.0,,,99.0,24.0,83.0,287.0,282.0,Jawaharlal_Nehru_Stadium_Delhi_DPCC,2023
20.0,232.0,322.0,116.0,,135.0,74.0,,80.0,44.0,149.0,333.0,,Jawaharlal_Nehru_Stadium_Delhi_DPCC,2023
21.0,274.0,227.0,,104.0,146.0,68.0,,,57.0,240.0,354.0,343.0,Jawaharlal_Nehru_Stadium_Delhi_DPCC,2023
22.0,422.0,308.0,,126.0,156.0,91.0,88.0,,57.0,314.0,396.0,411.0,Jawaharlal_Nehru_Stadium_Delhi_DPCC,2023
23.0,339.0,183.0,80.0,106.0,164.0,,,53.0,84.0,247.0,383.0,460.0,Jawaharlal_Nehru_Stadium_Delhi_DPCC,2023
24.0,238.0,129.0,178.0,123.0,147.0,129.0,60.0,64.0,113.0,189.0,390.0,396.0,Jawaharlal_Nehru_Stadium_Delhi_DPCC,2023
25.0,121.0,194.0,49.0,123.0,66.0,56.0,,34.0,104.0,237.0,,373.0,Jawaharlal_Nehru_Stadium_Delhi_DPCC,2023
26.0,324.0,260.0,,150.0,73.0,69.0,46.0,53.0,120.0,,366.0,384.0,Jawaharlal_Nehru_Stadium_Delhi_DPCC,2023
27.0,244.0,218.0,95.0,215.0,83.0,,68.0,,85.0,228.0,374.0,362.0,Jawaharlal_Nehru_Stadium_Delhi_DPCC,2023
28.0,238.0,174.0,94.0,133.0,85.0,66.0,58.0,53.0,73.0,271.0,327.0,359.0,Jawaharlal_Nehru_Stadium_Delhi_DPCC,2023
29.0,332.0,,156.0,161.0,102.0,92.0,26.0,61.0,99.0,295.0,154.0,384.0,Jawaharlal_Nehru_Stadium_Delhi_DPCC,2023
30.0,190.0,,128.0,102.0,82.0,44.0,33.0,55.0,119.0,315.0,373.0,401.0,Jawaharlal_Nehru_Stadium_Delhi_DPCC,2023
31.0,205.0,,49.0,,64.0,,67.0,63.0,,334.0,,390.0,Jawaharlal_Nehru_Stadium_Delhi_DPCC,2023
,,,,,,,,,,,,,Jawaharlal_Nehru_Stadium_Delhi_DPCC,2023
,,,2.0,,,1.0,6.0,1.0,12.0,,,,Jawaharlal_Nehru_Stadium_Delhi_DPCC,2023
,,2.0,5.0,4.0,10.0,14.0,11.0,19.0,12.0,6.0,,,Jawaharlal_Nehru_Stadium_Delhi_DPCC,2023
,2.0,8.0,16.0,22.0,15.0,11.0,1.0,5.0,4.0,13.0,1.0,,Jawaharlal_Nehru_Stadium_Delhi_DPCC,2023
,10.0,10.0,3.0,3.0,3.0,1.0,,,,7.0,3.0,4.0,Jawaharlal_Nehru_Stadium_Delhi_DPCC,2023
,15.0,5.0,,,1.0,,,,,3.0,18.0,22.0,Jawaharlal_Nehru_Stadium_Delhi_DPCC,2023
,4.0,,,,,,,,,,6.0,3.0,Jawaharlal_Nehru_Stadium_Delhi_DPCC,2023
,,3.0,5.0,1.0,2.0,3.0,13.0,6.0,2.0,2.0,2.0,2.0,Jawaharlal_Nehru_Stadium_Delhi_DPCC,2023
,,,,,,,,,,,,,Jawaharlal_Nehru_Stadium_Delhi_DPCC,2023
,100.0,89.0,83.0,96.0,93.0,90.0,58.0,80.0,93.0,93.0,93.0,93.0,Jawaharlal_Nehru_Stadium_Delhi_DPCC,2023
1.0,190.0,111.0,131.0,59.0,67.0,59.0,,,123.0,122.0,337.0,346.0,Lodhi_Road_Delhi_IMD,2023
2.0,284.0,111.0,160.0,65.0,55.0,78.0,46.0,,124.0,115.0,319.0,325.0,Lodhi_Road_Delhi_IMD,2023
3.0,346.0,116.0,111.0,93.0,77.0,89.0,88.0,66.0,116.0,119.0,458.0,257.0,Lodhi_Road_Delhi_IMD,2023
4.0,273.0,154.0,106.0,79.0,53.0,110.0,116.0,83.0,119.0,129.0,362.0,272.0,Lodhi_Road_Delhi_IMD,2023
5.0,274.0,156.0,108.0,84.0,107.0,122.0,70.0,70.0,104.0,141.0,419.0,,Lodhi_Road_Delhi_IMD,2023
6.0,365.0,170.0,109.0,93.0,175.0,85.0,55.0,79.0,86.0,151.0,369.0,220.0,Lodhi_Road_Delhi_IMD,2023
7.0,332.0,229.0,110.0,95.0,113.0,230.0,,96.0,,137.0,348.0,219.0,Lodhi_Road_Delhi_IMD,2023
8.0,342.0,101.0,160.0,112.0,108.0,126.0,51.0,104.0,,122.0,377.0,235.0,Lodhi_Road_Delhi_IMD,2023
9.0,406.0,131.0,85.0,120.0,145.0,,57.0,115.0,,134.0,400.0,240.0,Lodhi_Road_Delhi_IMD,2023
10.0,370.0,135.0,117.0,100.0,153.0,119.0,44.0,132.0,,124.0,244.0,264.0,Lodhi_Road_Delhi_IMD,2023
11.0,232.0,199.0,129.0,158.0,186.0,100.0,49.0,109.0,,151.0,145.0,284.0,Lodhi_Road_Delhi_IMD,2023
12.0,323.0,126.0,154.0,148.0,147.0,,61.0,121.0,87.0,,210.0,284.0,Lodhi_Road_Delhi_IMD,2023
13.0,,102.0,168.0,140.0,166.0,,56.0,90.0,85.0,184.0,335.0,312.0,Lodhi_Road_Delhi_IMD,2023
14.0,,105.0,162.0,175.0,204.0,189.0,53.0,96.0,94.0,,360.0,260.0,Lodhi_Road_Delhi_IMD,2023
15.0,130.0,130.0,116.0,128.0,125.0,141.0,,92.0,71.0,140.0,353.0,253.0,Lodhi_Road_Delhi_IMD,2023
16.0,196.0,195.0,210.0,150.0,261.0,103.0,54.0,114.0,,151.0,362.0,287.0,Lodhi_Road_Delhi_IMD,2023
17.0,210.0,307.0,148.0,133.0,287.0,96.0,,107.0,,,367.0,266.0,Lodhi_Road_Delhi_IMD,2023
18.0,221.0,316.0,136.0,144.0,121.0,,,135.0,,89.0,263.0,280.0,Lodhi_Road_Delhi_IMD,2023
19.0,275.0,282.0,104.0,191.0,100.0,,57.0,,43.0,87.0,251.0,244.0,Lodhi_Road_Delhi_IMD,2023
20.0,174.0,308.0,95.0,134.0,138.0,81.0,,,62.0,121.0,292.0,211.0,Lodhi_Road_Delhi_IMD,2023
21.0,194.0,179.0,43.0,101.0,147.0,79.0,86.0,65.0,81.0,175.0,325.0,303.0,Lodhi_Road_Delhi_IMD,2023
22.0,355.0,148.0,115.0,124.0,170.0,,,79.0,68.0,282.0,369.0,368.0,Lodhi_Road_Delhi_IMD,2023
23.0,280.0,,72.0,95.0,162.0,,60.0,51.0,88.0,210.0,360.0,,Lodhi_Road_Delhi_IMD,2023
24.0,171.0,124.0,133.0,107.0,160.0,,67.0,66.0,97.0,160.0,354.0,341.0,Lodhi_Road_Delhi_IMD,2023
25.0,103.0,150.0,51.0,119.0,71.0,54.0,62.0,,101.0,210.0,333.0,335.0,Lodhi_Road_Delhi_IMD,2023
26.0,242.0,235.0,103.0,154.0,75.0,63.0,51.0,138.0,,214.0,337.0,338.0,Lodhi_Road_Delhi_IMD,2023
27.0,131.0,205.0,104.0,179.0,81.0,68.0,77.0,177.0,105.0,208.0,344.0,313.0,Lodhi_Road_Delhi_IMD,2023
28.0,145.0,175.0,93.0,131.0,94.0,71.0,79.0,142.0,110.0,246.0,277.0,325.0,Lodhi_Road_Delhi_IMD,2023
29.0,260.0,,119.0,,111.0,77.0,81.0,146.0,127.0,237.0,235.0,,Lodhi_Road_Delhi_IMD,2023
30.0,,,109.0,94.0,84.0,47.0,35.0,128.0,140.0,297.0,345.0,371.0,Lodhi_Road_Delhi_IMD,2023
31.0,130.0,,41.0,,54.0,,,,,311.0,,361.0,Lodhi_Road_Delhi_IMD,2023
,,,,,,,,,,,,,Lodhi_Road_Delhi_IMD,2023
,,,2.0,,,1.0,4.0,,1.0,,,,Lodhi_Road_Delhi_IMD,2023
,,,5.0,10.0,11.0,13.0,18.0,12.0,10.0,2.0,,,Lodhi_Road_Delhi_IMD,2023
,10.0,20.0,23.0,19.0,17.0,7.0,1.0,13.0,10.0,17.0,1.0,,Lodhi_Road_Delhi_IMD,2023
,10.0,4.0,1.0,,3.0,1.0,,,,8.0,7.0,16.0,Lodhi_Road_Delhi_IMD,2023
,7.0,3.0,,,,,,,,1.0,20.0,12.0,Lodhi_Road_Delhi_IMD,2023
,1.0,,,,,,,,,,2.0,,Lodhi_Road_Delhi_IMD,2023
,3.0,1.0,,1.0,,8.0,8.0,6.0,9.0,3.0,,3.0,Lodhi_Road_Delhi_IMD,2023
,,,,,,,,,,,,,Lodhi_Road_Delhi_IMD,2023
,90.0,96.0,100.0,96.0,100.0,73.0,74.0,80.0,70.0,90.0,100.0,90.0,Lodhi_Road_Delhi_IMD,2023
1.0,291.0,155.0,,105.0,92.0,101.0,59.0,72.0,138.0,152.0,383.0,353.0,Narela_Delhi_DPCC,2023
2.0,351.0,192.0,249.0,163.0,85.0,97.0,57.0,68.0,157.0,146.0,426.0,319.0,Narela_Delhi_DPCC,2023
3.0,422.0,223.0,152.0,178.0,116.0,122.0,121.0,64.0,140.0,144.0,476.0,291.0,Narela_Delhi_DPCC,2023
4.0,364.0,266.0,130.0,115.0,72.0,174.0,132.0,90.0,143.0,174.0,435.0,300.0,Narela_Delhi_DPCC,2023
5.0,354.0,262.0,199.0,134.0,191.0,167.0,122.0,,123.0,179.0,460.0,304.0,Narela_Delhi_DPCC,2023
6.0,377.0,304.0,170.0,139.0,247.0,136.0,68.0,,144.0,237.0,435.0,277.0,Narela_Delhi_DPCC,2023
7.0,374.0,297.0,216.0,145.0,231.0,246.0,65.0,88.0,137.0,280.0,401.0,346.0,Narela_Delhi_DPCC,2023
8.0,347.0,140.0,237.0,155.0,152.0,161.0,49.0,101.0,111.0,186.0,436.0,372.0,Narela_Delhi_DPCC,2023
9.0,422.0,212.0,139.0,,216.0,154.0,48.0,119.0,70.0,189.0,426.0,340.0,Narela_Delhi_DPCC,2023
10.0,385.0,264.0,207.0,209.0,232.0,131.0,,123.0,39.0,,285.0,322.0,Narela_Delhi_DPCC,2023
11.0,299.0,313.0,246.0,256.0,314.0,135.0,98.0,124.0,59.0,,195.0,304.0,Narela_Delhi_DPCC,2023
12.0,395.0,170.0,265.0,208.0,295.0,162.0,72.0,116.0,97.0,231.0,200.0,375.0,Narela_Delhi_DPCC,2023
13.0,399.0,141.0,289.0,199.0,333.0,199.0,71.0,95.0,108.0,348.0,384.0,406.0,Narela_Delhi_DPCC,2023
14.0,360.0,124.0,264.0,257.0,308.0,230.0,,122.0,128.0,275.0,401.0,345.0,Narela_Delhi_DPCC,2023
15.0,225.0,221.0,269.0,264.0,165.0,170.0,,124.0,104.0,246.0,424.0,326.0,Narela_Delhi_DPCC,2023
16.0,313.0,305.0,293.0,234.0,267.0,138.0,,114.0,90.0,227.0,441.0,348.0,Narela_Delhi_DPCC,2023
17.0,282.0,395.0,169.0,248.0,374.0,140.0,,137.0,57.0,69.0,382.0,285.0,Narela_Delhi_DPCC,2023
18.0,295.0,381.0,185.0,275.0,155.0,100.0,,164.0,52.0,112.0,335.0,338.0,Narela_Delhi_DPCC,2023
19.0,327.0,344.0,185.0,248.0,146.0,100.0,,116.0,84.0,105.0,358.0,298.0,Narela_Delhi_DPCC,2023
20.0,233.0,364.0,163.0,158.0,194.0,136.0,,,124.0,218.0,372.0,319.0,Narela_Delhi_DPCC,2023
21.0,332.0,281.0,76.0,150.0,258.0,94.0,,100.0,122.0,266.0,389.0,356.0,Narela_Delhi_DPCC,2023
22.0,413.0,313.0,168.0,158.0,221.0,61.0,110.0,94.0,118.0,311.0,414.0,413.0,Narela_Delhi_DPCC,2023
23.0,361.0,230.0,208.0,132.0,240.0,164.0,75.0,66.0,122.0,280.0,398.0,465.0,Narela_Delhi_DPCC,2023
24.0,271.0,177.0,255.0,184.0,152.0,185.0,85.0,87.0,116.0,216.0,430.0,436.0,Narela_Delhi_DPCC,2023
25.0,220.0,255.0,87.0,,87.0,65.0,,112.0,123.0,238.0,,367.0,Narela_Delhi_DPCC,2023
26.0,328.0,308.0,171.0,262.0,99.0,62.0,64.0,153.0,154.0,265.0,382.0,346.0,Narela_Delhi_DPCC,2023
27.0,238.0,,149.0,276.0,155.0,85.0,80.0,182.0,127.0,275.0,379.0,385.0,Narela_Delhi_DPCC,2023
28.0,230.0,259.0,175.0,138.0,156.0,102.0,,142.0,135.0,307.0,298.0,332.0,Narela_Delhi_DPCC,2023
29.0,341.0,,228.0,267.0,183.0,104.0,54.0,163.0,140.0,370.0,282.0,362.0,Narela_Delhi_DPCC,2023
30.0,184.0,,189.0,149.0,136.0,73.0,37.0,,176.0,355.0,401.0,418.0,Narela_Delhi_DPCC,2023
31.0,140.0,,67.0,,111.0,,69.0,,,374.0,,359.0,Narela_Delhi_DPCC,2023
,,,,,,,,,,,,,Narela_Delhi_DPCC,2023
,,,,,,,3.0,,1.0,,,,Narela_Delhi_DPCC,2023
,,,3.0,,5.0,9.0,13.0,10.0,7.0,1.0,,,Narela_Delhi_DPCC,2023
,2.0,7.0,14.0,16.0,13.0,19.0,4.0,16.0,22.0,9.0,2.0,,Narela_Delhi_DPCC,2023
,10.0,11.0,13.0,12.0,9.0,2.0,,,,13.0,3.0,5.0,Narela_Delhi_DPCC,2023
,16.0,9.0,,,4.0,,,,,6.0,10.0,21.0,Narela_Delhi_DPCC,2023
,3.0,,,,,,,,,,14.0,5.0,Narela_Delhi_DPCC,2023
,,1.0,1.0,2.0,,,11.0,5.0,,2.0,1.0,,Narela_Delhi_DPCC,2023
,,,,,,,,,,,,,Narela_Delhi_DPCC,2023
,100.0,96.0,96.0,93.0,100.0,100.0,64.0,83.0,100.0,93.0,96.0,100.0,Narela_Delhi_DPCC,2023
1.0,227.0,115.0,143.0,121.0,118.0,135.0,80.0,,136.0,,,347.0,North_Campus_DU_Delhi_IMD,2023
2.0,336.0,138.0,160.0,123.0,,140.0,56.0,,134.0,,379.0,,North_Campus_DU_Delhi_IMD,2023
3.0,,151.0,124.0,125.0,105.0,138.0,94.0,,135.0,163.0,465.0,297.0,North_Campus_DU_Delhi_IMD,2023
4.0,324.0,,,121.0,95.0,,115.0,,130.0,,,,North_Campus_DU_Delhi_IMD,2023
5.0,330.0,211.0,,118.0,159.0,144.0,,,127.0,213.0,446.0,,North_Campus_DU_Delhi_IMD,2023
6.0,378.0,254.0,,153.0,214.0,147.0,52.0,,110.0,,435.0,280.0,North_Campus_DU_Delhi_IMD,2023
7.0,345.0,284.0,135.0,139.0,137.0,197.0,55.0,107.0,,,378.0,,North_Campus_DU_Delhi_IMD,2023
8.0,374.0,119.0,197.0,,109.0,112.0,42.0,,,,440.0,316.0,North_Campus_DU_Delhi_IMD,2023
9.0,413.0,143.0,92.0,,155.0,124.0,51.0,,102.0,,,310.0,North_Campus_DU_Delhi_IMD,2023
10.0,391.0,132.0,143.0,,187.0,116.0,70.0,118.0,,211.0,274.0,,North_Campus_DU_Delhi_IMD,2023
11.0,291.0,264.0,158.0,224.0,284.0,,,124.0,,213.0,238.0,,North_Campus_DU_Delhi_IMD,2023
12.0,374.0,,142.0,151.0,154.0,,69.0,126.0,97.0,253.0,241.0,,North_Campus_DU_Delhi_IMD,2023
13.0,,,204.0,156.0,212.0,172.0,59.0,,149.0,303.0,372.0,,North_Campus_DU_Delhi_IMD,2023
14.0,,96.0,186.0,,223.0,,64.0,,168.0,295.0,397.0,325.0,North_Campus_DU_Delhi_IMD,2023
15.0,151.0,140.0,,,119.0,131.0,,118.0,164.0,223.0,394.0,324.0,North_Campus_DU_Delhi_IMD,2023
16.0,247.0,234.0,,183.0,220.0,125.0,57.0,,,231.0,,346.0,North_Campus_DU_Delhi_IMD,2023
17.0,163.0,356.0,,158.0,303.0,141.0,83.0,127.0,,,406.0,,North_Campus_DU_Delhi_IMD,2023
18.0,222.0,361.0,,,121.0,,,,90.0,150.0,,,North_Campus_DU_Delhi_IMD,2023
19.0,326.0,313.0,175.0,185.0,112.0,,86.0,,,144.0,318.0,283.0,North_Campus_DU_Delhi_IMD,2023
20.0,187.0,304.0,152.0,137.0,144.0,142.0,100.0,,122.0,235.0,345.0,287.0,North_Campus_DU_Delhi_IMD,2023
21.0,270.0,227.0,56.0,,152.0,141.0,,150.0,130.0,288.0,363.0,353.0,North_Campus_DU_Delhi_IMD,2023
22.0,383.0,,,,158.0,,,134.0,119.0,,,,North_Campus_DU_Delhi_IMD,2023
23.0,315.0,,,137.0,160.0,,81.0,123.0,,,381.0,,North_Campus_DU_Delhi_IMD,2023
24.0,,,184.0,124.0,130.0,,,93.0,,248.0,433.0,386.0,North_Campus_DU_Delhi_IMD,2023
25.0,145.0,193.0,68.0,102.0,130.0,133.0,,114.0,,272.0,,,North_Campus_DU_Delhi_IMD,2023
26.0,269.0,,119.0,192.0,129.0,139.0,67.0,146.0,186.0,284.0,417.0,366.0,North_Campus_DU_Delhi_IMD,2023
27.0,193.0,,138.0,226.0,134.0,117.0,111.0,166.0,150.0,290.0,407.0,378.0,North_Campus_DU_Delhi_IMD,2023
28.0,,173.0,137.0,,152.0,79.0,,152.0,140.0,336.0,302.0,371.0,North_Campus_DU_Delhi_IMD,2023
29.0,,,176.0,,139.0,64.0,,,163.0,351.0,269.0,398.0,North_Campus_DU_Delhi_IMD,2023
30.0,,,164.0,93.0,135.0,56.0,107.0,,218.0,401.0,409.0,404.0,North_Campus_DU_Delhi_IMD,2023
31.0,161.0,,119.0,,,,,135.0,,407.0,,345.0,North_Campus_DU_Delhi_IMD,2023
,,,,,,,,,,,,,North_Campus_DU_Delhi_IMD,2023
,,,,,,,1.0,,,,,,North_Campus_DU_Delhi_IMD,2023
,,1.0,3.0,1.0,1.0,3.0,16.0,1.0,2.0,,,,North_Campus_DU_Delhi_IMD,2023
,6.0,9.0,18.0,17.0,22.0,18.0,3.0,14.0,17.0,3.0,,,North_Campus_DU_Delhi_IMD,2023
,6.0,6.0,1.0,2.0,5.0,,,,1.0,13.0,4.0,4.0,North_Campus_DU_Delhi_IMD,2023
,11.0,4.0,,,1.0,,,,,3.0,10.0,13.0,North_Campus_DU_Delhi_IMD,2023
,1.0,,,,,,,,,2.0,9.0,1.0,North_Campus_DU_Delhi_IMD,2023
,7.0,8.0,9.0,10.0,2.0,9.0,11.0,16.0,10.0,10.0,7.0,13.0,North_Campus_DU_Delhi_IMD,2023
,,,,,,,,,,,,,North_Campus_DU_Delhi_IMD,2023
,77.0,71.0,70.0,66.0,93.0,70.0,64.0,48.0,66.0,67.0,76.0,58.0,North_Campus_DU_Delhi_IMD,2023
1.0,257.0,230.0,212.0,105.0,176.0,185.0,66.0,105.0,136.0,191.0,362.0,377.0,NSIT_Dwarka_Delhi_CPCB,2023
2.0,385.0,272.0,299.0,189.0,123.0,275.0,103.0,,137.0,194.0,392.0,354.0,NSIT_Dwarka_Delhi_CPCB,2023
3.0,391.0,279.0,,289.0,116.0,136.0,138.0,100.0,130.0,188.0,473.0,309.0,NSIT_Dwarka_Delhi_CPCB,2023
4.0,351.0,,188.0,142.0,76.0,266.0,212.0,112.0,131.0,219.0,387.0,317.0,NSIT_Dwarka_Delhi_CPCB,2023
5.0,294.0,,214.0,222.0,233.0,334.0,94.0,120.0,111.0,237.0,439.0,327.0,NSIT_Dwarka_Delhi_CPCB,2023
6.0,390.0,228.0,252.0,205.0,324.0,263.0,91.0,132.0,96.0,272.0,,300.0,NSIT_Dwarka_Delhi_CPCB,2023
7.0,342.0,283.0,282.0,259.0,164.0,328.0,66.0,135.0,75.0,223.0,,297.0,NSIT_Dwarka_Delhi_CPCB,2023
8.0,344.0,324.0,290.0,303.0,170.0,316.0,74.0,150.0,87.0,152.0,412.0,314.0,NSIT_Dwarka_Delhi_CPCB,2023
9.0,452.0,293.0,165.0,306.0,254.0,277.0,59.0,139.0,97.0,187.0,421.0,355.0,NSIT_Dwarka_Delhi_CPCB,2023
10.0,385.0,224.0,318.0,275.0,294.0,226.0,50.0,178.0,73.0,182.0,266.0,333.0,NSIT_Dwarka_Delhi_CPCB,2023
11.0,284.0,299.0,314.0,338.0,335.0,194.0,72.0,149.0,75.0,283.0,198.0,334.0,NSIT_Dwarka_Delhi_CPCB,2023
12.0,354.0,271.0,289.0,330.0,290.0,249.0,106.0,157.0,97.0,,210.0,344.0,NSIT_Dwarka_Delhi_CPCB,2023
13.0,360.0,193.0,311.0,247.0,285.0,328.0,102.0,129.0,126.0,332.0,381.0,365.0,NSIT_Dwarka_Delhi_CPCB,2023
14.0,339.0,211.0,300.0,336.0,320.0,323.0,91.0,143.0,178.0,305.0,,338.0,NSIT_Dwarka_Delhi_CPCB,2023
15.0,229.0,308.0,273.0,299.0,257.0,193.0,111.0,118.0,174.0,317.0,399.0,350.0,NSIT_Dwarka_Delhi_CPCB,2023
16.0,298.0,354.0,243.0,211.0,364.0,171.0,81.0,122.0,108.0,,419.0,367.0,NSIT_Dwarka_Delhi_CPCB,2023
17.0,335.0,445.0,151.0,279.0,374.0,116.0,96.0,155.0,82.0,142.0,435.0,355.0,NSIT_Dwarka_Delhi_CPCB,2023
18.0,332.0,435.0,153.0,303.0,237.0,94.0,127.0,176.0,72.0,135.0,340.0,350.0,NSIT_Dwarka_Delhi_CPCB,2023
19.0,350.0,389.0,180.0,226.0,222.0,85.0,90.0,145.0,80.0,144.0,,318.0,NSIT_Dwarka_Delhi_CPCB,2023
20.0,222.0,351.0,182.0,175.0,249.0,116.0,86.0,,78.0,211.0,353.0,310.0,NSIT_Dwarka_Delhi_CPCB,2023
21.0,298.0,295.0,58.0,131.0,254.0,108.0,144.0,107.0,81.0,233.0,372.0,353.0,NSIT_Dwarka_Delhi_CPCB,2023
22.0,420.0,349.0,144.0,,305.0,148.0,113.0,122.0,110.0,275.0,410.0,388.0,NSIT_Dwarka_Delhi_CPCB,2023
23.0,350.0,331.0,143.0,109.0,290.0,,82.0,92.0,167.0,249.0,391.0,457.0,NSIT_Dwarka_Delhi_CPCB,2023
24.0,267.0,284.0,228.0,194.0,243.0,272.0,102.0,126.0,142.0,199.0,395.0,437.0,NSIT_Dwarka_Delhi_CPCB,2023
25.0,148.0,305.0,79.0,165.0,114.0,88.0,111.0,153.0,,244.0,418.0,363.0,NSIT_Dwarka_Delhi_CPCB,2023
26.0,314.0,367.0,191.0,267.0,94.0,,147.0,190.0,,291.0,385.0,385.0,NSIT_Dwarka_Delhi_CPCB,2023
27.0,296.0,335.0,187.0,273.0,101.0,95.0,97.0,241.0,,269.0,393.0,371.0,NSIT_Dwarka_Delhi_CPCB,2023
28.0,297.0,308.0,174.0,183.0,144.0,,96.0,201.0,,314.0,305.0,302.0,NSIT_Dwarka_Delhi_CPCB,2023
29.0,359.0,,306.0,280.0,157.0,88.0,95.0,199.0,,302.0,270.0,363.0,NSIT_Dwarka_Delhi_CPCB,2023
30.0,180.0,,164.0,222.0,147.0,78.0,67.0,186.0,,302.0,405.0,382.0,NSIT_Dwarka_Delhi_CPCB,2023
31.0,175.0,,62.0,,131.0,,115.0,135.0,,351.0,,373.0,NSIT_Dwarka_Delhi_CPCB,2023
,,,,,,,,,,,,,NSIT_Dwarka_Delhi_CPCB,2023
,,,,,,,1.0,,,,,,NSIT_Dwarka_Delhi_CPCB,2023
,,,3.0,,2.0,6.0,17.0,2.0,12.0,,,,NSIT_Dwarka_Delhi_CPCB,2023
,3.0,1.0,12.0,9.0,11.0,9.0,12.0,25.0,12.0,10.0,1.0,,NSIT_Dwarka_Delhi_CPCB,2023
,10.0,12.0,11.0,14.0,12.0,7.0,1.0,2.0,,12.0,3.0,2.0,NSIT_Dwarka_Delhi_CPCB,2023
,16.0,11.0,4.0,6.0,6.0,5.0,,,,7.0,13.0,27.0,NSIT_Dwarka_Delhi_CPCB,2023
,2.0,2.0,,,,,,,,,9.0,2.0,NSIT_Dwarka_Delhi_CPCB,2023
,,2.0,1.0,1.0,,3.0,,2.0,6.0,2.0,4.0,,NSIT_Dwarka_Delhi_CPCB,2023
,,,,,,,,,,,,,NSIT_Dwarka_Delhi_CPCB,2023
,100.0,92.0,96.0,96.0,100.0,90.0,100.0,93.0,80.0,93.0,86.0,100.0,NSIT_Dwarka_Delhi_CPCB,2023
1.0,277.0,161.0,188.0,83.0,79.0,96.0,53.0,86.0,142.0,140.0,360.0,412.0,Okhla_Phase-2_Delhi_DPCC,2023
2.0,371.0,186.0,213.0,101.0,61.0,112.0,54.0,85.0,138.0,129.0,405.0,368.0,Okhla_Phase-2_Delhi_DPCC,2023
3.0,392.0,171.0,152.0,210.0,99.0,122.0,113.0,80.0,137.0,136.0,499.0,333.0,Okhla_Phase-2_Delhi_DPCC,2023
4.0,363.0,205.0,126.0,114.0,82.0,153.0,148.0,88.0,140.0,159.0,435.0,319.0,Okhla_Phase-2_Delhi_DPCC,2023
5.0,357.0,205.0,124.0,138.0,171.0,144.0,97.0,88.0,107.0,163.0,476.0,298.0,Okhla_Phase-2_Delhi_DPCC,2023
6.0,451.0,259.0,132.0,147.0,225.0,118.0,70.0,109.0,101.0,184.0,432.0,283.0,Okhla_Phase-2_Delhi_DPCC,2023
7.0,402.0,279.0,154.0,144.0,,252.0,62.0,97.0,92.0,195.0,413.0,306.0,Okhla_Phase-2_Delhi_DPCC,2023
8.0,405.0,126.0,224.0,170.0,,151.0,62.0,106.0,75.0,175.0,438.0,300.0,Okhla_Phase-2_Delhi_DPCC,2023
9.0,482.0,197.0,98.0,203.0,191.0,153.0,54.0,116.0,47.0,153.0,448.0,,Okhla_Phase-2_Delhi_DPCC,2023
10.0,441.0,168.0,190.0,192.0,172.0,127.0,,136.0,46.0,,281.0,318.0,Okhla_Phase-2_Delhi_DPCC,2023
11.0,342.0,255.0,186.0,223.0,271.0,126.0,68.0,125.0,56.0,178.0,236.0,335.0,Okhla_Phase-2_Delhi_DPCC,2023
12.0,354.0,151.0,258.0,215.0,262.0,163.0,73.0,125.0,73.0,170.0,230.0,383.0,Okhla_Phase-2_Delhi_DPCC,2023
13.0,368.0,115.0,245.0,200.0,196.0,206.0,,102.0,112.0,225.0,367.0,389.0,Okhla_Phase-2_Delhi_DPCC,2023
14.0,352.0,126.0,184.0,238.0,277.0,186.0,,121.0,134.0,,411.0,317.0,Okhla_Phase-2_Delhi_DPCC,2023
15.0,219.0,150.0,214.0,210.0,152.0,153.0,,,103.0,225.0,409.0,322.0,Okhla_Phase-2_Delhi_DPCC,2023
16.0,268.0,264.0,278.0,269.0,264.0,118.0,,129.0,77.0,213.0,429.0,351.0,Okhla_Phase-2_Delhi_DPCC,2023
17.0,285.0,376.0,223.0,210.0,335.0,,,138.0,44.0,99.0,432.0,295.0,Okhla_Phase-2_Delhi_DPCC,2023
18.0,286.0,365.0,210.0,248.0,125.0,101.0,,158.0,58.0,123.0,335.0,333.0,Okhla_Phase-2_Delhi_DPCC,2023
19.0,348.0,349.0,146.0,226.0,145.0,84.0,,134.0,71.0,106.0,309.0,275.0,Okhla_Phase-2_Delhi_DPCC,2023
20.0,239.0,331.0,154.0,167.0,173.0,,,92.0,122.0,171.0,375.0,,Okhla_Phase-2_Delhi_DPCC,2023
21.0,288.0,218.0,86.0,129.0,191.0,99.0,,,121.0,217.0,370.0,384.0,Okhla_Phase-2_Delhi_DPCC,2023
22.0,413.0,315.0,,140.0,195.0,,94.0,101.0,90.0,337.0,398.0,430.0,Okhla_Phase-2_Delhi_DPCC,2023
23.0,337.0,192.0,136.0,128.0,176.0,,67.0,60.0,122.0,288.0,408.0,466.0,Okhla_Phase-2_Delhi_DPCC,2023
24.0,239.0,170.0,232.0,148.0,181.0,182.0,71.0,81.0,145.0,197.0,426.0,,Okhla_Phase-2_Delhi_DPCC,2023
25.0,146.0,197.0,63.0,141.0,87.0,69.0,,,117.0,,397.0,390.0,Okhla_Phase-2_Delhi_DPCC,2023
26.0,318.0,314.0,181.0,243.0,,96.0,,149.0,141.0,253.0,413.0,,Okhla_Phase-2_Delhi_DPCC,2023
27.0,247.0,261.0,143.0,309.0,130.0,89.0,55.0,181.0,129.0,244.0,404.0,417.0,Okhla_Phase-2_Delhi_DPCC,2023
28.0,222.0,222.0,133.0,144.0,146.0,86.0,91.0,,128.0,302.0,312.0,386.0,Okhla_Phase-2_Delhi_DPCC,2023
29.0,348.0,,214.0,198.0,123.0,102.0,53.0,152.0,,347.0,315.0,387.0,Okhla_Phase-2_Delhi_DPCC,2023
30.0,178.0,,161.0,114.0,122.0,68.0,47.0,156.0,152.0,330.0,411.0,397.0,Okhla_Phase-2_Delhi_DPCC,2023
31.0,199.0,,62.0,,,,,153.0,,367.0,,403.0,Okhla_Phase-2_Delhi_DPCC,2023
,,,,,,,,,,,,,Okhla_Phase-2_Delhi_DPCC,2023
,,,,,,,1.0,,3.0,,,,Okhla_Phase-2_Delhi_DPCC,2023
,,,4.0,1.0,5.0,8.0,15.0,9.0,8.0,1.0,,,Okhla_Phase-2_Delhi_DPCC,2023
,3.0,13.0,16.0,17.0,16.0,16.0,2.0,18.0,18.0,15.0,,,Okhla_Phase-2_Delhi_DPCC,2023
,10.0,9.0,10.0,11.0,5.0,2.0,,,,7.0,3.0,5.0,Okhla_Phase-2_Delhi_DPCC,2023
,12.0,6.0,,1.0,1.0,,,,,5.0,10.0,17.0,Okhla_Phase-2_Delhi_DPCC,2023
,6.0,,,,,,,,,,17.0,5.0,Okhla_Phase-2_Delhi_DPCC,2023
,,,1.0,,4.0,4.0,13.0,4.0,1.0,3.0,,4.0,Okhla_Phase-2_Delhi_DPCC,2023
,,,,,,,,,,,,,Okhla_Phase-2_Delhi_DPCC,2023
,100.0,100.0,96.0,100.0,87.0,86.0,58.0,87.0,96.0,90.0,100.0,87.0,Okhla_Phase-2_Delhi_DPCC,2023
1.0,298.0,168.0,194.0,78.0,84.0,83.0,54.0,65.0,120.0,157.0,380.0,415.0,Patparganj_Delhi_DPCC,2023
2.0,403.0,188.0,238.0,121.0,75.0,192.0,,66.0,115.0,148.0,401.0,363.0,Patparganj_Delhi_DPCC,2023
3.0,410.0,184.0,169.0,199.0,97.0,179.0,91.0,56.0,118.0,149.0,458.0,349.0,Patparganj_Delhi_DPCC,2023
4.0,377.0,260.0,,167.0,136.0,171.0,117.0,221.0,113.0,177.0,429.0,310.0,Patparganj_Delhi_DPCC,2023
5.0,392.0,253.0,141.0,130.0,267.0,205.0,85.0,68.0,159.0,175.0,462.0,292.0,Patparganj_Delhi_DPCC,2023
6.0,444.0,279.0,138.0,154.0,228.0,104.0,57.0,78.0,79.0,202.0,455.0,289.0,Patparganj_Delhi_DPCC,2023
7.0,421.0,303.0,165.0,139.0,268.0,248.0,75.0,78.0,239.0,228.0,419.0,307.0,Patparganj_Delhi_DPCC,2023
8.0,419.0,131.0,240.0,222.0,192.0,138.0,61.0,87.0,81.0,158.0,440.0,322.0,Patparganj_Delhi_DPCC,2023
9.0,473.0,212.0,114.0,230.0,185.0,149.0,65.0,95.0,80.0,161.0,442.0,318.0,Patparganj_Delhi_DPCC,2023
10.0,441.0,189.0,197.0,191.0,200.0,126.0,,107.0,36.0,,299.0,323.0,Patparganj_Delhi_DPCC,2023
11.0,350.0,300.0,201.0,275.0,273.0,131.0,74.0,93.0,37.0,186.0,243.0,329.0,Patparganj_Delhi_DPCC,2023
12.0,389.0,158.0,228.0,219.0,216.0,153.0,60.0,106.0,83.0,223.0,237.0,390.0,Patparganj_Delhi_DPCC,2023
13.0,394.0,125.0,233.0,186.0,217.0,189.0,53.0,77.0,76.0,242.0,,400.0,Patparganj_Delhi_DPCC,2023
14.0,364.0,123.0,209.0,248.0,272.0,216.0,,82.0,89.0,254.0,425.0,348.0,Patparganj_Delhi_DPCC,2023
15.0,206.0,189.0,271.0,263.0,216.0,159.0,,100.0,68.0,196.0,422.0,338.0,Patparganj_Delhi_DPCC,2023
16.0,268.0,285.0,293.0,245.0,268.0,117.0,,101.0,63.0,185.0,423.0,374.0,Patparganj_Delhi_DPCC,2023
17.0,293.0,392.0,203.0,210.0,349.0,107.0,,109.0,40.0,86.0,403.0,350.0,Patparganj_Delhi_DPCC,2023
18.0,312.0,371.0,180.0,222.0,142.0,90.0,,123.0,35.0,128.0,314.0,329.0,Patparganj_Delhi_DPCC,2023
19.0,343.0,370.0,212.0,234.0,159.0,74.0,,106.0,52.0,114.0,334.0,294.0,Patparganj_Delhi_DPCC,2023
20.0,240.0,348.0,187.0,162.0,190.0,97.0,,71.0,84.0,188.0,384.0,300.0,Patparganj_Delhi_DPCC,2023
21.0,312.0,256.0,84.0,124.0,210.0,85.0,,63.0,101.0,256.0,385.0,387.0,Patparganj_Delhi_DPCC,2023
22.0,415.0,340.0,203.0,142.0,226.0,112.0,66.0,83.0,98.0,334.0,405.0,438.0,Patparganj_Delhi_DPCC,2023
23.0,358.0,209.0,145.0,139.0,179.0,126.0,50.0,65.0,95.0,291.0,403.0,445.0,Patparganj_Delhi_DPCC,2023
24.0,238.0,,225.0,158.0,142.0,147.0,55.0,71.0,153.0,221.0,431.0,423.0,Patparganj_Delhi_DPCC,2023
25.0,170.0,240.0,67.0,253.0,210.0,63.0,,104.0,124.0,263.0,426.0,405.0,Patparganj_Delhi_DPCC,2023
26.0,191.0,315.0,189.0,205.0,97.0,78.0,46.0,129.0,146.0,259.0,440.0,402.0,Patparganj_Delhi_DPCC,2023
27.0,243.0,271.0,151.0,264.0,94.0,74.0,60.0,161.0,136.0,257.0,401.0,420.0,Patparganj_Delhi_DPCC,2023
28.0,248.0,203.0,140.0,161.0,107.0,85.0,65.0,132.0,139.0,301.0,334.0,405.0,Patparganj_Delhi_DPCC,2023
29.0,353.0,,225.0,219.0,138.0,103.0,95.0,139.0,155.0,318.0,348.0,418.0,Patparganj_Delhi_DPCC,2023
30.0,264.0,,193.0,124.0,163.0,54.0,57.0,136.0,163.0,359.0,419.0,422.0,Patparganj_Delhi_DPCC,2023
31.0,213.0,,56.0,,74.0,,78.0,128.0,,369.0,,410.0,Patparganj_Delhi_DPCC,2023
,,,,,,,,,,,,,Patparganj_Delhi_DPCC,2023
,,,,,,,2.0,,4.0,,,,Patparganj_Delhi_DPCC,2023
,,,3.0,1.0,6.0,10.0,17.0,17.0,12.0,1.0,,,Patparganj_Delhi_DPCC,2023
,2.0,9.0,14.0,15.0,12.0,17.0,1.0,13.0,13.0,13.0,,,Patparganj_Delhi_DPCC,2023
,10.0,11.0,13.0,14.0,12.0,3.0,,1.0,1.0,11.0,3.0,4.0,Patparganj_Delhi_DPCC,2023
,11.0,7.0,,,1.0,,,,,5.0,7.0,16.0,Patparganj_Delhi_DPCC,2023
,8.0,,,,,,,,,,19.0,11.0,Patparganj_Delhi_DPCC,2023
,,1.0,1.0,,,,11.0,,,1.0,1.0,,Patparganj_Delhi_DPCC,2023
,,,,,,,,,,,,,Patparganj_Delhi_DPCC,2023
,100.0,96.0,96.0,100.0,100.0,100.0,64.0,100.0,100.0,96.0,96.0,100.0,Patparganj_Delhi_DPCC,2023
1.0,297.0,193.0,199.0,104.0,108.0,113.0,83.0,81.0,161.0,,407.0,402.0,Punjabi_Bagh_Delhi_DPCC,2023
2.0,388.0,231.0,238.0,153.0,104.0,132.0,125.0,114.0,146.0,130.0,445.0,370.0,Punjabi_Bagh_Delhi_DPCC,2023
3.0,412.0,221.0,143.0,201.0,125.0,125.0,121.0,80.0,142.0,143.0,484.0,,Punjabi_Bagh_Delhi_DPCC,2023
4.0,362.0,277.0,121.0,111.0,123.0,,,97.0,138.0,164.0,448.0,341.0,Punjabi_Bagh_Delhi_DPCC,2023
5.0,367.0,279.0,132.0,127.0,193.0,166.0,106.0,,125.0,165.0,478.0,313.0,Punjabi_Bagh_Delhi_DPCC,2023
6.0,422.0,280.0,156.0,150.0,257.0,117.0,116.0,99.0,125.0,220.0,453.0,309.0,Punjabi_Bagh_Delhi_DPCC,2023
7.0,405.0,293.0,185.0,131.0,190.0,221.0,92.0,107.0,94.0,233.0,436.0,348.0,Punjabi_Bagh_Delhi_DPCC,2023
8.0,382.0,132.0,224.0,169.0,132.0,141.0,90.0,120.0,106.0,158.0,465.0,346.0,Punjabi_Bagh_Delhi_DPCC,2023
9.0,443.0,218.0,109.0,248.0,223.0,138.0,88.0,126.0,53.0,170.0,463.0,343.0,Punjabi_Bagh_Delhi_DPCC,2023
10.0,428.0,185.0,222.0,189.0,225.0,128.0,,133.0,33.0,,291.0,329.0,Punjabi_Bagh_Delhi_DPCC,2023
11.0,340.0,282.0,225.0,281.0,311.0,120.0,90.0,125.0,73.0,197.0,252.0,329.0,Punjabi_Bagh_Delhi_DPCC,2023
12.0,391.0,164.0,199.0,202.0,236.0,155.0,91.0,,114.0,229.0,247.0,391.0,Punjabi_Bagh_Delhi_DPCC,2023
13.0,397.0,133.0,238.0,239.0,219.0,196.0,105.0,,114.0,283.0,377.0,410.0,Punjabi_Bagh_Delhi_DPCC,2023
14.0,358.0,135.0,234.0,274.0,261.0,224.0,,113.0,133.0,254.0,424.0,356.0,Punjabi_Bagh_Delhi_DPCC,2023
15.0,233.0,193.0,191.0,267.0,150.0,155.0,,108.0,96.0,206.0,439.0,355.0,Punjabi_Bagh_Delhi_DPCC,2023
16.0,279.0,258.0,268.0,234.0,,111.0,,111.0,115.0,210.0,454.0,393.0,Punjabi_Bagh_Delhi_DPCC,2023
17.0,294.0,374.0,179.0,222.0,,112.0,,117.0,77.0,96.0,450.0,364.0,Punjabi_Bagh_Delhi_DPCC,2023
18.0,328.0,403.0,184.0,231.0,151.0,,,,80.0,118.0,347.0,352.0,Punjabi_Bagh_Delhi_DPCC,2023
19.0,347.0,354.0,226.0,240.0,133.0,,,118.0,74.0,103.0,348.0,300.0,Punjabi_Bagh_Delhi_DPCC,2023
20.0,245.0,319.0,152.0,189.0,176.0,113.0,,119.0,102.0,199.0,418.0,305.0,Punjabi_Bagh_Delhi_DPCC,2023
21.0,360.0,237.0,78.0,,212.0,93.0,,108.0,121.0,276.0,407.0,395.0,Punjabi_Bagh_Delhi_DPCC,2023
22.0,437.0,342.0,228.0,,200.0,108.0,122.0,107.0,107.0,361.0,422.0,444.0,Punjabi_Bagh_Delhi_DPCC,2023
23.0,287.0,239.0,170.0,116.0,200.0,136.0,97.0,79.0,110.0,280.0,424.0,472.0,Punjabi_Bagh_Delhi_DPCC,2023
24.0,245.0,160.0,208.0,170.0,164.0,201.0,97.0,100.0,132.0,229.0,447.0,454.0,Punjabi_Bagh_Delhi_DPCC,2023
25.0,192.0,244.0,81.0,128.0,118.0,90.0,,130.0,128.0,257.0,,410.0,Punjabi_Bagh_Delhi_DPCC,2023
26.0,328.0,307.0,192.0,,120.0,167.0,142.0,167.0,170.0,273.0,444.0,406.0,Punjabi_Bagh_Delhi_DPCC,2023
27.0,263.0,280.0,144.0,204.0,133.0,104.0,115.0,,132.0,286.0,443.0,417.0,Punjabi_Bagh_Delhi_DPCC,2023
28.0,254.0,228.0,141.0,167.0,130.0,133.0,103.0,,131.0,333.0,341.0,386.0,Punjabi_Bagh_Delhi_DPCC,2023
29.0,344.0,,210.0,210.0,131.0,136.0,,177.0,158.0,339.0,319.0,431.0,Punjabi_Bagh_Delhi_DPCC,2023
30.0,263.0,,179.0,134.0,109.0,84.0,125.0,168.0,159.0,392.0,446.0,440.0,Punjabi_Bagh_Delhi_DPCC,2023
31.0,229.0,,66.0,,80.0,,95.0,151.0,,382.0,,422.0,Punjabi_Bagh_Delhi_DPCC,2023
,,,,,,,,,,,,,Punjabi_Bagh_Delhi_DPCC,2023
,,,,,,,,,1.0,,,,Punjabi_Bagh_Delhi_DPCC,2023
,,,3.0,,1.0,3.0,9.0,6.0,7.0,1.0,,,Punjabi_Bagh_Delhi_DPCC,2023
,1.0,8.0,17.0,14.0,20.0,21.0,10.0,19.0,22.0,10.0,,,Punjabi_Bagh_Delhi_DPCC,2023
,11.0,14.0,11.0,13.0,7.0,3.0,,,,13.0,3.0,1.0,Punjabi_Bagh_Delhi_DPCC,2023
,13.0,5.0,,,1.0,,,,,5.0,5.0,18.0,Punjabi_Bagh_Delhi_DPCC,2023
,6.0,1.0,,,,,,,,,21.0,11.0,Punjabi_Bagh_Delhi_DPCC,2023
,,,,3.0,2.0,3.0,12.0,6.0,,2.0,1.0,1.0,Punjabi_Bagh_Delhi_DPCC,2023
,,,,,,,,,,,,,Punjabi_Bagh_Delhi_DPCC,2023
,100.0,100.0,100.0,90.0,93.0,90.0,61.0,80.0,100.0,93.0,96.0,96.0,Punjabi_Bagh_Delhi_DPCC,2023
1.0,320.0,177.0,173.0,99.0,78.0,116.0,51.0,,155.0,150.0,385.0,385.0,Rohini_Delhi_DPCC,2023
2.0,386.0,234.0,217.0,190.0,71.0,102.0,52.0,86.0,168.0,140.0,441.0,371.0,Rohini_Delhi_DPCC,2023
3.0,399.0,241.0,158.0,166.0,138.0,112.0,114.0,,150.0,168.0,482.0,329.0,Rohini_Delhi_DPCC,2023
4.0,352.0,285.0,126.0,93.0,125.0,173.0,134.0,102.0,146.0,178.0,435.0,349.0,Rohini_Delhi_DPCC,2023
5.0,347.0,281.0,132.0,115.0,201.0,153.0,,87.0,118.0,179.0,475.0,308.0,Rohini_Delhi_DPCC,2023
6.0,396.0,303.0,150.0,145.0,258.0,139.0,65.0,102.0,128.0,228.0,458.0,307.0,Rohini_Delhi_DPCC,2023
7.0,384.0,286.0,180.0,119.0,203.0,212.0,68.0,109.0,148.0,286.0,443.0,334.0,Rohini_Delhi_DPCC,2023
8.0,363.0,155.0,219.0,185.0,127.0,161.0,72.0,124.0,94.0,206.0,456.0,357.0,Rohini_Delhi_DPCC,2023
9.0,447.0,239.0,116.0,250.0,212.0,151.0,61.0,132.0,41.0,198.0,453.0,343.0,Rohini_Delhi_DPCC,2023
10.0,399.0,190.0,225.0,200.0,211.0,148.0,,142.0,33.0,,292.0,322.0,Rohini_Delhi_DPCC,2023
11.0,311.0,319.0,232.0,289.0,326.0,122.0,52.0,127.0,39.0,182.0,225.0,309.0,Rohini_Delhi_DPCC,2023
12.0,419.0,178.0,224.0,217.0,281.0,,61.0,133.0,88.0,229.0,234.0,362.0,Rohini_Delhi_DPCC,2023
13.0,391.0,121.0,264.0,248.0,276.0,212.0,69.0,118.0,104.0,308.0,387.0,399.0,Rohini_Delhi_DPCC,2023
14.0,348.0,116.0,235.0,279.0,277.0,236.0,,128.0,141.0,282.0,426.0,347.0,Rohini_Delhi_DPCC,2023
15.0,234.0,214.0,223.0,278.0,152.0,169.0,,116.0,95.0,253.0,425.0,345.0,Rohini_Delhi_DPCC,2023
16.0,286.0,288.0,259.0,254.0,,127.0,,,84.0,218.0,421.0,394.0,Rohini_Delhi_DPCC,2023
17.0,295.0,394.0,,230.0,372.0,150.0,,141.0,50.0,80.0,423.0,361.0,Rohini_Delhi_DPCC,2023
18.0,345.0,413.0,243.0,264.0,163.0,86.0,,171.0,58.0,136.0,344.0,352.0,Rohini_Delhi_DPCC,2023
19.0,350.0,350.0,,256.0,124.0,74.0,,,61.0,108.0,349.0,303.0,Rohini_Delhi_DPCC,2023
20.0,215.0,340.0,186.0,,191.0,104.0,,110.0,101.0,250.0,391.0,310.0,Rohini_Delhi_DPCC,2023
21.0,314.0,228.0,64.0,134.0,205.0,89.0,,96.0,114.0,272.0,400.0,386.0,Rohini_Delhi_DPCC,2023
22.0,431.0,326.0,200.0,138.0,253.0,116.0,102.0,102.0,115.0,312.0,428.0,431.0,Rohini_Delhi_DPCC,2023
23.0,345.0,241.0,206.0,106.0,236.0,134.0,70.0,78.0,115.0,229.0,417.0,486.0,Rohini_Delhi_DPCC,2023
24.0,301.0,162.0,245.0,166.0,159.0,193.0,,111.0,148.0,185.0,462.0,450.0,Rohini_Delhi_DPCC,2023
25.0,198.0,244.0,71.0,121.0,107.0,64.0,,121.0,120.0,221.0,,399.0,Rohini_Delhi_DPCC,2023
26.0,316.0,305.0,166.0,208.0,92.0,110.0,59.0,169.0,140.0,209.0,432.0,384.0,Rohini_Delhi_DPCC,2023
27.0,263.0,269.0,138.0,222.0,101.0,84.0,96.0,208.0,130.0,321.0,426.0,402.0,Rohini_Delhi_DPCC,2023
28.0,264.0,,152.0,133.0,146.0,88.0,83.0,161.0,143.0,329.0,330.0,364.0,Rohini_Delhi_DPCC,2023
29.0,362.0,,206.0,228.0,158.0,103.0,56.0,168.0,168.0,,313.0,422.0,Rohini_Delhi_DPCC,2023
30.0,219.0,,163.0,135.0,107.0,65.0,,164.0,187.0,425.0,424.0,438.0,Rohini_Delhi_DPCC,2023
31.0,202.0,,61.0,,90.0,,,162.0,,413.0,,398.0,Rohini_Delhi_DPCC,2023
,,,,,,,,,,,,,Rohini_Delhi_DPCC,2023
,,,,,,,,,4.0,,,,Rohini_Delhi_DPCC,2023
,,,3.0,2.0,4.0,7.0,14.0,4.0,6.0,1.0,,,Rohini_Delhi_DPCC,2023
,1.0,7.0,13.0,14.0,13.0,19.0,3.0,22.0,20.0,10.0,,,Rohini_Delhi_DPCC,2023
,8.0,12.0,13.0,13.0,11.0,3.0,,1.0,,12.0,3.0,,Rohini_Delhi_DPCC,2023
,19.0,7.0,,,2.0,,,,,4.0,8.0,25.0,Rohini_Delhi_DPCC,2023
,3.0,1.0,,,,,,,,2.0,18.0,6.0,Rohini_Delhi_DPCC,2023
,,1.0,2.0,1.0,1.0,1.0,14.0,4.0,,2.0,1.0,,Rohini_Delhi_DPCC,2023
,,,,,,,,,,,,,Rohini_Delhi_DPCC,2023
,100.0,96.0,93.0,96.0,96.0,96.0,54.0,87.0,100.0,93.0,96.0,100.0,Rohini_Delhi_DPCC,2023
1.0,229.0,176.0,172.0,95.0,88.0,87.0,44.0,82.0,136.0,136.0,360.0,387.0,Sirifort_Delhi_CPCB,2023
2.0,345.0,171.0,231.0,88.0,66.0,106.0,62.0,85.0,140.0,140.0,369.0,376.0,Sirifort_Delhi_CPCB,2023
3.0,390.0,185.0,173.0,157.0,94.0,112.0,110.0,74.0,133.0,141.0,498.0,320.0,Sirifort_Delhi_CPCB,2023
4.0,361.0,216.0,122.0,108.0,82.0,253.0,147.0,85.0,132.0,160.0,411.0,329.0,Sirifort_Delhi_CPCB,2023
5.0,350.0,222.0,121.0,164.0,172.0,251.0,99.0,,110.0,171.0,470.0,310.0,Sirifort_Delhi_CPCB,2023
6.0,425.0,240.0,128.0,164.0,246.0,241.0,59.0,,113.0,191.0,414.0,292.0,Sirifort_Delhi_CPCB,2023
7.0,395.0,275.0,153.0,165.0,152.0,260.0,63.0,,97.0,181.0,392.0,300.0,Sirifort_Delhi_CPCB,2023
8.0,398.0,128.0,216.0,191.0,129.0,172.0,47.0,107.0,87.0,143.0,406.0,295.0,Sirifort_Delhi_CPCB,2023
9.0,471.0,230.0,106.0,205.0,191.0,144.0,52.0,115.0,39.0,,437.0,303.0,Sirifort_Delhi_CPCB,2023
10.0,432.0,194.0,172.0,171.0,194.0,123.0,58.0,135.0,27.0,155.0,284.0,319.0,Sirifort_Delhi_CPCB,2023
11.0,330.0,262.0,194.0,224.0,299.0,122.0,58.0,123.0,40.0,180.0,251.0,330.0,Sirifort_Delhi_CPCB,2023
12.0,352.0,159.0,209.0,206.0,221.0,158.0,74.0,122.0,84.0,181.0,232.0,341.0,Sirifort_Delhi_CPCB,2023
13.0,355.0,132.0,205.0,214.0,,196.0,69.0,,95.0,207.0,,365.0,Sirifort_Delhi_CPCB,2023
14.0,350.0,125.0,188.0,241.0,249.0,196.0,71.0,117.0,126.0,,,335.0,Sirifort_Delhi_CPCB,2023
15.0,211.0,173.0,,193.0,156.0,140.0,,110.0,91.0,235.0,394.0,250.0,Sirifort_Delhi_CPCB,2023
16.0,257.0,268.0,242.0,216.0,218.0,113.0,58.0,101.0,70.0,192.0,417.0,338.0,Sirifort_Delhi_CPCB,2023
17.0,275.0,369.0,214.0,171.0,333.0,108.0,66.0,125.0,38.0,82.0,419.0,327.0,Sirifort_Delhi_CPCB,2023
18.0,277.0,375.0,238.0,,150.0,92.0,92.0,143.0,46.0,121.0,318.0,344.0,Sirifort_Delhi_CPCB,2023
19.0,315.0,329.0,,228.0,135.0,74.0,65.0,,76.0,113.0,310.0,291.0,Sirifort_Delhi_CPCB,2023
20.0,233.0,329.0,,175.0,166.0,,89.0,95.0,110.0,152.0,372.0,278.0,Sirifort_Delhi_CPCB,2023
21.0,278.0,,,134.0,188.0,86.0,,91.0,107.0,223.0,348.0,350.0,Sirifort_Delhi_CPCB,2023
22.0,411.0,,157.0,171.0,175.0,120.0,89.0,98.0,94.0,326.0,395.0,399.0,Sirifort_Delhi_CPCB,2023
23.0,331.0,,131.0,123.0,174.0,125.0,61.0,61.0,,255.0,387.0,420.0,Sirifort_Delhi_CPCB,2023
24.0,234.0,,204.0,132.0,182.0,151.0,74.0,70.0,,217.0,388.0,381.0,Sirifort_Delhi_CPCB,2023
25.0,138.0,214.0,71.0,233.0,96.0,61.0,78.0,110.0,,252.0,398.0,386.0,Sirifort_Delhi_CPCB,2023
26.0,329.0,257.0,174.0,208.0,88.0,83.0,58.0,154.0,,265.0,363.0,392.0,Sirifort_Delhi_CPCB,2023
27.0,229.0,248.0,145.0,214.0,,81.0,82.0,188.0,125.0,268.0,378.0,389.0,Sirifort_Delhi_CPCB,2023
28.0,226.0,206.0,144.0,152.0,,78.0,78.0,146.0,,288.0,297.0,382.0,Sirifort_Delhi_CPCB,2023
29.0,330.0,,189.0,181.0,123.0,93.0,38.0,155.0,220.0,314.0,296.0,,Sirifort_Delhi_CPCB,2023
30.0,183.0,,153.0,123.0,112.0,59.0,41.0,,165.0,328.0,386.0,419.0,Sirifort_Delhi_CPCB,2023
31.0,209.0,,66.0,,67.0,,76.0,145.0,,354.0,,414.0,Sirifort_Delhi_CPCB,2023
,,,,,,,,,,,,,Sirifort_Delhi_CPCB,2023
,,,,,,,4.0,,5.0,,,,Sirifort_Delhi_CPCB,2023
,,,2.0,2.0,7.0,10.0,23.0,9.0,8.0,1.0,,,Sirifort_Delhi_CPCB,2023
,2.0,9.0,17.0,17.0,15.0,15.0,2.0,16.0,11.0,15.0,,,Sirifort_Delhi_CPCB,2023
,11.0,11.0,8.0,10.0,5.0,4.0,,,1.0,9.0,5.0,6.0,Sirifort_Delhi_CPCB,2023
,14.0,4.0,,,1.0,,,,,4.0,15.0,21.0,Sirifort_Delhi_CPCB,2023
,4.0,,,,,,,,,,8.0,3.0,Sirifort_Delhi_CPCB,2023
,,4.0,4.0,1.0,3.0,1.0,2.0,6.0,5.0,2.0,2.0,1.0,Sirifort_Delhi_CPCB,2023
,,,,,,,,,,,,,Sirifort_Delhi_CPCB,2023
,100.0,85.0,87.0,96.0,90.0,96.0,93.0,80.0,83.0,93.0,93.0,96.0,Sirifort_Delhi_CPCB,2023
1.0,309.0,191.0,217.0,89.0,83.0,104.0,69.0,91.0,141.0,,350.0,428.0,Vivek_Vihar_Delhi_DPCC,2023
2.0,386.0,254.0,221.0,135.0,74.0,117.0,68.0,98.0,140.0,159.0,385.0,374.0,Vivek_Vihar_Delhi_DPCC,2023
3.0,410.0,251.0,147.0,219.0,117.0,161.0,110.0,82.0,137.0,154.0,442.0,350.0,Vivek_Vihar_Delhi_DPCC,2023
4.0,365.0,280.0,133.0,114.0,117.0,196.0,150.0,92.0,138.0,183.0,415.0,339.0,Vivek_Vihar_Delhi_DPCC,2023
5.0,396.0,272.0,,125.0,172.0,158.0,105.0,93.0,110.0,193.0,445.0,335.0,Vivek_Vihar_Delhi_DPCC,2023
6.0,421.0,307.0,140.0,164.0,221.0,125.0,,97.0,106.0,219.0,433.0,308.0,Vivek_Vihar_Delhi_DPCC,2023
7.0,415.0,324.0,148.0,146.0,171.0,201.0,,103.0,95.0,248.0,408.0,389.0,Vivek_Vihar_Delhi_DPCC,2023
8.0,397.0,155.0,231.0,160.0,136.0,179.0,87.0,117.0,92.0,171.0,,363.0,Vivek_Vihar_Delhi_DPCC,2023
9.0,449.0,211.0,105.0,221.0,201.0,175.0,71.0,120.0,43.0,202.0,437.0,366.0,Vivek_Vihar_Delhi_DPCC,2023
10.0,429.0,194.0,157.0,215.0,205.0,144.0,,127.0,34.0,,288.0,335.0,Vivek_Vihar_Delhi_DPCC,2023
11.0,348.0,305.0,,275.0,300.0,158.0,81.0,110.0,51.0,174.0,158.0,324.0,Vivek_Vihar_Delhi_DPCC,2023
12.0,397.0,191.0,264.0,210.0,238.0,178.0,86.0,130.0,87.0,204.0,156.0,406.0,Vivek_Vihar_Delhi_DPCC,2023
13.0,381.0,174.0,254.0,208.0,240.0,233.0,83.0,100.0,88.0,276.0,289.0,422.0,Vivek_Vihar_Delhi_DPCC,2023
14.0,376.0,149.0,245.0,259.0,280.0,259.0,,103.0,,,326.0,357.0,Vivek_Vihar_Delhi_DPCC,2023
15.0,259.0,196.0,220.0,235.0,164.0,202.0,,98.0,79.0,215.0,362.0,357.0,Vivek_Vihar_Delhi_DPCC,2023
16.0,276.0,303.0,299.0,267.0,290.0,136.0,,103.0,,188.0,365.0,401.0,Vivek_Vihar_Delhi_DPCC,2023
17.0,291.0,397.0,201.0,230.0,362.0,118.0,,130.0,65.0,84.0,356.0,359.0,Vivek_Vihar_Delhi_DPCC,2023
18.0,300.0,387.0,143.0,247.0,158.0,102.0,,157.0,95.0,128.0,243.0,347.0,Vivek_Vihar_Delhi_DPCC,2023
19.0,340.0,344.0,213.0,244.0,140.0,83.0,,108.0,89.0,125.0,238.0,309.0,Vivek_Vihar_Delhi_DPCC,2023
20.0,269.0,343.0,256.0,176.0,199.0,118.0,,87.0,83.0,168.0,295.0,303.0,Vivek_Vihar_Delhi_DPCC,2023
21.0,323.0,249.0,104.0,144.0,225.0,96.0,,70.0,119.0,230.0,398.0,365.0,Vivek_Vihar_Delhi_DPCC,2023
22.0,411.0,322.0,195.0,158.0,222.0,122.0,,93.0,100.0,303.0,419.0,425.0,Vivek_Vihar_Delhi_DPCC,2023
23.0,363.0,203.0,160.0,154.0,220.0,151.0,,77.0,95.0,260.0,423.0,467.0,Vivek_Vihar_Delhi_DPCC,2023
24.0,255.0,174.0,240.0,168.0,129.0,174.0,,81.0,120.0,242.0,453.0,436.0,Vivek_Vihar_Delhi_DPCC,2023
25.0,180.0,212.0,79.0,132.0,198.0,79.0,,112.0,,239.0,,388.0,Vivek_Vihar_Delhi_DPCC,2023
26.0,347.0,266.0,205.0,218.0,74.0,95.0,,151.0,144.0,236.0,455.0,380.0,Vivek_Vihar_Delhi_DPCC,2023
27.0,255.0,280.0,161.0,251.0,97.0,89.0,,200.0,141.0,254.0,419.0,399.0,Vivek_Vihar_Delhi_DPCC,2023
28.0,268.0,215.0,153.0,137.0,121.0,89.0,93.0,,144.0,317.0,374.0,376.0,Vivek_Vihar_Delhi_DPCC,2023
29.0,362.0,,235.0,225.0,169.0,117.0,59.0,173.0,157.0,337.0,385.0,393.0,Vivek_Vihar_Delhi_DPCC,2023
30.0,229.0,,177.0,117.0,79.0,,65.0,150.0,192.0,361.0,433.0,408.0,Vivek_Vihar_Delhi_DPCC,2023
31.0,211.0,,71.0,,71.0,,64.0,142.0,,352.0,,399.0,Vivek_Vihar_Delhi_DPCC,2023
,,,,,,,,,,,,,Vivek_Vihar_Delhi_DPCC,2023
,,,,,,,,,2.0,,,,Vivek_Vihar_Delhi_DPCC,2023
,,,2.0,1.0,6.0,6.0,11.0,13.0,12.0,1.0,,,Vivek_Vihar_Delhi_DPCC,2023
,1.0,8.0,13.0,14.0,13.0,19.0,3.0,17.0,13.0,10.0,2.0,,Vivek_Vihar_Delhi_DPCC,2023
,10.0,11.0,14.0,15.0,11.0,4.0,,,,12.0,5.0,,Vivek_Vihar_Delhi_DPCC,2023
,14.0,9.0,,,1.0,,,,,5.0,9.0,23.0,Vivek_Vihar_Delhi_DPCC,2023
,6.0,,,,,,,,,,12.0,8.0,Vivek_Vihar_Delhi_DPCC,2023
,,,2.0,,,1.0,17.0,1.0,3.0,3.0,2.0,,Vivek_Vihar_Delhi_DPCC,2023
,,,,,,,,,,,,,Vivek_Vihar_Delhi_DPCC,2023
,100.0,100.0,93.0,100.0,100.0,96.0,45.0,96.0,90.0,90.0,93.0,100.0,Vivek_Vihar_Delhi_DPCC,2023
1.0,,191.0,213.0,116.0,94.0,129.0,138.0,130.0,148.0,176.0,408.0,319.0,Wazirpur_Delhi_DPCC,2023
2.0,390.0,226.0,263.0,209.0,87.0,123.0,132.0,,149.0,164.0,425.0,368.0,Wazirpur_Delhi_DPCC,2023
3.0,414.0,232.0,185.0,227.0,148.0,127.0,124.0,,,186.0,489.0,338.0,Wazirpur_Delhi_DPCC,2023
4.0,369.0,,,137.0,127.0,177.0,208.0,110.0,145.0,218.0,460.0,334.0,Wazirpur_Delhi_DPCC,2023
5.0,359.0,274.0,153.0,177.0,227.0,167.0,153.0,,133.0,201.0,474.0,309.0,Wazirpur_Delhi_DPCC,2023
6.0,419.0,326.0,150.0,208.0,276.0,141.0,99.0,127.0,132.0,264.0,461.0,313.0,Wazirpur_Delhi_DPCC,2023
7.0,398.0,330.0,221.0,195.0,211.0,,161.0,125.0,119.0,305.0,,351.0,Wazirpur_Delhi_DPCC,2023
8.0,379.0,171.0,,191.0,146.0,167.0,128.0,154.0,122.0,242.0,,362.0,Wazirpur_Delhi_DPCC,2023
9.0,452.0,247.0,120.0,295.0,230.0,180.0,,153.0,89.0,222.0,459.0,343.0,Wazirpur_Delhi_DPCC,2023
10.0,419.0,231.0,221.0,296.0,218.0,174.0,,,109.0,,305.0,324.0,Wazirpur_Delhi_DPCC,2023
11.0,335.0,315.0,234.0,362.0,302.0,141.0,66.0,189.0,85.0,202.0,278.0,322.0,Wazirpur_Delhi_DPCC,2023
12.0,412.0,190.0,252.0,277.0,278.0,180.0,93.0,,173.0,264.0,236.0,421.0,Wazirpur_Delhi_DPCC,2023
13.0,415.0,173.0,260.0,259.0,280.0,224.0,96.0,137.0,172.0,331.0,384.0,425.0,Wazirpur_Delhi_DPCC,2023
14.0,361.0,149.0,248.0,305.0,291.0,255.0,,233.0,171.0,,424.0,361.0,Wazirpur_Delhi_DPCC,2023
15.0,228.0,200.0,218.0,321.0,174.0,185.0,,192.0,159.0,310.0,425.0,377.0,Wazirpur_Delhi_DPCC,2023
16.0,271.0,291.0,290.0,293.0,312.0,135.0,,138.0,156.0,243.0,452.0,421.0,Wazirpur_Delhi_DPCC,2023
17.0,297.0,405.0,208.0,288.0,372.0,142.0,,152.0,113.0,114.0,443.0,380.0,Wazirpur_Delhi_DPCC,2023
18.0,363.0,437.0,216.0,280.0,137.0,96.0,,188.0,151.0,155.0,343.0,344.0,Wazirpur_Delhi_DPCC,2023
19.0,360.0,369.0,,240.0,135.0,71.0,,161.0,140.0,131.0,368.0,305.0,Wazirpur_Delhi_DPCC,2023
20.0,233.0,,218.0,164.0,196.0,104.0,,,145.0,221.0,399.0,305.0,Wazirpur_Delhi_DPCC,2023
21.0,321.0,290.0,80.0,142.0,280.0,97.0,,142.0,,293.0,400.0,387.0,Wazirpur_Delhi_DPCC,2023
22.0,445.0,354.0,159.0,167.0,229.0,112.0,121.0,128.0,135.0,354.0,418.0,441.0,Wazirpur_Delhi_DPCC,2023
23.0,347.0,239.0,189.0,135.0,245.0,122.0,89.0,117.0,132.0,305.0,428.0,489.0,Wazirpur_Delhi_DPCC,2023
24.0,279.0,194.0,247.0,187.0,165.0,189.0,97.0,131.0,202.0,255.0,462.0,454.0,Wazirpur_Delhi_DPCC,2023
25.0,233.0,242.0,123.0,148.0,96.0,70.0,,167.0,154.0,262.0,,416.0,Wazirpur_Delhi_DPCC,2023
26.0,331.0,311.0,189.0,207.0,53.0,,180.0,181.0,173.0,270.0,464.0,402.0,Wazirpur_Delhi_DPCC,2023
27.0,269.0,280.0,158.0,230.0,153.0,,193.0,231.0,110.0,275.0,452.0,426.0,Wazirpur_Delhi_DPCC,2023
28.0,265.0,261.0,190.0,176.0,146.0,218.0,116.0,183.0,150.0,372.0,340.0,393.0,Wazirpur_Delhi_DPCC,2023
29.0,362.0,,209.0,252.0,175.0,,94.0,180.0,176.0,366.0,320.0,432.0,Wazirpur_Delhi_DPCC,2023
30.0,234.0,,186.0,148.0,133.0,114.0,98.0,162.0,200.0,429.0,456.0,441.0,Wazirpur_Delhi_DPCC,2023
31.0,253.0,,74.0,,92.0,,123.0,151.0,,394.0,,,Wazirpur_Delhi_DPCC,2023
,,,,,,,,,,,,,Wazirpur_Delhi_DPCC,2023
,,,,,,,,,,,,,Wazirpur_Delhi_DPCC,2023
,,,2.0,,5.0,4.0,8.0,,2.0,,,,Wazirpur_Delhi_DPCC,2023
,,7.0,11.0,13.0,12.0,19.0,11.0,23.0,25.0,6.0,,,Wazirpur_Delhi_DPCC,2023
,10.0,11.0,15.0,14.0,11.0,3.0,1.0,2.0,1.0,14.0,2.0,,Wazirpur_Delhi_DPCC,2023
,13.0,6.0,,3.0,3.0,,,,,8.0,8.0,19.0,Wazirpur_Delhi_DPCC,2023
,7.0,2.0,,,,,,,,1.0,17.0,11.0,Wazirpur_Delhi_DPCC,2023
,1.0,2.0,3.0,,,4.0,11.0,6.0,2.0,2.0,3.0,1.0,Wazirpur_Delhi_DPCC,2023
,,,,,,,,,,,,,Wazirpur_Delhi_DPCC,2023
,96.0,92.0,90.0,100.0,100.0,86.0,64.0,80.0,93.0,93.0,90.0,96.0,Wazirpur_Delhi_DPCC,2023
1.0,353.0,189.0,268.0,,237.0,316.0,,113.0,269.0,295.0,389.0,306.0,Anand_Vihar_Delhi_DPCC,2024
2.0,366.0,223.0,116.0,157.0,188.0,212.0,201.0,,170.0,400.0,401.0,311.0,Anand_Vihar_Delhi_DPCC,2024
3.0,360.0,215.0,116.0,201.0,279.0,,135.0,,98.0,380.0,436.0,311.0,Anand_Vihar_Delhi_DPCC,2024
4.0,427.0,321.0,140.0,245.0,297.0,262.0,,98.0,147.0,400.0,429.0,211.0,Anand_Vihar_Delhi_DPCC,2024
5.0,382.0,203.0,145.0,243.0,380.0,392.0,,89.0,111.0,390.0,428.0,190.0,Anand_Vihar_Delhi_DPCC,2024
6.0,372.0,185.0,130.0,203.0,278.0,221.0,108.0,99.0,140.0,383.0,,248.0,Anand_Vihar_Delhi_DPCC,2024
7.0,372.0,242.0,224.0,213.0,404.0,268.0,83.0,119.0,91.0,329.0,434.0,310.0,Anand_Vihar_Delhi_DPCC,2024
8.0,406.0,170.0,162.0,249.0,266.0,291.0,87.0,68.0,162.0,375.0,413.0,374.0,Anand_Vihar_Delhi_DPCC,2024
9.0,415.0,187.0,137.0,308.0,208.0,186.0,106.0,73.0,242.0,371.0,377.0,219.0,Anand_Vihar_Delhi_DPCC,2024
10.0,320.0,366.0,188.0,279.0,,186.0,167.0,84.0,125.0,314.0,353.0,264.0,Anand_Vihar_Delhi_DPCC,2024
11.0,380.0,340.0,,323.0,,273.0,155.0,82.0,,330.0,385.0,203.0,Anand_Vihar_Delhi_DPCC,2024
12.0,388.0,329.0,,340.0,217.0,278.0,176.0,76.0,,376.0,405.0,318.0,Anand_Vihar_Delhi_DPCC,2024
13.0,445.0,383.0,,,271.0,,184.0,85.0,,374.0,460.0,286.0,Anand_Vihar_Delhi_DPCC,2024
14.0,467.0,388.0,,,302.0,298.0,147.0,116.0,,313.0,459.0,234.0,Anand_Vihar_Delhi_DPCC,2024
15.0,401.0,303.0,,,347.0,286.0,135.0,125.0,141.0,424.0,450.0,335.0,Anand_Vihar_Delhi_DPCC,2024
16.0,420.0,307.0,,,314.0,,191.0,127.0,329.0,429.0,436.0,437.0,Anand_Vihar_Delhi_DPCC,2024
17.0,387.0,325.0,,152.0,358.0,,129.0,156.0,382.0,,466.0,475.0,Anand_Vihar_Delhi_DPCC,2024
18.0,370.0,374.0,,197.0,,,131.0,207.0,,352.0,498.0,484.0,Anand_Vihar_Delhi_DPCC,2024
19.0,375.0,235.0,,,286.0,346.0,174.0,131.0,88.0,450.0,479.0,472.0,Anand_Vihar_Delhi_DPCC,2024
20.0,338.0,220.0,,,297.0,226.0,138.0,126.0,124.0,374.0,447.0,455.0,Anand_Vihar_Delhi_DPCC,2024
21.0,395.0,284.0,,,284.0,205.0,123.0,115.0,257.0,359.0,400.0,389.0,Anand_Vihar_Delhi_DPCC,2024
22.0,361.0,188.0,,,205.0,230.0,102.0,185.0,413.0,417.0,435.0,448.0,Anand_Vihar_Delhi_DPCC,2024
23.0,397.0,158.0,234.0,250.0,155.0,142.0,130.0,222.0,,411.0,437.0,442.0,Anand_Vihar_Delhi_DPCC,2024
24.0,419.0,248.0,266.0,221.0,,150.0,131.0,160.0,,363.0,371.0,388.0,Anand_Vihar_Delhi_DPCC,2024
25.0,390.0,236.0,335.0,243.0,178.0,143.0,136.0,143.0,379.0,401.0,403.0,361.0,Anand_Vihar_Delhi_DPCC,2024
26.0,467.0,229.0,,253.0,220.0,,106.0,102.0,105.0,370.0,356.0,378.0,Anand_Vihar_Delhi_DPCC,2024
27.0,391.0,207.0,,,317.0,,127.0,89.0,95.0,394.0,333.0,391.0,Anand_Vihar_Delhi_DPCC,2024
28.0,424.0,146.0,172.0,,342.0,,109.0,109.0,82.0,343.0,370.0,186.0,Anand_Vihar_Delhi_DPCC,2024
29.0,373.0,143.0,195.0,309.0,339.0,,116.0,71.0,,311.0,389.0,303.0,Anand_Vihar_Delhi_DPCC,2024
30.0,415.0,,212.0,214.0,341.0,,93.0,134.0,,409.0,379.0,250.0,Anand_Vihar_Delhi_DPCC,2024
31.0,436.0,,329.0,,234.0,,117.0,229.0,,401.0,,,Anand_Vihar_Delhi_DPCC,2024
,,,,,,,,,,,,,Anand_Vihar_Delhi_DPCC,2024
,,,,,,,,,,,,,Anand_Vihar_Delhi_DPCC,2024
,,,,,,,3.0,11.0,5.0,,,,Anand_Vihar_Delhi_DPCC,2024
,,8.0,10.0,3.0,3.0,5.0,24.0,15.0,9.0,,,2.0,Anand_Vihar_Delhi_DPCC,2024
,,11.0,5.0,12.0,14.0,12.0,1.0,3.0,3.0,1.0,,8.0,Anand_Vihar_Delhi_DPCC,2024
,19.0,10.0,2.0,4.0,9.0,3.0,,,3.0,21.0,11.0,13.0,Anand_Vihar_Delhi_DPCC,2024
,12.0,,,,1.0,,,,1.0,8.0,18.0,7.0,Anand_Vihar_Delhi_DPCC,2024
,,,14.0,11.0,4.0,10.0,3.0,2.0,9.0,1.0,1.0,1.0,Anand_Vihar_Delhi_DPCC,2024
,,,,,,,,,,,,,Anand_Vihar_Delhi_DPCC,2024
,100.0,100.0,54.0,63.0,87.0,66.0,90.0,93.0,70.0,96.0,96.0,96.0,Anand_Vihar_Delhi_DPCC,2024
1.0,354.0,,185.0,144.0,215.0,257.0,89.0,49.0,86.0,120.0,373.0,298.0,Ashok_Vihar_Delhi_DPCC,2024
2.0,345.0,227.0,108.0,148.0,186.0,144.0,91.0,59.0,88.0,144.0,351.0,291.0,Ashok_Vihar_Delhi_DPCC,2024
3.0,317.0,218.0,128.0,172.0,267.0,130.0,94.0,57.0,92.0,136.0,421.0,289.0,Ashok_Vihar_Delhi_DPCC,2024
4.0,372.0,305.0,135.0,181.0,271.0,178.0,51.0,50.0,65.0,151.0,420.0,170.0,Ashok_Vihar_Delhi_DPCC,2024
5.0,329.0,221.0,132.0,184.0,305.0,208.0,75.0,44.0,162.0,127.0,401.0,151.0,Ashok_Vihar_Delhi_DPCC,2024
6.0,322.0,147.0,116.0,177.0,260.0,174.0,49.0,42.0,84.0,121.0,397.0,189.0,Ashok_Vihar_Delhi_DPCC,2024
7.0,342.0,177.0,177.0,167.0,323.0,188.0,42.0,40.0,71.0,110.0,430.0,246.0,Ashok_Vihar_Delhi_DPCC,2024
8.0,358.0,164.0,144.0,189.0,243.0,196.0,46.0,41.0,86.0,140.0,406.0,334.0,Ashok_Vihar_Delhi_DPCC,2024
9.0,326.0,138.0,131.0,190.0,174.0,155.0,70.0,49.0,101.0,136.0,372.0,223.0,Ashok_Vihar_Delhi_DPCC,2024
10.0,257.0,322.0,149.0,192.0,176.0,149.0,162.0,54.0,91.0,111.0,355.0,268.0,Ashok_Vihar_Delhi_DPCC,2024
11.0,346.0,320.0,173.0,263.0,286.0,157.0,92.0,50.0,68.0,117.0,396.0,203.0,Ashok_Vihar_Delhi_DPCC,2024
12.0,334.0,297.0,175.0,259.0,242.0,173.0,93.0,,57.0,118.0,352.0,294.0,Ashok_Vihar_Delhi_DPCC,2024
13.0,381.0,354.0,162.0,193.0,228.0,145.0,87.0,54.0,72.0,215.0,441.0,285.0,Ashok_Vihar_Delhi_DPCC,2024
14.0,439.0,350.0,196.0,148.0,222.0,171.0,102.0,72.0,60.0,242.0,457.0,195.0,Ashok_Vihar_Delhi_DPCC,2024
15.0,323.0,291.0,135.0,198.0,263.0,163.0,94.0,62.0,111.0,204.0,440.0,316.0,Ashok_Vihar_Delhi_DPCC,2024
16.0,334.0,269.0,174.0,273.0,243.0,160.0,92.0,58.0,144.0,210.0,443.0,420.0,Ashok_Vihar_Delhi_DPCC,2024
17.0,342.0,248.0,187.0,124.0,210.0,144.0,83.0,57.0,166.0,301.0,476.0,469.0,Ashok_Vihar_Delhi_DPCC,2024
18.0,306.0,281.0,191.0,147.0,268.0,163.0,84.0,89.0,119.0,290.0,500.0,464.0,Ashok_Vihar_Delhi_DPCC,2024
19.0,355.0,198.0,233.0,191.0,237.0,304.0,123.0,86.0,48.0,253.0,473.0,471.0,Ashok_Vihar_Delhi_DPCC,2024
20.0,,219.0,218.0,217.0,235.0,153.0,106.0,65.0,93.0,312.0,452.0,454.0,Ashok_Vihar_Delhi_DPCC,2024
21.0,334.0,241.0,181.0,151.0,254.0,147.0,92.0,76.0,103.0,337.0,409.0,398.0,Ashok_Vihar_Delhi_DPCC,2024
22.0,308.0,155.0,148.0,130.0,189.0,204.0,74.0,82.0,141.0,349.0,412.0,460.0,Ashok_Vihar_Delhi_DPCC,2024
23.0,367.0,134.0,247.0,194.0,155.0,,86.0,72.0,158.0,365.0,438.0,453.0,Ashok_Vihar_Delhi_DPCC,2024
24.0,379.0,171.0,214.0,177.0,138.0,,79.0,99.0,200.0,321.0,348.0,399.0,Ashok_Vihar_Delhi_DPCC,2024
25.0,300.0,167.0,189.0,193.0,151.0,247.0,84.0,68.0,242.0,289.0,378.0,371.0,Ashok_Vihar_Delhi_DPCC,2024
26.0,390.0,164.0,140.0,169.0,195.0,150.0,67.0,67.0,79.0,289.0,364.0,366.0,Ashok_Vihar_Delhi_DPCC,2024
27.0,344.0,187.0,157.0,177.0,223.0,60.0,123.0,69.0,50.0,382.0,314.0,373.0,Ashok_Vihar_Delhi_DPCC,2024
28.0,355.0,134.0,147.0,165.0,245.0,58.0,66.0,65.0,52.0,322.0,336.0,146.0,Ashok_Vihar_Delhi_DPCC,2024
29.0,354.0,142.0,170.0,235.0,229.0,124.0,64.0,62.0,56.0,,357.0,260.0,Ashok_Vihar_Delhi_DPCC,2024
30.0,359.0,,183.0,205.0,212.0,145.0,70.0,102.0,104.0,351.0,361.0,184.0,Ashok_Vihar_Delhi_DPCC,2024
31.0,357.0,,249.0,,205.0,,98.0,93.0,,349.0,,314.0,Ashok_Vihar_Delhi_DPCC,2024
,,,,,,,,,,,,,Ashok_Vihar_Delhi_DPCC,2024
,,,,,,,3.0,8.0,2.0,,,,Ashok_Vihar_Delhi_DPCC,2024
,,,,,,2.0,23.0,21.0,16.0,,,,Ashok_Vihar_Delhi_DPCC,2024
,,13.0,26.0,24.0,8.0,21.0,5.0,1.0,11.0,12.0,,6.0,Ashok_Vihar_Delhi_DPCC,2024
,2.0,10.0,5.0,6.0,21.0,4.0,,,1.0,8.0,,10.0,Ashok_Vihar_Delhi_DPCC,2024
,27.0,5.0,,,2.0,1.0,,,,10.0,14.0,8.0,Ashok_Vihar_Delhi_DPCC,2024
,1.0,,,,,,,,,,16.0,7.0,Ashok_Vihar_Delhi_DPCC,2024
,1.0,1.0,,,,2.0,,1.0,,1.0,,,Ashok_Vihar_Delhi_DPCC,2024
,,,,,,,,,,,,,Ashok_Vihar_Delhi_DPCC,2024
,96.0,96.0,100.0,100.0,100.0,93.0,100.0,96.0,100.0,96.0,100.0,100.0,Ashok_Vihar_Delhi_DPCC,2024
1.0,360.0,214.0,287.0,150.0,272.0,308.0,97.0,159.0,86.0,145.0,372.0,303.0,Bawana_Delhi_DPCC,2024
2.0,353.0,260.0,127.0,182.0,246.0,162.0,131.0,90.0,90.0,195.0,333.0,304.0,Bawana_Delhi_DPCC,2024
3.0,350.0,238.0,137.0,166.0,322.0,165.0,114.0,66.0,108.0,179.0,405.0,301.0,Bawana_Delhi_DPCC,2024
4.0,371.0,305.0,138.0,192.0,303.0,207.0,57.0,69.0,75.0,188.0,412.0,189.0,Bawana_Delhi_DPCC,2024
5.0,316.0,238.0,128.0,198.0,331.0,312.0,72.0,,66.0,127.0,414.0,186.0,Bawana_Delhi_DPCC,2024
6.0,319.0,134.0,163.0,201.0,286.0,172.0,61.0,67.0,134.0,129.0,401.0,235.0,Bawana_Delhi_DPCC,2024
7.0,344.0,206.0,216.0,252.0,327.0,210.0,57.0,51.0,77.0,116.0,427.0,278.0,Bawana_Delhi_DPCC,2024
8.0,355.0,214.0,199.0,237.0,292.0,245.0,64.0,66.0,82.0,169.0,425.0,362.0,Bawana_Delhi_DPCC,2024
9.0,297.0,236.0,166.0,205.0,213.0,186.0,73.0,60.0,114.0,187.0,404.0,215.0,Bawana_Delhi_DPCC,2024
10.0,299.0,338.0,209.0,276.0,242.0,168.0,177.0,74.0,100.0,145.0,390.0,278.0,Bawana_Delhi_DPCC,2024
11.0,351.0,338.0,216.0,319.0,250.0,272.0,119.0,65.0,74.0,166.0,401.0,244.0,Bawana_Delhi_DPCC,2024
12.0,331.0,319.0,232.0,264.0,276.0,236.0,102.0,49.0,64.0,196.0,365.0,333.0,Bawana_Delhi_DPCC,2024
13.0,408.0,382.0,204.0,258.0,227.0,227.0,103.0,77.0,46.0,236.0,434.0,313.0,Bawana_Delhi_DPCC,2024
14.0,394.0,358.0,240.0,150.0,285.0,201.0,101.0,,66.0,256.0,455.0,266.0,Bawana_Delhi_DPCC,2024
15.0,327.0,319.0,168.0,264.0,297.0,211.0,109.0,83.0,102.0,249.0,456.0,342.0,Bawana_Delhi_DPCC,2024
16.0,384.0,311.0,213.0,274.0,286.0,207.0,99.0,74.0,128.0,265.0,448.0,414.0,Bawana_Delhi_DPCC,2024
17.0,423.0,295.0,256.0,165.0,288.0,189.0,93.0,74.0,146.0,307.0,476.0,478.0,Bawana_Delhi_DPCC,2024
18.0,369.0,291.0,258.0,197.0,306.0,227.0,90.0,78.0,125.0,350.0,500.0,436.0,Bawana_Delhi_DPCC,2024
19.0,380.0,287.0,305.0,218.0,281.0,367.0,111.0,73.0,57.0,345.0,475.0,484.0,Bawana_Delhi_DPCC,2024
20.0,366.0,259.0,266.0,228.0,238.0,160.0,113.0,71.0,108.0,309.0,459.0,442.0,Bawana_Delhi_DPCC,2024
21.0,338.0,247.0,202.0,162.0,263.0,184.0,120.0,65.0,129.0,345.0,408.0,400.0,Bawana_Delhi_DPCC,2024
22.0,344.0,191.0,220.0,110.0,241.0,196.0,109.0,,183.0,368.0,427.0,457.0,Bawana_Delhi_DPCC,2024
23.0,389.0,180.0,269.0,234.0,177.0,171.0,79.0,98.0,180.0,399.0,438.0,474.0,Bawana_Delhi_DPCC,2024
24.0,419.0,205.0,233.0,226.0,189.0,143.0,79.0,94.0,245.0,348.0,356.0,399.0,Bawana_Delhi_DPCC,2024
25.0,298.0,212.0,235.0,231.0,193.0,165.0,86.0,77.0,284.0,295.0,392.0,374.0,Bawana_Delhi_DPCC,2024
26.0,385.0,207.0,174.0,198.0,232.0,170.0,68.0,69.0,103.0,299.0,374.0,390.0,Bawana_Delhi_DPCC,2024
27.0,344.0,166.0,201.0,150.0,261.0,80.0,147.0,78.0,93.0,411.0,339.0,383.0,Bawana_Delhi_DPCC,2024
28.0,378.0,145.0,163.0,183.0,289.0,51.0,80.0,68.0,80.0,336.0,383.0,204.0,Bawana_Delhi_DPCC,2024
29.0,392.0,194.0,202.0,279.0,268.0,115.0,,65.0,83.0,321.0,426.0,242.0,Bawana_Delhi_DPCC,2024
30.0,329.0,,220.0,205.0,255.0,121.0,98.0,138.0,164.0,350.0,377.0,196.0,Bawana_Delhi_DPCC,2024
31.0,370.0,,249.0,,198.0,,86.0,83.0,,358.0,,333.0,Bawana_Delhi_DPCC,2024
,,,,,,,,,,,,,Bawana_Delhi_DPCC,2024
,,,,,,,,1.0,1.0,,,,Bawana_Delhi_DPCC,2024
,,,,,,2.0,17.0,25.0,14.0,,,,Bawana_Delhi_DPCC,2024
,,6.0,10.0,13.0,4.0,15.0,13.0,2.0,13.0,12.0,,3.0,Bawana_Delhi_DPCC,2024
,3.0,15.0,20.0,16.0,22.0,10.0,,,2.0,6.0,,8.0,Bawana_Delhi_DPCC,2024
,25.0,8.0,1.0,1.0,5.0,3.0,,,,12.0,10.0,13.0,Bawana_Delhi_DPCC,2024
,3.0,,,,,,,,,1.0,20.0,7.0,Bawana_Delhi_DPCC,2024
,,,,,,,1.0,3.0,,,,,Bawana_Delhi_DPCC,2024
,,,,,,,,,,,,,Bawana_Delhi_DPCC,2024
,100.0,100.0,100.0,100.0,100.0,100.0,96.0,90.0,100.0,100.0,100.0,100.0,Bawana_Delhi_DPCC,2024
1.0,306.0,130.0,174.0,,210.0,237.0,,28.0,,,337.0,255.0,CRRI_Mathura_Road_Delhi_IMD,2024
2.0,326.0,197.0,81.0,91.0,159.0,,120.0,,,,337.0,256.0,CRRI_Mathura_Road_Delhi_IMD,2024
3.0,322.0,143.0,,,256.0,102.0,86.0,,,,374.0,226.0,CRRI_Mathura_Road_Delhi_IMD,2024
4.0,344.0,213.0,89.0,153.0,297.0,199.0,37.0,44.0,,,358.0,140.0,CRRI_Mathura_Road_Delhi_IMD,2024
5.0,303.0,116.0,86.0,223.0,257.0,228.0,50.0,42.0,,,353.0,135.0,CRRI_Mathura_Road_Delhi_IMD,2024
6.0,,113.0,,152.0,253.0,154.0,55.0,52.0,,,329.0,154.0,CRRI_Mathura_Road_Delhi_IMD,2024
7.0,306.0,149.0,153.0,173.0,,,34.0,,,,359.0,208.0,CRRI_Mathura_Road_Delhi_IMD,2024
8.0,325.0,109.0,115.0,231.0,,,35.0,,,,,285.0,CRRI_Mathura_Road_Delhi_IMD,2024
9.0,347.0,101.0,,,152.0,158.0,74.0,38.0,,,328.0,123.0,CRRI_Mathura_Road_Delhi_IMD,2024
10.0,219.0,300.0,136.0,,144.0,146.0,112.0,,,,317.0,230.0,CRRI_Mathura_Road_Delhi_IMD,2024
11.0,327.0,303.0,180.0,,238.0,,110.0,,,,330.0,229.0,CRRI_Mathura_Road_Delhi_IMD,2024
12.0,,283.0,200.0,,182.0,200.0,109.0,,,,329.0,296.0,CRRI_Mathura_Road_Delhi_IMD,2024
13.0,367.0,316.0,126.0,183.0,195.0,198.0,,,,,413.0,265.0,CRRI_Mathura_Road_Delhi_IMD,2024
14.0,467.0,320.0,,134.0,,169.0,,,,,397.0,,CRRI_Mathura_Road_Delhi_IMD,2024
15.0,335.0,252.0,98.0,163.0,236.0,166.0,93.0,,,,336.0,314.0,CRRI_Mathura_Road_Delhi_IMD,2024
16.0,321.0,227.0,124.0,,230.0,184.0,76.0,,,,,398.0,CRRI_Mathura_Road_Delhi_IMD,2024
17.0,309.0,220.0,152.0,,205.0,150.0,88.0,,,,,454.0,CRRI_Mathura_Road_Delhi_IMD,2024
18.0,240.0,264.0,158.0,169.0,303.0,177.0,,,,,494.0,468.0,CRRI_Mathura_Road_Delhi_IMD,2024
19.0,314.0,159.0,180.0,199.0,301.0,279.0,111.0,,,,,462.0,CRRI_Mathura_Road_Delhi_IMD,2024
20.0,267.0,181.0,202.0,213.0,259.0,149.0,77.0,,,,374.0,447.0,CRRI_Mathura_Road_Delhi_IMD,2024
21.0,348.0,221.0,126.0,126.0,236.0,169.0,93.0,,,,324.0,362.0,CRRI_Mathura_Road_Delhi_IMD,2024
22.0,,121.0,112.0,134.0,168.0,134.0,69.0,,,,369.0,422.0,CRRI_Mathura_Road_Delhi_IMD,2024
23.0,332.0,126.0,188.0,,135.0,122.0,87.0,,,,,397.0,CRRI_Mathura_Road_Delhi_IMD,2024
24.0,376.0,173.0,145.0,,124.0,131.0,84.0,,,,292.0,357.0,CRRI_Mathura_Road_Delhi_IMD,2024
25.0,308.0,,156.0,255.0,142.0,96.0,,,,,322.0,334.0,CRRI_Mathura_Road_Delhi_IMD,2024
26.0,418.0,123.0,73.0,221.0,175.0,117.0,62.0,,,,305.0,367.0,CRRI_Mathura_Road_Delhi_IMD,2024
27.0,331.0,126.0,123.0,153.0,216.0,65.0,,,,,262.0,389.0,CRRI_Mathura_Road_Delhi_IMD,2024
28.0,360.0,,96.0,168.0,231.0,43.0,,,,,299.0,117.0,CRRI_Mathura_Road_Delhi_IMD,2024
29.0,316.0,110.0,,234.0,276.0,103.0,,,,,299.0,201.0,CRRI_Mathura_Road_Delhi_IMD,2024
30.0,344.0,,121.0,169.0,225.0,82.0,,,,,308.0,167.0,CRRI_Mathura_Road_Delhi_IMD,2024
31.0,365.0,,226.0,,167.0,,,,,331.0,,,CRRI_Mathura_Road_Delhi_IMD,2024
,,,,,,,,,,,,,CRRI_Mathura_Road_Delhi_IMD,2024
,,,,,,1.0,4.0,4.0,,,,,CRRI_Mathura_Road_Delhi_IMD,2024
,,,6.0,1.0,,3.0,12.0,1.0,,,,,CRRI_Mathura_Road_Delhi_IMD,2024
,,16.0,18.0,13.0,11.0,19.0,5.0,,,,,6.0,CRRI_Mathura_Road_Delhi_IMD,2024
,3.0,8.0,2.0,6.0,15.0,3.0,,,,,4.0,10.0,CRRI_Mathura_Road_Delhi_IMD,2024
,23.0,3.0,,,2.0,,,,,1.0,19.0,8.0,CRRI_Mathura_Road_Delhi_IMD,2024
,2.0,,,,,,,,,,2.0,5.0,CRRI_Mathura_Road_Delhi_IMD,2024
,3.0,2.0,5.0,10.0,3.0,4.0,10.0,26.0,30.0,30.0,5.0,2.0,CRRI_Mathura_Road_Delhi_IMD,2024
,,,,,,,,,,,,,CRRI_Mathura_Road_Delhi_IMD,2024
,90.0,93.0,83.0,66.0,90.0,86.0,67.0,16.0,0.0,3.0,83.0,93.0,CRRI_Mathura_Road_Delhi_IMD,2024
1.0,244.0,145.0,192.0,120.0,191.0,273.0,85.0,55.0,68.0,136.0,275.0,285.0,DTU_Delhi_CPCB,2024
2.0,259.0,131.0,111.0,145.0,191.0,180.0,128.0,72.0,73.0,162.0,258.0,220.0,DTU_Delhi_CPCB,2024
3.0,246.0,152.0,126.0,,301.0,162.0,122.0,62.0,98.0,156.0,275.0,274.0,DTU_Delhi_CPCB,2024
4.0,324.0,209.0,140.0,159.0,281.0,214.0,60.0,60.0,66.0,174.0,326.0,166.0,DTU_Delhi_CPCB,2024
5.0,246.0,136.0,119.0,161.0,294.0,287.0,88.0,46.0,66.0,123.0,337.0,155.0,DTU_Delhi_CPCB,2024
6.0,220.0,112.0,121.0,167.0,248.0,210.0,64.0,50.0,97.0,136.0,355.0,184.0,DTU_Delhi_CPCB,2024
7.0,308.0,166.0,143.0,229.0,310.0,214.0,76.0,47.0,70.0,109.0,394.0,206.0,DTU_Delhi_CPCB,2024
8.0,314.0,,149.0,,248.0,232.0,58.0,54.0,68.0,150.0,386.0,302.0,DTU_Delhi_CPCB,2024
9.0,254.0,155.0,124.0,203.0,180.0,146.0,105.0,52.0,88.0,71.0,319.0,152.0,DTU_Delhi_CPCB,2024
10.0,168.0,253.0,143.0,242.0,210.0,127.0,140.0,58.0,91.0,116.0,334.0,163.0,DTU_Delhi_CPCB,2024
11.0,314.0,247.0,175.0,269.0,300.0,290.0,108.0,47.0,66.0,151.0,330.0,171.0,DTU_Delhi_CPCB,2024
12.0,264.0,228.0,170.0,230.0,174.0,207.0,99.0,45.0,59.0,162.0,347.0,273.0,DTU_Delhi_CPCB,2024
13.0,348.0,336.0,173.0,195.0,254.0,181.0,96.0,50.0,45.0,,,201.0,DTU_Delhi_CPCB,2024
14.0,345.0,324.0,170.0,130.0,258.0,191.0,97.0,57.0,50.0,,381.0,175.0,DTU_Delhi_CPCB,2024
15.0,222.0,234.0,133.0,,298.0,225.0,61.0,68.0,86.0,189.0,421.0,293.0,DTU_Delhi_CPCB,2024
16.0,331.0,245.0,158.0,268.0,259.0,186.0,58.0,55.0,110.0,227.0,391.0,390.0,DTU_Delhi_CPCB,2024
17.0,360.0,220.0,179.0,367.0,249.0,163.0,77.0,58.0,144.0,291.0,391.0,442.0,DTU_Delhi_CPCB,2024
18.0,313.0,287.0,217.0,178.0,291.0,201.0,71.0,67.0,116.0,320.0,468.0,441.0,DTU_Delhi_CPCB,2024
19.0,295.0,241.0,264.0,177.0,244.0,353.0,98.0,58.0,48.0,252.0,453.0,460.0,DTU_Delhi_CPCB,2024
20.0,276.0,,242.0,194.0,279.0,173.0,61.0,55.0,96.0,256.0,403.0,382.0,DTU_Delhi_CPCB,2024
21.0,271.0,200.0,170.0,131.0,275.0,163.0,95.0,59.0,110.0,239.0,354.0,333.0,DTU_Delhi_CPCB,2024
22.0,240.0,146.0,147.0,106.0,227.0,169.0,72.0,77.0,196.0,307.0,392.0,392.0,DTU_Delhi_CPCB,2024
23.0,378.0,137.0,233.0,233.0,158.0,155.0,75.0,63.0,,300.0,394.0,418.0,DTU_Delhi_CPCB,2024
24.0,383.0,175.0,207.0,214.0,138.0,116.0,71.0,55.0,146.0,225.0,297.0,303.0,DTU_Delhi_CPCB,2024
25.0,242.0,178.0,193.0,204.0,197.0,158.0,90.0,51.0,190.0,229.0,365.0,309.0,DTU_Delhi_CPCB,2024
26.0,352.0,161.0,108.0,223.0,184.0,146.0,66.0,65.0,96.0,228.0,315.0,292.0,DTU_Delhi_CPCB,2024
27.0,267.0,150.0,175.0,173.0,251.0,75.0,110.0,55.0,72.0,323.0,241.0,263.0,DTU_Delhi_CPCB,2024
28.0,343.0,,138.0,222.0,265.0,,72.0,54.0,62.0,236.0,293.0,113.0,DTU_Delhi_CPCB,2024
29.0,383.0,138.0,189.0,218.0,229.0,,73.0,56.0,66.0,234.0,316.0,142.0,DTU_Delhi_CPCB,2024
30.0,295.0,,176.0,178.0,150.0,186.0,93.0,107.0,125.0,298.0,351.0,116.0,DTU_Delhi_CPCB,2024
31.0,277.0,,222.0,,256.0,,95.0,82.0,,268.0,,209.0,DTU_Delhi_CPCB,2024
,,,,,,,,,,,,,DTU_Delhi_CPCB,2024
,,,,,,,,6.0,3.0,,,,DTU_Delhi_CPCB,2024
,,,,,,1.0,25.0,24.0,18.0,1.0,,,DTU_Delhi_CPCB,2024
,1.0,15.0,25.0,14.0,9.0,16.0,6.0,1.0,8.0,12.0,,10.0,DTU_Delhi_CPCB,2024
,16.0,9.0,6.0,12.0,20.0,10.0,,,,13.0,6.0,10.0,DTU_Delhi_CPCB,2024
,14.0,2.0,,1.0,2.0,1.0,,,,3.0,19.0,7.0,DTU_Delhi_CPCB,2024
,,,,,,,,,,,4.0,4.0,DTU_Delhi_CPCB,2024
,,3.0,,3.0,,2.0,,,1.0,2.0,1.0,,DTU_Delhi_CPCB,2024
,,,,,,,,,,,,,DTU_Delhi_CPCB,2024
,100.0,89.0,100.0,90.0,100.0,93.0,100.0,100.0,96.0,93.0,96.0,100.0,DTU_Delhi_CPCB,2024
1.0,347.0,149.0,198.0,87.0,158.0,172.0,,23.0,,141.0,361.0,280.0,IGI_Airport_(T3)_Delhi_IMD,2024
2.0,302.0,,151.0,117.0,,98.0,79.0,,,159.0,339.0,273.0,IGI_Airport_(T3)_Delhi_IMD,2024
3.0,349.0,154.0,,108.0,271.0,107.0,,57.0,120.0,144.0,368.0,235.0,IGI_Airport_(T3)_Delhi_IMD,2024
4.0,344.0,256.0,122.0,112.0,290.0,139.0,47.0,68.0,63.0,195.0,381.0,165.0,IGI_Airport_(T3)_Delhi_IMD,2024
5.0,,137.0,,136.0,278.0,157.0,75.0,,74.0,129.0,368.0,139.0,IGI_Airport_(T3)_Delhi_IMD,2024
6.0,,129.0,,113.0,218.0,157.0,,48.0,126.0,135.0,347.0,138.0,IGI_Airport_(T3)_Delhi_IMD,2024
7.0,270.0,156.0,134.0,146.0,293.0,226.0,,,116.0,110.0,367.0,226.0,IGI_Airport_(T3)_Delhi_IMD,2024
8.0,318.0,,122.0,136.0,170.0,183.0,,49.0,66.0,135.0,,277.0,IGI_Airport_(T3)_Delhi_IMD,2024
9.0,331.0,111.0,,160.0,137.0,124.0,,82.0,84.0,150.0,342.0,173.0,IGI_Airport_(T3)_Delhi_IMD,2024
10.0,244.0,319.0,145.0,,135.0,104.0,,57.0,128.0,125.0,324.0,218.0,IGI_Airport_(T3)_Delhi_IMD,2024
11.0,,311.0,135.0,191.0,207.0,156.0,87.0,,,122.0,336.0,,IGI_Airport_(T3)_Delhi_IMD,2024
12.0,,296.0,149.0,162.0,140.0,,78.0,,69.0,129.0,323.0,310.0,IGI_Airport_(T3)_Delhi_IMD,2024
13.0,407.0,351.0,115.0,143.0,163.0,125.0,,36.0,28.0,219.0,430.0,,IGI_Airport_(T3)_Delhi_IMD,2024
14.0,469.0,334.0,,114.0,,122.0,,69.0,53.0,220.0,449.0,,IGI_Airport_(T3)_Delhi_IMD,2024
15.0,320.0,262.0,92.0,201.0,236.0,127.0,92.0,68.0,109.0,174.0,402.0,,IGI_Airport_(T3)_Delhi_IMD,2024
16.0,348.0,251.0,126.0,,171.0,149.0,81.0,45.0,,238.0,405.0,,IGI_Airport_(T3)_Delhi_IMD,2024
17.0,358.0,225.0,177.0,,203.0,120.0,88.0,61.0,159.0,274.0,,,IGI_Airport_(T3)_Delhi_IMD,2024
18.0,278.0,251.0,152.0,182.0,227.0,68.0,,70.0,124.0,267.0,,434.0,IGI_Airport_(T3)_Delhi_IMD,2024
19.0,298.0,188.0,197.0,168.0,226.0,204.0,108.0,63.0,54.0,,,,IGI_Airport_(T3)_Delhi_IMD,2024
20.0,323.0,189.0,218.0,232.0,165.0,129.0,83.0,76.0,,,410.0,406.0,IGI_Airport_(T3)_Delhi_IMD,2024
21.0,311.0,192.0,141.0,121.0,159.0,142.0,94.0,73.0,,,342.0,,IGI_Airport_(T3)_Delhi_IMD,2024
22.0,,131.0,119.0,97.0,153.0,119.0,68.0,,211.0,324.0,380.0,381.0,IGI_Airport_(T3)_Delhi_IMD,2024
23.0,309.0,121.0,164.0,161.0,125.0,106.0,94.0,,159.0,,,362.0,IGI_Airport_(T3)_Delhi_IMD,2024
24.0,405.0,180.0,134.0,157.0,95.0,106.0,83.0,107.0,218.0,312.0,284.0,355.0,IGI_Airport_(T3)_Delhi_IMD,2024
25.0,320.0,,168.0,217.0,130.0,93.0,,78.0,224.0,255.0,355.0,316.0,IGI_Airport_(T3)_Delhi_IMD,2024
26.0,382.0,142.0,94.0,227.0,134.0,106.0,71.0,80.0,94.0,213.0,324.0,320.0,IGI_Airport_(T3)_Delhi_IMD,2024
27.0,322.0,142.0,143.0,167.0,140.0,,107.0,72.0,96.0,335.0,293.0,310.0,IGI_Airport_(T3)_Delhi_IMD,2024
28.0,342.0,137.0,112.0,164.0,157.0,43.0,,80.0,63.0,279.0,320.0,97.0,IGI_Airport_(T3)_Delhi_IMD,2024
29.0,331.0,135.0,124.0,238.0,148.0,79.0,,59.0,75.0,258.0,329.0,167.0,IGI_Airport_(T3)_Delhi_IMD,2024
30.0,325.0,,132.0,160.0,,65.0,86.0,120.0,118.0,281.0,337.0,118.0,IGI_Airport_(T3)_Delhi_IMD,2024
31.0,391.0,,214.0,,109.0,,74.0,91.0,,340.0,,,IGI_Airport_(T3)_Delhi_IMD,2024
,,,,,,,,,,,,,IGI_Airport_(T3)_Delhi_IMD,2024
,,,,,,1.0,1.0,5.0,1.0,,,,IGI_Airport_(T3)_Delhi_IMD,2024
,,,2.0,2.0,1.0,5.0,15.0,17.0,11.0,,,1.0,IGI_Airport_(T3)_Delhi_IMD,2024
,,16.0,22.0,20.0,17.0,20.0,2.0,2.0,9.0,13.0,,6.0,IGI_Airport_(T3)_Delhi_IMD,2024
,4.0,6.0,2.0,5.0,10.0,2.0,,,3.0,10.0,2.0,6.0,IGI_Airport_(T3)_Delhi_IMD,2024
,19.0,4.0,,,,,,,,4.0,18.0,7.0,IGI_Airport_(T3)_Delhi_IMD,2024
,3.0,,,,,,,,,,5.0,2.0,IGI_Airport_(T3)_Delhi_IMD,2024
,5.0,3.0,5.0,3.0,3.0,2.0,13.0,7.0,6.0,4.0,5.0,9.0,IGI_Airport_(T3)_Delhi_IMD,2024
,,,,,,,,,,,,,IGI_Airport_(T3)_Delhi_IMD,2024
,83.0,89.0,83.0,90.0,90.0,93.0,58.0,77.0,80.0,87.0,83.0,70.0,IGI_Airport_(T3)_Delhi_IMD,2024
1.0,344.0,319.0,227.0,83.0,121.0,230.0,73.0,113.0,62.0,97.0,318.0,290.0,ITO_Delhi_CPCB,2024
2.0,336.0,147.0,127.0,62.0,110.0,129.0,63.0,150.0,66.0,122.0,278.0,268.0,ITO_Delhi_CPCB,2024
3.0,336.0,136.0,116.0,81.0,191.0,114.0,76.0,90.0,79.0,112.0,367.0,221.0,ITO_Delhi_CPCB,2024
4.0,386.0,247.0,114.0,88.0,246.0,185.0,69.0,88.0,62.0,189.0,356.0,136.0,ITO_Delhi_CPCB,2024
5.0,272.0,136.0,108.0,83.0,270.0,207.0,63.0,68.0,168.0,134.0,335.0,130.0,ITO_Delhi_CPCB,2024
6.0,254.0,93.0,106.0,116.0,204.0,112.0,56.0,89.0,121.0,,330.0,191.0,ITO_Delhi_CPCB,2024
7.0,279.0,121.0,197.0,106.0,257.0,155.0,51.0,64.0,88.0,,358.0,250.0,ITO_Delhi_CPCB,2024
8.0,290.0,111.0,126.0,114.0,160.0,184.0,52.0,64.0,81.0,,361.0,316.0,ITO_Delhi_CPCB,2024
9.0,324.0,162.0,112.0,173.0,155.0,119.0,60.0,64.0,85.0,192.0,341.0,199.0,ITO_Delhi_CPCB,2024
10.0,197.0,302.0,162.0,207.0,159.0,111.0,96.0,83.0,104.0,115.0,332.0,257.0,ITO_Delhi_CPCB,2024
11.0,324.0,288.0,210.0,174.0,202.0,175.0,80.0,82.0,89.0,136.0,328.0,174.0,ITO_Delhi_CPCB,2024
12.0,304.0,288.0,206.0,185.0,150.0,135.0,,71.0,71.0,138.0,343.0,272.0,ITO_Delhi_CPCB,2024
13.0,376.0,317.0,155.0,168.0,241.0,119.0,74.0,68.0,,188.0,429.0,267.0,ITO_Delhi_CPCB,2024
14.0,446.0,309.0,,118.0,238.0,109.0,74.0,95.0,57.0,210.0,408.0,174.0,ITO_Delhi_CPCB,2024
15.0,401.0,,91.0,191.0,238.0,113.0,79.0,74.0,75.0,134.0,331.0,319.0,ITO_Delhi_CPCB,2024
16.0,418.0,308.0,119.0,183.0,252.0,104.0,64.0,73.0,82.0,145.0,374.0,403.0,ITO_Delhi_CPCB,2024
17.0,368.0,272.0,160.0,73.0,222.0,98.0,63.0,75.0,92.0,223.0,449.0,443.0,ITO_Delhi_CPCB,2024
18.0,355.0,282.0,185.0,110.0,244.0,108.0,72.0,59.0,,231.0,421.0,473.0,ITO_Delhi_CPCB,2024
19.0,387.0,272.0,187.0,121.0,267.0,163.0,125.0,94.0,64.0,238.0,394.0,465.0,ITO_Delhi_CPCB,2024
20.0,346.0,291.0,213.0,141.0,236.0,259.0,95.0,,115.0,248.0,404.0,445.0,ITO_Delhi_CPCB,2024
21.0,323.0,319.0,172.0,91.0,259.0,101.0,92.0,63.0,102.0,292.0,,359.0,ITO_Delhi_CPCB,2024
22.0,255.0,171.0,265.0,85.0,209.0,149.0,99.0,60.0,128.0,302.0,365.0,413.0,ITO_Delhi_CPCB,2024
23.0,,120.0,288.0,133.0,133.0,94.0,162.0,,128.0,355.0,366.0,411.0,ITO_Delhi_CPCB,2024
24.0,363.0,184.0,185.0,122.0,113.0,116.0,140.0,,149.0,293.0,256.0,368.0,ITO_Delhi_CPCB,2024
25.0,299.0,222.0,217.0,154.0,159.0,88.0,135.0,,208.0,259.0,321.0,321.0,ITO_Delhi_CPCB,2024
26.0,396.0,164.0,166.0,122.0,164.0,97.0,131.0,,79.0,254.0,341.0,352.0,ITO_Delhi_CPCB,2024
27.0,340.0,167.0,220.0,148.0,237.0,62.0,174.0,,88.0,361.0,312.0,357.0,ITO_Delhi_CPCB,2024
28.0,348.0,146.0,121.0,100.0,267.0,72.0,158.0,81.0,80.0,289.0,314.0,143.0,ITO_Delhi_CPCB,2024
29.0,326.0,128.0,136.0,170.0,256.0,114.0,141.0,70.0,94.0,256.0,309.0,254.0,ITO_Delhi_CPCB,2024
30.0,374.0,,137.0,124.0,218.0,93.0,140.0,134.0,116.0,288.0,328.0,178.0,ITO_Delhi_CPCB,2024
31.0,381.0,,229.0,,168.0,,128.0,60.0,,287.0,,268.0,ITO_Delhi_CPCB,2024
,,,,,,,,,,,,,ITO_Delhi_CPCB,2024
,,,,,,,,,,,,,ITO_Delhi_CPCB,2024
,,1.0,1.0,9.0,,7.0,20.0,22.0,18.0,1.0,,,ITO_Delhi_CPCB,2024
,1.0,13.0,20.0,20.0,12.0,20.0,10.0,3.0,9.0,11.0,,8.0,ITO_Delhi_CPCB,2024
,6.0,8.0,9.0,1.0,19.0,3.0,,,1.0,13.0,2.0,9.0,ITO_Delhi_CPCB,2024
,20.0,6.0,,,,,,,,3.0,22.0,7.0,ITO_Delhi_CPCB,2024
,3.0,,,,,,,,,,5.0,7.0,ITO_Delhi_CPCB,2024
,1.0,1.0,1.0,,,,1.0,6.0,2.0,3.0,1.0,,ITO_Delhi_CPCB,2024
,,,,,,,,,,,,,ITO_Delhi_CPCB,2024
,96.0,96.0,96.0,100.0,100.0,100.0,96.0,80.0,93.0,90.0,96.0,100.0,ITO_Delhi_CPCB,2024
1.0,361.0,246.0,280.0,158.0,258.0,278.0,202.0,66.0,140.0,195.0,369.0,316.0,Jahangirpuri_Delhi_DPCC,2024
2.0,362.0,284.0,149.0,200.0,274.0,,225.0,121.0,106.0,190.0,332.0,318.0,Jahangirpuri_Delhi_DPCC,2024
3.0,365.0,279.0,155.0,213.0,343.0,,210.0,59.0,120.0,185.0,414.0,304.0,Jahangirpuri_Delhi_DPCC,2024
4.0,423.0,351.0,160.0,188.0,336.0,249.0,104.0,81.0,85.0,212.0,422.0,205.0,Jahangirpuri_Delhi_DPCC,2024
5.0,362.0,274.0,154.0,234.0,369.0,312.0,60.0,59.0,93.0,178.0,413.0,210.0,Jahangirpuri_Delhi_DPCC,2024
6.0,351.0,223.0,154.0,221.0,321.0,213.0,94.0,81.0,125.0,170.0,409.0,251.0,Jahangirpuri_Delhi_DPCC,2024
7.0,387.0,253.0,256.0,310.0,351.0,251.0,62.0,160.0,86.0,172.0,434.0,278.0,Jahangirpuri_Delhi_DPCC,2024
8.0,384.0,219.0,188.0,251.0,269.0,266.0,63.0,53.0,128.0,221.0,418.0,349.0,Jahangirpuri_Delhi_DPCC,2024
9.0,367.0,194.0,178.0,217.0,187.0,258.0,,52.0,158.0,212.0,381.0,225.0,Jahangirpuri_Delhi_DPCC,2024
10.0,318.0,362.0,212.0,240.0,,223.0,,98.0,107.0,178.0,377.0,287.0,Jahangirpuri_Delhi_DPCC,2024
11.0,377.0,354.0,216.0,282.0,243.0,330.0,,115.0,75.0,185.0,428.0,242.0,Jahangirpuri_Delhi_DPCC,2024
12.0,391.0,348.0,226.0,269.0,207.0,239.0,,62.0,75.0,187.0,387.0,325.0,Jahangirpuri_Delhi_DPCC,2024
13.0,433.0,388.0,209.0,208.0,241.0,269.0,130.0,93.0,37.0,240.0,445.0,307.0,Jahangirpuri_Delhi_DPCC,2024
14.0,456.0,390.0,225.0,171.0,299.0,224.0,146.0,110.0,80.0,283.0,456.0,253.0,Jahangirpuri_Delhi_DPCC,2024
15.0,404.0,336.0,177.0,239.0,319.0,224.0,141.0,124.0,119.0,246.0,463.0,348.0,Jahangirpuri_Delhi_DPCC,2024
16.0,428.0,312.0,228.0,287.0,262.0,305.0,148.0,103.0,159.0,262.0,452.0,424.0,Jahangirpuri_Delhi_DPCC,2024
17.0,399.0,293.0,247.0,174.0,259.0,218.0,129.0,105.0,218.0,360.0,464.0,474.0,Jahangirpuri_Delhi_DPCC,2024
18.0,357.0,338.0,252.0,193.0,319.0,267.0,121.0,142.0,134.0,365.0,498.0,474.0,Jahangirpuri_Delhi_DPCC,2024
19.0,397.0,,286.0,242.0,322.0,377.0,170.0,132.0,55.0,337.0,475.0,476.0,Jahangirpuri_Delhi_DPCC,2024
20.0,356.0,262.0,305.0,227.0,316.0,193.0,150.0,83.0,116.0,359.0,450.0,435.0,Jahangirpuri_Delhi_DPCC,2024
21.0,398.0,280.0,210.0,182.0,291.0,206.0,156.0,88.0,139.0,341.0,433.0,396.0,Jahangirpuri_Delhi_DPCC,2024
22.0,366.0,178.0,151.0,164.0,227.0,270.0,118.0,109.0,209.0,377.0,442.0,464.0,Jahangirpuri_Delhi_DPCC,2024
23.0,415.0,186.0,274.0,248.0,174.0,195.0,,108.0,221.0,417.0,439.0,445.0,Jahangirpuri_Delhi_DPCC,2024
24.0,413.0,239.0,256.0,225.0,171.0,182.0,128.0,127.0,256.0,349.0,360.0,381.0,Jahangirpuri_Delhi_DPCC,2024
25.0,372.0,202.0,231.0,281.0,195.0,228.0,152.0,85.0,290.0,318.0,393.0,387.0,Jahangirpuri_Delhi_DPCC,2024
26.0,415.0,198.0,161.0,236.0,243.0,241.0,114.0,92.0,114.0,314.0,366.0,373.0,Jahangirpuri_Delhi_DPCC,2024
27.0,386.0,241.0,226.0,191.0,262.0,,184.0,77.0,79.0,404.0,330.0,373.0,Jahangirpuri_Delhi_DPCC,2024
28.0,418.0,198.0,194.0,188.0,278.0,,110.0,72.0,70.0,327.0,377.0,172.0,Jahangirpuri_Delhi_DPCC,2024
29.0,398.0,199.0,198.0,238.0,244.0,,86.0,62.0,77.0,301.0,371.0,288.0,Jahangirpuri_Delhi_DPCC,2024
30.0,404.0,,225.0,212.0,234.0,,121.0,161.0,175.0,368.0,398.0,231.0,Jahangirpuri_Delhi_DPCC,2024
31.0,405.0,,275.0,,222.0,,130.0,122.0,,378.0,,350.0,Jahangirpuri_Delhi_DPCC,2024
,,,,,,,,,,,,,Jahangirpuri_Delhi_DPCC,2024
,,,,,,,,,1.0,,,,Jahangirpuri_Delhi_DPCC,2024
,,,,,,,5.0,17.0,10.0,,,,Jahangirpuri_Delhi_DPCC,2024
,,6.0,12.0,10.0,4.0,3.0,18.0,14.0,14.0,9.0,,1.0,Jahangirpuri_Delhi_DPCC,2024
,,13.0,18.0,19.0,17.0,17.0,3.0,,5.0,7.0,,10.0,Jahangirpuri_Delhi_DPCC,2024
,20.0,9.0,1.0,1.0,9.0,4.0,,,,13.0,12.0,13.0,Jahangirpuri_Delhi_DPCC,2024
,11.0,,,,,,,,,2.0,18.0,7.0,Jahangirpuri_Delhi_DPCC,2024
,,1.0,,,1.0,6.0,5.0,,,,,,Jahangirpuri_Delhi_DPCC,2024
,,,,,,,,,,,,,Jahangirpuri_Delhi_DPCC,2024
,100.0,96.0,100.0,100.0,96.0,80.0,83.0,100.0,100.0,100.0,100.0,100.0,Jahangirpuri_Delhi_DPCC,2024
1.0,344.0,156.0,230.0,109.0,156.0,189.0,71.0,53.0,71.0,119.0,325.0,264.0,Jawaharlal_Nehru_Stadium_Delhi_DPCC,2024
2.0,348.0,245.0,101.0,122.0,227.0,194.0,90.0,46.0,58.0,136.0,308.0,259.0,Jawaharlal_Nehru_Stadium_Delhi_DPCC,2024
3.0,325.0,190.0,113.0,120.0,247.0,212.0,77.0,52.0,58.0,124.0,344.0,241.0,Jawaharlal_Nehru_Stadium_Delhi_DPCC,2024
4.0,370.0,280.0,158.0,171.0,227.0,197.0,47.0,40.0,48.0,140.0,362.0,155.0,Jawaharlal_Nehru_Stadium_Delhi_DPCC,2024
5.0,345.0,168.0,154.0,142.0,235.0,,53.0,38.0,56.0,130.0,345.0,145.0,Jawaharlal_Nehru_Stadium_Delhi_DPCC,2024
6.0,318.0,116.0,177.0,174.0,207.0,152.0,47.0,48.0,61.0,168.0,305.0,155.0,Jawaharlal_Nehru_Stadium_Delhi_DPCC,2024
7.0,336.0,148.0,133.0,168.0,230.0,219.0,39.0,53.0,49.0,112.0,357.0,209.0,Jawaharlal_Nehru_Stadium_Delhi_DPCC,2024
8.0,330.0,141.0,116.0,164.0,191.0,217.0,40.0,46.0,,143.0,357.0,277.0,Jawaharlal_Nehru_Stadium_Delhi_DPCC,2024
9.0,363.0,104.0,112.0,220.0,196.0,228.0,66.0,46.0,77.0,140.0,334.0,150.0,Jawaharlal_Nehru_Stadium_Delhi_DPCC,2024
10.0,262.0,289.0,237.0,163.0,218.0,221.0,100.0,45.0,82.0,119.0,323.0,224.0,Jawaharlal_Nehru_Stadium_Delhi_DPCC,2024
11.0,352.0,326.0,149.0,255.0,201.0,182.0,87.0,56.0,48.0,128.0,317.0,198.0,Jawaharlal_Nehru_Stadium_Delhi_DPCC,2024
12.0,339.0,318.0,200.0,177.0,147.0,245.0,84.0,41.0,40.0,138.0,294.0,301.0,Jawaharlal_Nehru_Stadium_Delhi_DPCC,2024
13.0,392.0,341.0,,138.0,156.0,190.0,80.0,44.0,48.0,170.0,397.0,265.0,Jawaharlal_Nehru_Stadium_Delhi_DPCC,2024
14.0,474.0,335.0,142.0,113.0,185.0,171.0,79.0,56.0,40.0,172.0,394.0,172.0,Jawaharlal_Nehru_Stadium_Delhi_DPCC,2024
15.0,371.0,275.0,104.0,136.0,168.0,167.0,87.0,48.0,83.0,151.0,357.0,303.0,Jawaharlal_Nehru_Stadium_Delhi_DPCC,2024
16.0,362.0,262.0,122.0,158.0,174.0,165.0,70.0,52.0,105.0,186.0,389.0,377.0,Jawaharlal_Nehru_Stadium_Delhi_DPCC,2024
17.0,359.0,225.0,267.0,175.0,263.0,145.0,65.0,47.0,126.0,225.0,406.0,429.0,Jawaharlal_Nehru_Stadium_Delhi_DPCC,2024
18.0,298.0,232.0,172.0,146.0,216.0,179.0,71.0,53.0,81.0,210.0,495.0,449.0,Jawaharlal_Nehru_Stadium_Delhi_DPCC,2024
19.0,350.0,208.0,192.0,136.0,182.0,261.0,92.0,53.0,66.0,218.0,446.0,445.0,Jawaharlal_Nehru_Stadium_Delhi_DPCC,2024
20.0,327.0,222.0,196.0,178.0,180.0,239.0,79.0,44.0,68.0,223.0,,419.0,Jawaharlal_Nehru_Stadium_Delhi_DPCC,2024
21.0,362.0,229.0,136.0,135.0,191.0,138.0,77.0,53.0,72.0,250.0,350.0,364.0,Jawaharlal_Nehru_Stadium_Delhi_DPCC,2024
22.0,333.0,128.0,167.0,175.0,163.0,184.0,63.0,58.0,112.0,273.0,362.0,399.0,Jawaharlal_Nehru_Stadium_Delhi_DPCC,2024
23.0,362.0,113.0,168.0,200.0,155.0,116.0,70.0,52.0,116.0,311.0,371.0,402.0,Jawaharlal_Nehru_Stadium_Delhi_DPCC,2024
24.0,409.0,184.0,151.0,182.0,179.0,109.0,165.0,73.0,130.0,253.0,291.0,367.0,Jawaharlal_Nehru_Stadium_Delhi_DPCC,2024
25.0,330.0,170.0,162.0,176.0,260.0,94.0,68.0,51.0,152.0,212.0,316.0,319.0,Jawaharlal_Nehru_Stadium_Delhi_DPCC,2024
26.0,443.0,151.0,156.0,247.0,203.0,103.0,62.0,45.0,69.0,192.0,327.0,346.0,Jawaharlal_Nehru_Stadium_Delhi_DPCC,2024
27.0,389.0,129.0,245.0,129.0,161.0,57.0,89.0,47.0,48.0,306.0,269.0,,Jawaharlal_Nehru_Stadium_Delhi_DPCC,2024
28.0,368.0,109.0,118.0,164.0,240.0,48.0,54.0,,50.0,258.0,288.0,,Jawaharlal_Nehru_Stadium_Delhi_DPCC,2024
29.0,352.0,177.0,269.0,155.0,187.0,87.0,48.0,44.0,68.0,213.0,283.0,216.0,Jawaharlal_Nehru_Stadium_Delhi_DPCC,2024
30.0,361.0,,250.0,223.0,230.0,73.0,65.0,76.0,92.0,255.0,322.0,163.0,Jawaharlal_Nehru_Stadium_Delhi_DPCC,2024
31.0,412.0,,207.0,,140.0,,67.0,64.0,,296.0,,267.0,Jawaharlal_Nehru_Stadium_Delhi_DPCC,2024
,,,,,,,,,,,,,Jawaharlal_Nehru_Stadium_Delhi_DPCC,2024
,,,,,,1.0,5.0,15.0,8.0,,,,Jawaharlal_Nehru_Stadium_Delhi_DPCC,2024
,,,,,,4.0,25.0,15.0,15.0,,,,Jawaharlal_Nehru_Stadium_Delhi_DPCC,2024
,,15.0,23.0,26.0,17.0,16.0,1.0,,6.0,17.0,,7.0,Jawaharlal_Nehru_Stadium_Delhi_DPCC,2024
,2.0,10.0,7.0,4.0,14.0,8.0,,,,12.0,5.0,9.0,Jawaharlal_Nehru_Stadium_Delhi_DPCC,2024
,25.0,4.0,,,,,,,,2.0,21.0,8.0,Jawaharlal_Nehru_Stadium_Delhi_DPCC,2024
,4.0,,,,,,,,,,3.0,5.0,Jawaharlal_Nehru_Stadium_Delhi_DPCC,2024
,,,1.0,,,1.0,,1.0,1.0,,1.0,2.0,Jawaharlal_Nehru_Stadium_Delhi_DPCC,2024
,,,,,,,,,,,,,Jawaharlal_Nehru_Stadium_Delhi_DPCC,2024
,100.0,100.0,96.0,100.0,100.0,96.0,100.0,96.0,96.0,100.0,96.0,93.0,Jawaharlal_Nehru_Stadium_Delhi_DPCC,2024
1.0,320.0,110.0,157.0,94.0,128.0,169.0,,52.0,,111.0,311.0,230.0,Lodhi_Road_Delhi_IMD,2024
2.0,325.0,117.0,83.0,90.0,135.0,121.0,81.0,,,137.0,285.0,243.0,Lodhi_Road_Delhi_IMD,2024
3.0,275.0,86.0,,103.0,187.0,122.0,82.0,44.0,,,349.0,216.0,Lodhi_Road_Delhi_IMD,2024
4.0,340.0,163.0,97.0,118.0,230.0,154.0,34.0,42.0,,109.0,345.0,164.0,Lodhi_Road_Delhi_IMD,2024
5.0,313.0,109.0,93.0,117.0,206.0,178.0,54.0,,,101.0,336.0,128.0,Lodhi_Road_Delhi_IMD,2024
6.0,,99.0,,118.0,177.0,141.0,46.0,,,97.0,306.0,126.0,Lodhi_Road_Delhi_IMD,2024
7.0,291.0,118.0,130.0,112.0,221.0,210.0,30.0,35.0,39.0,80.0,336.0,148.0,Lodhi_Road_Delhi_IMD,2024
8.0,309.0,112.0,100.0,108.0,176.0,,,40.0,64.0,115.0,,180.0,Lodhi_Road_Delhi_IMD,2024
9.0,325.0,95.0,,108.0,138.0,,68.0,,,123.0,323.0,119.0,Lodhi_Road_Delhi_IMD,2024
10.0,221.0,174.0,142.0,140.0,133.0,,95.0,,,92.0,317.0,136.0,Lodhi_Road_Delhi_IMD,2024
11.0,318.0,216.0,158.0,135.0,,137.0,87.0,,45.0,122.0,313.0,146.0,Lodhi_Road_Delhi_IMD,2024
12.0,,190.0,124.0,118.0,131.0,120.0,89.0,,31.0,100.0,283.0,202.0,Lodhi_Road_Delhi_IMD,2024
13.0,359.0,247.0,108.0,,192.0,131.0,80.0,38.0,,185.0,376.0,171.0,Lodhi_Road_Delhi_IMD,2024
14.0,459.0,288.0,135.0,88.0,150.0,131.0,70.0,,,177.0,383.0,,Lodhi_Road_Delhi_IMD,2024
15.0,325.0,230.0,86.0,133.0,167.0,138.0,86.0,40.0,76.0,120.0,338.0,189.0,Lodhi_Road_Delhi_IMD,2024
16.0,342.0,218.0,102.0,,171.0,146.0,,39.0,98.0,163.0,367.0,255.0,Lodhi_Road_Delhi_IMD,2024
17.0,348.0,172.0,116.0,,164.0,124.0,70.0,,,,393.0,381.0,Lodhi_Road_Delhi_IMD,2024
18.0,279.0,189.0,125.0,112.0,175.0,148.0,79.0,50.0,,237.0,491.0,403.0,Lodhi_Road_Delhi_IMD,2024
19.0,332.0,167.0,200.0,130.0,183.0,228.0,91.0,49.0,32.0,207.0,437.0,397.0,Lodhi_Road_Delhi_IMD,2024
20.0,303.0,,177.0,143.0,187.0,139.0,86.0,39.0,57.0,219.0,379.0,392.0,Lodhi_Road_Delhi_IMD,2024
21.0,321.0,202.0,118.0,94.0,176.0,146.0,86.0,,62.0,290.0,311.0,333.0,Lodhi_Road_Delhi_IMD,2024
22.0,,113.0,119.0,79.0,148.0,129.0,70.0,,97.0,277.0,298.0,351.0,Lodhi_Road_Delhi_IMD,2024
23.0,,98.0,156.0,104.0,119.0,110.0,65.0,,133.0,,,379.0,Lodhi_Road_Delhi_IMD,2024
24.0,392.0,114.0,123.0,118.0,116.0,102.0,,,164.0,,261.0,351.0,Lodhi_Road_Delhi_IMD,2024
25.0,293.0,149.0,123.0,119.0,118.0,89.0,79.0,,195.0,240.0,294.0,295.0,Lodhi_Road_Delhi_IMD,2024
26.0,404.0,107.0,80.0,113.0,119.0,106.0,56.0,43.0,57.0,223.0,304.0,318.0,Lodhi_Road_Delhi_IMD,2024
27.0,351.0,110.0,109.0,135.0,147.0,48.0,,40.0,42.0,313.0,258.0,327.0,Lodhi_Road_Delhi_IMD,2024
28.0,323.0,94.0,109.0,131.0,214.0,58.0,66.0,45.0,35.0,256.0,262.0,85.0,Lodhi_Road_Delhi_IMD,2024
29.0,321.0,97.0,116.0,162.0,193.0,,65.0,40.0,,220.0,251.0,160.0,Lodhi_Road_Delhi_IMD,2024
30.0,309.0,,134.0,143.0,159.0,58.0,77.0,,81.0,255.0,283.0,136.0,Lodhi_Road_Delhi_IMD,2024
31.0,312.0,,180.0,,118.0,,64.0,,,299.0,,,Lodhi_Road_Delhi_IMD,2024
,,,,,,,,,,,,,Lodhi_Road_Delhi_IMD,2024
,,,,,,1.0,3.0,14.0,6.0,,,,Lodhi_Road_Delhi_IMD,2024
,,6.0,6.0,5.0,,3.0,23.0,1.0,8.0,4.0,,1.0,Lodhi_Road_Delhi_IMD,2024
,,16.0,22.0,22.0,26.0,20.0,,,3.0,11.0,,12.0,Lodhi_Road_Delhi_IMD,2024
,5.0,6.0,,,4.0,2.0,,,,11.0,9.0,6.0,Lodhi_Road_Delhi_IMD,2024
,20.0,,,,,,,,,1.0,17.0,9.0,Lodhi_Road_Delhi_IMD,2024
,2.0,,,,,,,,,,2.0,1.0,Lodhi_Road_Delhi_IMD,2024
,4.0,1.0,3.0,3.0,1.0,4.0,5.0,16.0,13.0,4.0,2.0,2.0,Lodhi_Road_Delhi_IMD,2024
,,,,,,,,,,,,,Lodhi_Road_Delhi_IMD,2024
,87.0,96.0,90.0,90.0,96.0,86.0,83.0,48.0,56.0,87.0,93.0,93.0,Lodhi_Road_Delhi_IMD,2024
1.0,338.0,196.0,235.0,123.0,234.0,296.0,98.0,100.0,69.0,174.0,284.0,281.0,Narela_Delhi_DPCC,2024
2.0,341.0,226.0,151.0,153.0,219.0,169.0,164.0,150.0,94.0,174.0,293.0,274.0,Narela_Delhi_DPCC,2024
3.0,339.0,,161.0,173.0,306.0,153.0,115.0,65.0,100.0,160.0,370.0,256.0,Narela_Delhi_DPCC,2024
4.0,375.0,,159.0,150.0,302.0,212.0,94.0,62.0,72.0,205.0,388.0,130.0,Narela_Delhi_DPCC,2024
5.0,296.0,211.0,94.0,160.0,314.0,304.0,96.0,54.0,54.0,141.0,385.0,149.0,Narela_Delhi_DPCC,2024
6.0,325.0,121.0,122.0,175.0,290.0,205.0,98.0,60.0,112.0,75.0,374.0,196.0,Narela_Delhi_DPCC,2024
7.0,369.0,151.0,187.0,196.0,363.0,241.0,50.0,40.0,63.0,92.0,394.0,247.0,Narela_Delhi_DPCC,2024
8.0,361.0,162.0,195.0,207.0,311.0,238.0,53.0,53.0,77.0,162.0,396.0,310.0,Narela_Delhi_DPCC,2024
9.0,281.0,152.0,143.0,218.0,215.0,178.0,85.0,49.0,87.0,161.0,385.0,177.0,Narela_Delhi_DPCC,2024
10.0,261.0,306.0,176.0,253.0,251.0,163.0,156.0,56.0,97.0,126.0,345.0,214.0,Narela_Delhi_DPCC,2024
11.0,340.0,308.0,220.0,299.0,195.0,232.0,171.0,60.0,72.0,128.0,357.0,159.0,Narela_Delhi_DPCC,2024
12.0,331.0,284.0,211.0,256.0,239.0,230.0,113.0,46.0,70.0,169.0,335.0,280.0,Narela_Delhi_DPCC,2024
13.0,401.0,345.0,199.0,250.0,240.0,220.0,112.0,61.0,51.0,218.0,419.0,267.0,Narela_Delhi_DPCC,2024
14.0,404.0,356.0,224.0,151.0,272.0,208.0,105.0,,102.0,235.0,438.0,160.0,Narela_Delhi_DPCC,2024
15.0,312.0,309.0,119.0,223.0,302.0,200.0,115.0,78.0,90.0,216.0,441.0,184.0,Narela_Delhi_DPCC,2024
16.0,373.0,288.0,183.0,270.0,292.0,219.0,127.0,49.0,128.0,250.0,452.0,358.0,Narela_Delhi_DPCC,2024
17.0,422.0,273.0,210.0,159.0,287.0,191.0,124.0,54.0,140.0,301.0,443.0,468.0,Narela_Delhi_DPCC,2024
18.0,362.0,270.0,238.0,181.0,308.0,219.0,142.0,66.0,123.0,339.0,494.0,437.0,Narela_Delhi_DPCC,2024
19.0,372.0,297.0,253.0,226.0,277.0,386.0,113.0,62.0,65.0,327.0,473.0,464.0,Narela_Delhi_DPCC,2024
20.0,349.0,277.0,230.0,200.0,275.0,177.0,120.0,36.0,112.0,297.0,447.0,402.0,Narela_Delhi_DPCC,2024
21.0,336.0,239.0,184.0,145.0,293.0,188.0,174.0,58.0,152.0,318.0,387.0,361.0,Narela_Delhi_DPCC,2024
22.0,341.0,174.0,236.0,120.0,242.0,183.0,150.0,71.0,120.0,338.0,402.0,396.0,Narela_Delhi_DPCC,2024
23.0,413.0,150.0,255.0,216.0,160.0,172.0,154.0,58.0,128.0,360.0,424.0,430.0,Narela_Delhi_DPCC,2024
24.0,426.0,186.0,234.0,229.0,162.0,154.0,120.0,102.0,174.0,299.0,351.0,356.0,Narela_Delhi_DPCC,2024
25.0,304.0,200.0,185.0,215.0,192.0,239.0,143.0,70.0,213.0,258.0,389.0,338.0,Narela_Delhi_DPCC,2024
26.0,373.0,214.0,142.0,185.0,232.0,195.0,133.0,61.0,106.0,264.0,359.0,341.0,Narela_Delhi_DPCC,2024
27.0,322.0,163.0,170.0,168.0,267.0,92.0,157.0,71.0,101.0,348.0,273.0,340.0,Narela_Delhi_DPCC,2024
28.0,339.0,141.0,146.0,175.0,304.0,103.0,171.0,70.0,67.0,274.0,341.0,114.0,Narela_Delhi_DPCC,2024
29.0,382.0,175.0,168.0,276.0,268.0,124.0,138.0,48.0,82.0,322.0,364.0,183.0,Narela_Delhi_DPCC,2024
30.0,337.0,,248.0,183.0,265.0,128.0,157.0,91.0,125.0,304.0,330.0,128.0,Narela_Delhi_DPCC,2024
31.0,354.0,,199.0,,217.0,,158.0,75.0,,295.0,,294.0,Narela_Delhi_DPCC,2024
,,,,,,,,,,,,,Narela_Delhi_DPCC,2024
,,,,,,,1.0,6.0,,,,,Narela_Delhi_DPCC,2024
,,,1.0,,,1.0,6.0,22.0,16.0,2.0,,,Narela_Delhi_DPCC,2024
,,12.0,18.0,17.0,4.0,15.0,24.0,2.0,13.0,9.0,,10.0,Narela_Delhi_DPCC,2024
,3.0,10.0,12.0,13.0,19.0,12.0,,,1.0,11.0,3.0,8.0,Narela_Delhi_DPCC,2024
,23.0,5.0,,,8.0,2.0,,,,9.0,17.0,8.0,Narela_Delhi_DPCC,2024
,5.0,,,,,,,,,,10.0,5.0,Narela_Delhi_DPCC,2024
,,2.0,,,,,,1.0,,,,,Narela_Delhi_DPCC,2024
,,,,,,,,,,,,,Narela_Delhi_DPCC,2024
,100.0,93.0,100.0,100.0,100.0,100.0,100.0,96.0,100.0,100.0,100.0,100.0,Narela_Delhi_DPCC,2024
1.0,222.0,191.0,215.0,119.0,176.0,229.0,,,,127.0,353.0,258.0,North_Campus_DU_Delhi_IMD,2024
2.0,,,138.0,128.0,165.0,155.0,81.0,,,152.0,358.0,261.0,North_Campus_DU_Delhi_IMD,2024
3.0,,217.0,,,262.0,136.0,54.0,62.0,88.0,139.0,395.0,251.0,North_Campus_DU_Delhi_IMD,2024
4.0,370.0,,132.0,,,210.0,54.0,55.0,48.0,161.0,400.0,145.0,North_Campus_DU_Delhi_IMD,2024
5.0,,,125.0,,,,73.0,,98.0,151.0,375.0,144.0,North_Campus_DU_Delhi_IMD,2024
6.0,,156.0,,,,,49.0,,77.0,147.0,362.0,153.0,North_Campus_DU_Delhi_IMD,2024
7.0,346.0,169.0,,172.0,300.0,,42.0,,64.0,117.0,380.0,211.0,North_Campus_DU_Delhi_IMD,2024
8.0,357.0,165.0,145.0,205.0,223.0,218.0,44.0,46.0,85.0,151.0,,270.0,North_Campus_DU_Delhi_IMD,2024
9.0,339.0,151.0,,196.0,152.0,136.0,64.0,67.0,99.0,138.0,343.0,166.0,North_Campus_DU_Delhi_IMD,2024
10.0,279.0,288.0,175.0,,138.0,137.0,127.0,180.0,88.0,118.0,334.0,178.0,North_Campus_DU_Delhi_IMD,2024
11.0,,324.0,192.0,,,184.0,103.0,,,119.0,373.0,151.0,North_Campus_DU_Delhi_IMD,2024
12.0,,306.0,,,,,96.0,,56.0,122.0,356.0,251.0,North_Campus_DU_Delhi_IMD,2024
13.0,403.0,353.0,186.0,,,176.0,,146.0,31.0,254.0,431.0,267.0,North_Campus_DU_Delhi_IMD,2024
14.0,427.0,,215.0,136.0,,149.0,,66.0,,230.0,404.0,,North_Campus_DU_Delhi_IMD,2024
15.0,355.0,,142.0,,235.0,144.0,95.0,66.0,,171.0,384.0,264.0,North_Campus_DU_Delhi_IMD,2024
16.0,373.0,279.0,154.0,,238.0,164.0,100.0,58.0,126.0,190.0,447.0,376.0,North_Campus_DU_Delhi_IMD,2024
17.0,378.0,261.0,163.0,,208.0,151.0,77.0,154.0,,288.0,422.0,444.0,North_Campus_DU_Delhi_IMD,2024
18.0,329.0,277.0,188.0,,265.0,170.0,80.0,73.0,98.0,278.0,500.0,439.0,North_Campus_DU_Delhi_IMD,2024
19.0,378.0,237.0,209.0,,225.0,306.0,109.0,74.0,48.0,247.0,,450.0,North_Campus_DU_Delhi_IMD,2024
20.0,328.0,252.0,212.0,217.0,192.0,,84.0,211.0,99.0,265.0,408.0,411.0,North_Campus_DU_Delhi_IMD,2024
21.0,359.0,300.0,156.0,137.0,208.0,146.0,87.0,147.0,115.0,319.0,334.0,,North_Campus_DU_Delhi_IMD,2024
22.0,,168.0,,140.0,173.0,,73.0,168.0,332.0,320.0,378.0,399.0,North_Campus_DU_Delhi_IMD,2024
23.0,373.0,147.0,239.0,,125.0,163.0,97.0,163.0,159.0,,,412.0,North_Campus_DU_Delhi_IMD,2024
24.0,391.0,187.0,178.0,153.0,116.0,207.0,79.0,95.0,184.0,,314.0,354.0,North_Campus_DU_Delhi_IMD,2024
25.0,350.0,189.0,178.0,177.0,132.0,159.0,85.0,110.0,249.0,256.0,346.0,325.0,North_Campus_DU_Delhi_IMD,2024
26.0,,162.0,125.0,,,111.0,72.0,160.0,76.0,262.0,324.0,327.0,North_Campus_DU_Delhi_IMD,2024
27.0,,,141.0,,,66.0,,89.0,301.0,357.0,278.0,319.0,North_Campus_DU_Delhi_IMD,2024
28.0,,,132.0,,219.0,56.0,,182.0,44.0,295.0,289.0,,North_Campus_DU_Delhi_IMD,2024
29.0,,,168.0,,204.0,120.0,,63.0,57.0,244.0,281.0,202.0,North_Campus_DU_Delhi_IMD,2024
30.0,,,161.0,,199.0,87.0,69.0,112.0,119.0,296.0,292.0,116.0,North_Campus_DU_Delhi_IMD,2024
31.0,,,236.0,,152.0,,103.0,83.0,,331.0,,,North_Campus_DU_Delhi_IMD,2024
,,,,,,,,,,,,,North_Campus_DU_Delhi_IMD,2024
,,,,,,,3.0,1.0,4.0,,,,North_Campus_DU_Delhi_IMD,2024
,,,,,,3.0,18.0,12.0,12.0,,,,North_Campus_DU_Delhi_IMD,2024
,,10.0,19.0,9.0,11.0,16.0,4.0,10.0,5.0,14.0,,7.0,North_Campus_DU_Delhi_IMD,2024
,2.0,8.0,6.0,2.0,11.0,4.0,,1.0,1.0,11.0,4.0,9.0,North_Campus_DU_Delhi_IMD,2024
,14.0,3.0,,,,1.0,,,2.0,4.0,17.0,6.0,North_Campus_DU_Delhi_IMD,2024
,2.0,,,,,,,,,,6.0,5.0,North_Campus_DU_Delhi_IMD,2024
,13.0,8.0,6.0,19.0,9.0,6.0,6.0,7.0,6.0,2.0,3.0,4.0,North_Campus_DU_Delhi_IMD,2024
,,,,,,,,,,,,,North_Campus_DU_Delhi_IMD,2024
,58.0,72.0,80.0,36.0,70.0,80.0,80.0,77.0,80.0,93.0,90.0,87.0,North_Campus_DU_Delhi_IMD,2024
1.0,358.0,178.0,220.0,170.0,227.0,310.0,147.0,50.0,115.0,156.0,336.0,290.0,NSIT_Dwarka_Delhi_CPCB,2024
2.0,355.0,194.0,112.0,233.0,291.0,234.0,157.0,65.0,72.0,164.0,302.0,238.0,NSIT_Dwarka_Delhi_CPCB,2024
3.0,352.0,165.0,145.0,169.0,353.0,181.0,125.0,68.0,68.0,,413.0,273.0,NSIT_Dwarka_Delhi_CPCB,2024
4.0,366.0,286.0,186.0,244.0,378.0,256.0,61.0,68.0,68.0,170.0,414.0,212.0,NSIT_Dwarka_Delhi_CPCB,2024
5.0,321.0,113.0,202.0,222.0,328.0,270.0,106.0,61.0,53.0,133.0,409.0,183.0,NSIT_Dwarka_Delhi_CPCB,2024
6.0,277.0,130.0,198.0,258.0,307.0,204.0,63.0,55.0,61.0,129.0,449.0,179.0,NSIT_Dwarka_Delhi_CPCB,2024
7.0,322.0,236.0,270.0,277.0,329.0,267.0,52.0,56.0,53.0,128.0,348.0,176.0,NSIT_Dwarka_Delhi_CPCB,2024
8.0,345.0,152.0,259.0,277.0,206.0,270.0,53.0,42.0,56.0,145.0,321.0,218.0,NSIT_Dwarka_Delhi_CPCB,2024
9.0,347.0,140.0,261.0,259.0,162.0,172.0,91.0,51.0,81.0,187.0,362.0,145.0,NSIT_Dwarka_Delhi_CPCB,2024
10.0,285.0,338.0,270.0,269.0,147.0,168.0,169.0,58.0,99.0,142.0,347.0,147.0,NSIT_Dwarka_Delhi_CPCB,2024
11.0,355.0,314.0,275.0,271.0,,209.0,108.0,61.0,61.0,152.0,393.0,170.0,NSIT_Dwarka_Delhi_CPCB,2024
12.0,339.0,283.0,,287.0,142.0,189.0,135.0,46.0,65.0,154.0,331.0,224.0,NSIT_Dwarka_Delhi_CPCB,2024
13.0,434.0,340.0,,251.0,286.0,122.0,63.0,44.0,53.0,217.0,397.0,214.0,NSIT_Dwarka_Delhi_CPCB,2024
14.0,,339.0,210.0,122.0,280.0,182.0,150.0,69.0,53.0,199.0,442.0,127.0,NSIT_Dwarka_Delhi_CPCB,2024
15.0,363.0,270.0,138.0,169.0,347.0,215.0,62.0,62.0,104.0,203.0,391.0,177.0,NSIT_Dwarka_Delhi_CPCB,2024
16.0,435.0,258.0,195.0,215.0,294.0,219.0,57.0,50.0,123.0,238.0,386.0,261.0,NSIT_Dwarka_Delhi_CPCB,2024
17.0,384.0,236.0,261.0,223.0,307.0,173.0,59.0,50.0,153.0,268.0,440.0,300.0,NSIT_Dwarka_Delhi_CPCB,2024
18.0,326.0,231.0,251.0,188.0,334.0,241.0,62.0,62.0,124.0,288.0,498.0,382.0,NSIT_Dwarka_Delhi_CPCB,2024
19.0,332.0,212.0,272.0,,346.0,329.0,86.0,101.0,54.0,296.0,428.0,388.0,NSIT_Dwarka_Delhi_CPCB,2024
20.0,338.0,165.0,298.0,341.0,332.0,180.0,97.0,55.0,97.0,248.0,396.0,363.0,NSIT_Dwarka_Delhi_CPCB,2024
21.0,325.0,234.0,224.0,259.0,263.0,181.0,79.0,65.0,120.0,254.0,341.0,277.0,NSIT_Dwarka_Delhi_CPCB,2024
22.0,322.0,158.0,196.0,190.0,181.0,,69.0,92.0,146.0,289.0,360.0,319.0,NSIT_Dwarka_Delhi_CPCB,2024
23.0,365.0,142.0,301.0,,161.0,145.0,84.0,68.0,153.0,398.0,397.0,262.0,NSIT_Dwarka_Delhi_CPCB,2024
24.0,406.0,257.0,243.0,203.0,140.0,,106.0,100.0,186.0,356.0,273.0,270.0,NSIT_Dwarka_Delhi_CPCB,2024
25.0,285.0,255.0,226.0,251.0,139.0,114.0,144.0,102.0,158.0,299.0,274.0,260.0,NSIT_Dwarka_Delhi_CPCB,2024
26.0,382.0,262.0,102.0,269.0,235.0,,89.0,57.0,76.0,275.0,318.0,247.0,NSIT_Dwarka_Delhi_CPCB,2024
27.0,352.0,212.0,255.0,188.0,205.0,67.0,139.0,49.0,54.0,333.0,277.0,271.0,NSIT_Dwarka_Delhi_CPCB,2024
28.0,344.0,233.0,204.0,210.0,296.0,64.0,84.0,49.0,50.0,274.0,278.0,,NSIT_Dwarka_Delhi_CPCB,2024
29.0,334.0,196.0,208.0,263.0,284.0,95.0,74.0,50.0,70.0,208.0,355.0,114.0,NSIT_Dwarka_Delhi_CPCB,2024
30.0,284.0,,244.0,229.0,305.0,95.0,91.0,61.0,129.0,254.0,357.0,112.0,NSIT_Dwarka_Delhi_CPCB,2024
31.0,333.0,,327.0,,250.0,,79.0,98.0,,315.0,,136.0,NSIT_Dwarka_Delhi_CPCB,2024
,,,,,,,,,,,,,NSIT_Dwarka_Delhi_CPCB,2024
,,,,,,,,9.0,1.0,,,,NSIT_Dwarka_Delhi_CPCB,2024
,,,,,,4.0,20.0,20.0,18.0,,,,NSIT_Dwarka_Delhi_CPCB,2024
,,11.0,8.0,7.0,7.0,11.0,11.0,2.0,11.0,12.0,,11.0,NSIT_Dwarka_Delhi_CPCB,2024
,4.0,14.0,19.0,20.0,12.0,10.0,,,,14.0,4.0,15.0,NSIT_Dwarka_Delhi_CPCB,2024
,23.0,4.0,2.0,1.0,11.0,2.0,,,,4.0,18.0,4.0,NSIT_Dwarka_Delhi_CPCB,2024
,3.0,,,,,,,,,,8.0,,NSIT_Dwarka_Delhi_CPCB,2024
,1.0,,2.0,2.0,1.0,3.0,,,,1.0,,1.0,NSIT_Dwarka_Delhi_CPCB,2024
,,,,,,,,,,,,,NSIT_Dwarka_Delhi_CPCB,2024
,96.0,100.0,93.0,93.0,96.0,90.0,100.0,100.0,100.0,96.0,100.0,96.0,NSIT_Dwarka_Delhi_CPCB,2024
1.0,364.0,168.0,206.0,120.0,179.0,252.0,96.0,51.0,92.0,133.0,329.0,295.0,Okhla_Phase-2_Delhi_DPCC,2024
2.0,373.0,263.0,115.0,127.0,160.0,164.0,114.0,62.0,78.0,165.0,327.0,283.0,Okhla_Phase-2_Delhi_DPCC,2024
3.0,365.0,206.0,114.0,178.0,258.0,141.0,101.0,62.0,81.0,154.0,400.0,264.0,Okhla_Phase-2_Delhi_DPCC,2024
4.0,397.0,279.0,118.0,182.0,269.0,218.0,54.0,55.0,72.0,212.0,385.0,170.0,Okhla_Phase-2_Delhi_DPCC,2024
5.0,360.0,196.0,118.0,160.0,269.0,269.0,69.0,49.0,71.0,144.0,383.0,145.0,Okhla_Phase-2_Delhi_DPCC,2024
6.0,346.0,135.0,110.0,153.0,227.0,191.0,56.0,64.0,101.0,130.0,349.0,169.0,Okhla_Phase-2_Delhi_DPCC,2024
7.0,363.0,153.0,154.0,151.0,314.0,245.0,48.0,67.0,55.0,118.0,391.0,232.0,Okhla_Phase-2_Delhi_DPCC,2024
8.0,384.0,147.0,124.0,164.0,236.0,249.0,44.0,58.0,84.0,144.0,396.0,319.0,Okhla_Phase-2_Delhi_DPCC,2024
9.0,394.0,116.0,121.0,234.0,173.0,152.0,85.0,54.0,100.0,139.0,355.0,151.0,Okhla_Phase-2_Delhi_DPCC,2024
10.0,306.0,297.0,153.0,251.0,163.0,143.0,125.0,50.0,118.0,132.0,331.0,258.0,Okhla_Phase-2_Delhi_DPCC,2024
11.0,371.0,345.0,191.0,267.0,220.0,217.0,119.0,58.0,68.0,125.0,344.0,202.0,Okhla_Phase-2_Delhi_DPCC,2024
12.0,362.0,328.0,188.0,232.0,213.0,206.0,104.0,,51.0,131.0,336.0,286.0,Okhla_Phase-2_Delhi_DPCC,2024
13.0,438.0,357.0,146.0,235.0,230.0,208.0,101.0,62.0,82.0,215.0,408.0,275.0,Okhla_Phase-2_Delhi_DPCC,2024
14.0,468.0,380.0,190.0,134.0,214.0,181.0,,74.0,71.0,214.0,441.0,175.0,Okhla_Phase-2_Delhi_DPCC,2024
15.0,392.0,289.0,118.0,187.0,228.0,171.0,101.0,73.0,104.0,163.0,396.0,298.0,Okhla_Phase-2_Delhi_DPCC,2024
16.0,405.0,272.0,171.0,225.0,269.0,189.0,89.0,56.0,132.0,192.0,396.0,387.0,Okhla_Phase-2_Delhi_DPCC,2024
17.0,365.0,231.0,180.0,121.0,219.0,159.0,81.0,85.0,152.0,302.0,422.0,458.0,Okhla_Phase-2_Delhi_DPCC,2024
18.0,336.0,266.0,183.0,161.0,289.0,190.0,96.0,79.0,98.0,303.0,497.0,466.0,Okhla_Phase-2_Delhi_DPCC,2024
19.0,364.0,210.0,198.0,187.0,218.0,284.0,129.0,97.0,60.0,297.0,444.0,466.0,Okhla_Phase-2_Delhi_DPCC,2024
20.0,337.0,251.0,204.0,251.0,225.0,169.0,98.0,69.0,108.0,247.0,405.0,455.0,Okhla_Phase-2_Delhi_DPCC,2024
21.0,399.0,267.0,182.0,128.0,263.0,178.0,98.0,159.0,100.0,309.0,371.0,380.0,Okhla_Phase-2_Delhi_DPCC,2024
22.0,352.0,152.0,151.0,112.0,191.0,160.0,83.0,59.0,131.0,315.0,402.0,418.0,Okhla_Phase-2_Delhi_DPCC,2024
23.0,382.0,126.0,237.0,175.0,149.0,128.0,91.0,82.0,136.0,359.0,398.0,419.0,Okhla_Phase-2_Delhi_DPCC,2024
24.0,443.0,187.0,181.0,163.0,138.0,141.0,95.0,110.0,168.0,290.0,310.0,393.0,Okhla_Phase-2_Delhi_DPCC,2024
25.0,387.0,226.0,185.0,189.0,162.0,116.0,89.0,72.0,237.0,252.0,345.0,,Okhla_Phase-2_Delhi_DPCC,2024
26.0,480.0,142.0,110.0,206.0,156.0,126.0,77.0,59.0,74.0,218.0,336.0,374.0,Okhla_Phase-2_Delhi_DPCC,2024
27.0,,158.0,185.0,189.0,224.0,78.0,119.0,53.0,67.0,385.0,292.0,421.0,Okhla_Phase-2_Delhi_DPCC,2024
28.0,387.0,127.0,249.0,172.0,236.0,68.0,76.0,59.0,48.0,326.0,329.0,148.0,Okhla_Phase-2_Delhi_DPCC,2024
29.0,367.0,154.0,152.0,272.0,258.0,117.0,57.0,53.0,64.0,249.0,319.0,262.0,Okhla_Phase-2_Delhi_DPCC,2024
30.0,392.0,,199.0,176.0,233.0,97.0,87.0,112.0,123.0,300.0,357.0,217.0,Okhla_Phase-2_Delhi_DPCC,2024
31.0,437.0,,294.0,,193.0,,99.0,92.0,,333.0,,327.0,Okhla_Phase-2_Delhi_DPCC,2024
,,,,,,,,,,,,,Okhla_Phase-2_Delhi_DPCC,2024
,,,,,,,2.0,2.0,1.0,,,,Okhla_Phase-2_Delhi_DPCC,2024
,,,,,,3.0,19.0,25.0,18.0,,,,Okhla_Phase-2_Delhi_DPCC,2024
,,13.0,26.0,21.0,10.0,18.0,9.0,3.0,10.0,13.0,,6.0,Okhla_Phase-2_Delhi_DPCC,2024
,,12.0,5.0,9.0,20.0,9.0,,,1.0,10.0,1.0,11.0,Okhla_Phase-2_Delhi_DPCC,2024
,24.0,4.0,,,1.0,,,,,8.0,22.0,6.0,Okhla_Phase-2_Delhi_DPCC,2024
,6.0,,,,,,,,,,7.0,7.0,Okhla_Phase-2_Delhi_DPCC,2024
,1.0,,,,,,1.0,1.0,,,,1.0,Okhla_Phase-2_Delhi_DPCC,2024
,,,,,,,,,,,,,Okhla_Phase-2_Delhi_DPCC,2024
,96.0,100.0,100.0,100.0,100.0,100.0,96.0,96.0,100.0,100.0,100.0,96.0,Okhla_Phase-2_Delhi_DPCC,2024
1.0,355.0,57.0,194.0,130.0,222.0,277.0,103.0,32.0,98.0,155.0,346.0,293.0,Patparganj_Delhi_DPCC,2024
2.0,362.0,148.0,108.0,153.0,191.0,180.0,129.0,56.0,81.0,183.0,337.0,286.0,Patparganj_Delhi_DPCC,2024
3.0,350.0,157.0,112.0,219.0,268.0,,108.0,68.0,73.0,172.0,407.0,271.0,Patparganj_Delhi_DPCC,2024
4.0,405.0,262.0,163.0,196.0,282.0,253.0,50.0,53.0,65.0,239.0,403.0,176.0,Patparganj_Delhi_DPCC,2024
5.0,370.0,139.0,124.0,172.0,337.0,292.0,72.0,51.0,51.0,157.0,382.0,160.0,Patparganj_Delhi_DPCC,2024
6.0,343.0,140.0,117.0,188.0,,267.0,58.0,59.0,81.0,149.0,380.0,195.0,Patparganj_Delhi_DPCC,2024
7.0,376.0,159.0,156.0,175.0,,243.0,45.0,50.0,59.0,134.0,399.0,217.0,Patparganj_Delhi_DPCC,2024
8.0,389.0,145.0,141.0,175.0,283.0,272.0,53.0,47.0,103.0,167.0,402.0,328.0,Patparganj_Delhi_DPCC,2024
9.0,395.0,130.0,127.0,196.0,218.0,228.0,92.0,58.0,118.0,191.0,371.0,176.0,Patparganj_Delhi_DPCC,2024
10.0,305.0,332.0,209.0,251.0,208.0,209.0,136.0,65.0,105.0,146.0,351.0,247.0,Patparganj_Delhi_DPCC,2024
11.0,376.0,316.0,196.0,211.0,271.0,229.0,121.0,69.0,76.0,154.0,367.0,191.0,Patparganj_Delhi_DPCC,2024
12.0,373.0,300.0,179.0,276.0,,264.0,125.0,56.0,62.0,159.0,349.0,292.0,Patparganj_Delhi_DPCC,2024
13.0,436.0,313.0,152.0,210.0,255.0,208.0,121.0,58.0,33.0,262.0,430.0,268.0,Patparganj_Delhi_DPCC,2024
14.0,480.0,351.0,180.0,176.0,258.0,217.0,109.0,89.0,63.0,301.0,471.0,171.0,Patparganj_Delhi_DPCC,2024
15.0,390.0,254.0,126.0,197.0,266.0,193.0,118.0,61.0,116.0,225.0,421.0,317.0,Patparganj_Delhi_DPCC,2024
16.0,391.0,220.0,171.0,221.0,228.0,224.0,102.0,72.0,171.0,240.0,435.0,418.0,Patparganj_Delhi_DPCC,2024
17.0,370.0,221.0,183.0,140.0,251.0,205.0,94.0,72.0,205.0,350.0,443.0,457.0,Patparganj_Delhi_DPCC,2024
18.0,313.0,257.0,181.0,171.0,248.0,232.0,102.0,87.0,108.0,332.0,499.0,472.0,Patparganj_Delhi_DPCC,2024
19.0,359.0,232.0,227.0,207.0,278.0,375.0,132.0,91.0,55.0,301.0,466.0,458.0,Patparganj_Delhi_DPCC,2024
20.0,332.0,176.0,220.0,224.0,254.0,206.0,,56.0,100.0,291.0,430.0,450.0,Patparganj_Delhi_DPCC,2024
21.0,380.0,261.0,168.0,155.0,278.0,188.0,,81.0,111.0,313.0,370.0,383.0,Patparganj_Delhi_DPCC,2024
22.0,349.0,162.0,159.0,138.0,222.0,166.0,95.0,89.0,156.0,320.0,399.0,427.0,Patparganj_Delhi_DPCC,2024
23.0,376.0,145.0,199.0,184.0,181.0,139.0,103.0,78.0,173.0,385.0,414.0,,Patparganj_Delhi_DPCC,2024
24.0,421.0,166.0,182.0,172.0,166.0,140.0,99.0,107.0,216.0,310.0,335.0,386.0,Patparganj_Delhi_DPCC,2024
25.0,379.0,171.0,200.0,,167.0,123.0,114.0,77.0,264.0,286.0,356.0,348.0,Patparganj_Delhi_DPCC,2024
26.0,472.0,149.0,125.0,200.0,202.0,146.0,80.0,60.0,88.0,270.0,352.0,382.0,Patparganj_Delhi_DPCC,2024
27.0,395.0,163.0,176.0,186.0,271.0,78.0,122.0,59.0,70.0,367.0,317.0,393.0,Patparganj_Delhi_DPCC,2024
28.0,388.0,133.0,186.0,203.0,294.0,59.0,81.0,51.0,,324.0,351.0,172.0,Patparganj_Delhi_DPCC,2024
29.0,362.0,138.0,171.0,,276.0,126.0,74.0,46.0,68.0,282.0,349.0,297.0,Patparganj_Delhi_DPCC,2024
30.0,406.0,,170.0,205.0,264.0,211.0,88.0,98.0,131.0,309.0,330.0,218.0,Patparganj_Delhi_DPCC,2024
31.0,417.0,,240.0,,214.0,,102.0,109.0,,350.0,,315.0,Patparganj_Delhi_DPCC,2024
,,,,,,,,,,,,,Patparganj_Delhi_DPCC,2024
,,,,,,,2.0,4.0,1.0,,,,Patparganj_Delhi_DPCC,2024
,,1.0,,,,2.0,11.0,25.0,15.0,,,,Patparganj_Delhi_DPCC,2024
,,16.0,27.0,18.0,4.0,9.0,16.0,2.0,10.0,11.0,,7.0,Patparganj_Delhi_DPCC,2024
,,8.0,4.0,10.0,23.0,17.0,,,3.0,8.0,,9.0,Patparganj_Delhi_DPCC,2024
,24.0,4.0,,,1.0,1.0,,,,12.0,18.0,8.0,Patparganj_Delhi_DPCC,2024
,7.0,,,,,,,,,,12.0,6.0,Patparganj_Delhi_DPCC,2024
,,,,2.0,3.0,1.0,2.0,,1.0,,,1.0,Patparganj_Delhi_DPCC,2024
,,,,,,,,,,,,,Patparganj_Delhi_DPCC,2024
,100.0,100.0,100.0,93.0,90.0,96.0,93.0,100.0,96.0,100.0,100.0,96.0,Patparganj_Delhi_DPCC,2024
1.0,390.0,194.0,225.0,139.0,190.0,243.0,96.0,42.0,102.0,177.0,374.0,290.0,Punjabi_Bagh_Delhi_DPCC,2024
2.0,367.0,261.0,116.0,121.0,200.0,155.0,108.0,77.0,94.0,178.0,347.0,303.0,Punjabi_Bagh_Delhi_DPCC,2024
3.0,368.0,264.0,,165.0,254.0,149.0,109.0,89.0,106.0,147.0,425.0,289.0,Punjabi_Bagh_Delhi_DPCC,2024
4.0,409.0,339.0,134.0,150.0,301.0,209.0,74.0,72.0,76.0,170.0,403.0,181.0,Punjabi_Bagh_Delhi_DPCC,2024
5.0,370.0,226.0,116.0,138.0,342.0,253.0,114.0,69.0,150.0,137.0,390.0,160.0,Punjabi_Bagh_Delhi_DPCC,2024
6.0,345.0,151.0,147.0,158.0,242.0,177.0,84.0,60.0,111.0,134.0,382.0,211.0,Punjabi_Bagh_Delhi_DPCC,2024
7.0,373.0,173.0,193.0,188.0,314.0,223.0,69.0,54.0,84.0,,403.0,224.0,Punjabi_Bagh_Delhi_DPCC,2024
8.0,395.0,200.0,146.0,173.0,237.0,238.0,68.0,69.0,109.0,158.0,409.0,317.0,Punjabi_Bagh_Delhi_DPCC,2024
9.0,376.0,152.0,141.0,182.0,203.0,149.0,98.0,91.0,143.0,172.0,376.0,261.0,Punjabi_Bagh_Delhi_DPCC,2024
10.0,307.0,335.0,207.0,172.0,182.0,160.0,134.0,96.0,121.0,121.0,348.0,254.0,Punjabi_Bagh_Delhi_DPCC,2024
11.0,381.0,346.0,217.0,217.0,254.0,213.0,112.0,72.0,78.0,133.0,398.0,211.0,Punjabi_Bagh_Delhi_DPCC,2024
12.0,378.0,327.0,209.0,219.0,161.0,191.0,104.0,68.0,72.0,138.0,359.0,300.0,Punjabi_Bagh_Delhi_DPCC,2024
13.0,446.0,393.0,173.0,171.0,254.0,181.0,107.0,79.0,40.0,225.0,433.0,261.0,Punjabi_Bagh_Delhi_DPCC,2024
14.0,474.0,,219.0,160.0,241.0,156.0,115.0,106.0,62.0,245.0,460.0,216.0,Punjabi_Bagh_Delhi_DPCC,2024
15.0,379.0,324.0,115.0,256.0,250.0,,119.0,94.0,136.0,200.0,435.0,,Punjabi_Bagh_Delhi_DPCC,2024
16.0,411.0,300.0,171.0,251.0,237.0,188.0,124.0,,156.0,236.0,429.0,431.0,Punjabi_Bagh_Delhi_DPCC,2024
17.0,394.0,264.0,214.0,121.0,214.0,134.0,102.0,91.0,165.0,331.0,457.0,467.0,Punjabi_Bagh_Delhi_DPCC,2024
18.0,354.0,289.0,219.0,153.0,254.0,153.0,120.0,104.0,132.0,300.0,500.0,466.0,Punjabi_Bagh_Delhi_DPCC,2024
19.0,405.0,251.0,232.0,167.0,241.0,244.0,147.0,95.0,65.0,282.0,462.0,469.0,Punjabi_Bagh_Delhi_DPCC,2024
20.0,351.0,263.0,242.0,197.0,219.0,143.0,117.0,66.0,120.0,286.0,442.0,447.0,Punjabi_Bagh_Delhi_DPCC,2024
21.0,394.0,235.0,161.0,131.0,244.0,140.0,108.0,82.0,134.0,340.0,402.0,388.0,Punjabi_Bagh_Delhi_DPCC,2024
22.0,353.0,149.0,138.0,118.0,182.0,200.0,74.0,93.0,170.0,363.0,409.0,444.0,Punjabi_Bagh_Delhi_DPCC,2024
23.0,405.0,150.0,238.0,191.0,160.0,123.0,116.0,80.0,190.0,374.0,436.0,416.0,Punjabi_Bagh_Delhi_DPCC,2024
24.0,453.0,202.0,192.0,170.0,132.0,132.0,101.0,138.0,253.0,217.0,333.0,399.0,Punjabi_Bagh_Delhi_DPCC,2024
25.0,358.0,217.0,211.0,186.0,139.0,,123.0,105.0,268.0,292.0,375.0,370.0,Punjabi_Bagh_Delhi_DPCC,2024
26.0,435.0,191.0,165.0,152.0,143.0,142.0,91.0,101.0,92.0,308.0,364.0,367.0,Punjabi_Bagh_Delhi_DPCC,2024
27.0,384.0,152.0,166.0,147.0,196.0,79.0,158.0,84.0,72.0,367.0,323.0,362.0,Punjabi_Bagh_Delhi_DPCC,2024
28.0,402.0,148.0,130.0,153.0,207.0,78.0,91.0,73.0,64.0,334.0,344.0,174.0,Punjabi_Bagh_Delhi_DPCC,2024
29.0,392.0,128.0,176.0,207.0,,114.0,81.0,67.0,85.0,304.0,370.0,258.0,Punjabi_Bagh_Delhi_DPCC,2024
30.0,399.0,,163.0,172.0,212.0,113.0,96.0,160.0,135.0,314.0,374.0,194.0,Punjabi_Bagh_Delhi_DPCC,2024
31.0,428.0,,264.0,,162.0,,96.0,,,369.0,,318.0,Punjabi_Bagh_Delhi_DPCC,2024
,,,,,,,,,,,,,Punjabi_Bagh_Delhi_DPCC,2024
,,,,,,,,1.0,1.0,,,,Punjabi_Bagh_Delhi_DPCC,2024
,,,,,,2.0,12.0,22.0,11.0,,,,Punjabi_Bagh_Delhi_DPCC,2024
,,11.0,18.0,25.0,11.0,19.0,19.0,6.0,16.0,12.0,,4.0,Punjabi_Bagh_Delhi_DPCC,2024
,,11.0,12.0,5.0,16.0,7.0,,,2.0,8.0,,11.0,Punjabi_Bagh_Delhi_DPCC,2024
,21.0,6.0,,,3.0,,,,,10.0,15.0,8.0,Punjabi_Bagh_Delhi_DPCC,2024
,10.0,,,,,,,,,,15.0,7.0,Punjabi_Bagh_Delhi_DPCC,2024
,,1.0,1.0,,1.0,2.0,,2.0,,1.0,,1.0,Punjabi_Bagh_Delhi_DPCC,2024
,,,,,,,,,,,,,Punjabi_Bagh_Delhi_DPCC,2024
,100.0,96.0,96.0,100.0,96.0,93.0,100.0,93.0,100.0,96.0,100.0,96.0,Punjabi_Bagh_Delhi_DPCC,2024
1.0,369.0,204.0,256.0,108.0,247.0,,103.0,41.0,84.0,139.0,373.0,300.0,Rohini_Delhi_DPCC,2024
2.0,,257.0,138.0,145.0,213.0,189.0,131.0,100.0,89.0,171.0,329.0,313.0,Rohini_Delhi_DPCC,2024
3.0,350.0,153.0,143.0,175.0,315.0,173.0,119.0,78.0,121.0,189.0,435.0,292.0,Rohini_Delhi_DPCC,2024
4.0,405.0,221.0,131.0,157.0,318.0,243.0,81.0,93.0,70.0,217.0,411.0,182.0,Rohini_Delhi_DPCC,2024
5.0,335.0,139.0,108.0,169.0,374.0,302.0,97.0,65.0,70.0,157.0,376.0,179.0,Rohini_Delhi_DPCC,2024
6.0,332.0,109.0,132.0,159.0,258.0,189.0,62.0,80.0,141.0,148.0,394.0,217.0,Rohini_Delhi_DPCC,2024
7.0,376.0,164.0,180.0,230.0,346.0,219.0,56.0,54.0,143.0,110.0,416.0,260.0,Rohini_Delhi_DPCC,2024
8.0,373.0,133.0,175.0,260.0,266.0,247.0,68.0,67.0,84.0,147.0,425.0,369.0,Rohini_Delhi_DPCC,2024
9.0,326.0,145.0,137.0,214.0,184.0,209.0,87.0,73.0,105.0,159.0,393.0,216.0,Rohini_Delhi_DPCC,2024
10.0,289.0,342.0,192.0,225.0,253.0,202.0,160.0,90.0,116.0,115.0,368.0,264.0,Rohini_Delhi_DPCC,2024
11.0,369.0,357.0,204.0,300.0,,282.0,123.0,90.0,62.0,126.0,402.0,224.0,Rohini_Delhi_DPCC,2024
12.0,360.0,339.0,196.0,239.0,251.0,257.0,111.0,43.0,58.0,174.0,376.0,336.0,Rohini_Delhi_DPCC,2024
13.0,430.0,387.0,174.0,218.0,218.0,223.0,113.0,67.0,25.0,233.0,429.0,290.0,Rohini_Delhi_DPCC,2024
14.0,439.0,374.0,220.0,115.0,256.0,205.0,132.0,82.0,64.0,258.0,453.0,242.0,Rohini_Delhi_DPCC,2024
15.0,360.0,321.0,121.0,217.0,302.0,206.0,135.0,97.0,111.0,226.0,452.0,339.0,Rohini_Delhi_DPCC,2024
16.0,417.0,304.0,190.0,285.0,299.0,207.0,115.0,70.0,141.0,228.0,432.0,424.0,Rohini_Delhi_DPCC,2024
17.0,406.0,277.0,224.0,119.0,266.0,188.0,106.0,90.0,221.0,334.0,453.0,472.0,Rohini_Delhi_DPCC,2024
18.0,372.0,316.0,244.0,170.0,266.0,220.0,93.0,93.0,139.0,366.0,500.0,473.0,Rohini_Delhi_DPCC,2024
19.0,393.0,282.0,249.0,249.0,287.0,374.0,132.0,117.0,50.0,322.0,472.0,472.0,Rohini_Delhi_DPCC,2024
20.0,364.0,252.0,241.0,199.0,250.0,181.0,120.0,63.0,150.0,325.0,456.0,442.0,Rohini_Delhi_DPCC,2024
21.0,,240.0,171.0,136.0,274.0,188.0,126.0,84.0,207.0,339.0,398.0,409.0,Rohini_Delhi_DPCC,2024
22.0,246.0,144.0,186.0,113.0,217.0,205.0,98.0,94.0,156.0,369.0,415.0,455.0,Rohini_Delhi_DPCC,2024
23.0,415.0,145.0,230.0,213.0,177.0,169.0,109.0,68.0,144.0,388.0,432.0,463.0,Rohini_Delhi_DPCC,2024
24.0,426.0,198.0,217.0,194.0,168.0,156.0,115.0,114.0,209.0,337.0,334.0,402.0,Rohini_Delhi_DPCC,2024
25.0,330.0,198.0,225.0,241.0,177.0,171.0,129.0,73.0,275.0,291.0,386.0,393.0,Rohini_Delhi_DPCC,2024
26.0,426.0,181.0,184.0,228.0,208.0,144.0,,80.0,112.0,286.0,375.0,371.0,Rohini_Delhi_DPCC,2024
27.0,360.0,156.0,160.0,195.0,260.0,91.0,143.0,105.0,106.0,378.0,322.0,350.0,Rohini_Delhi_DPCC,2024
28.0,404.0,141.0,143.0,156.0,332.0,71.0,102.0,87.0,75.0,323.0,355.0,175.0,Rohini_Delhi_DPCC,2024
29.0,409.0,149.0,190.0,238.0,253.0,132.0,104.0,55.0,83.0,279.0,369.0,256.0,Rohini_Delhi_DPCC,2024
30.0,369.0,,174.0,183.0,,132.0,131.0,134.0,139.0,343.0,361.0,177.0,Rohini_Delhi_DPCC,2024
31.0,403.0,,225.0,,,,108.0,90.0,,342.0,,333.0,Rohini_Delhi_DPCC,2024
,,,,,,,,,,,,,Rohini_Delhi_DPCC,2024
,,,,,,,,2.0,2.0,,,,Rohini_Delhi_DPCC,2024
,,,,,,2.0,8.0,25.0,10.0,,,,Rohini_Delhi_DPCC,2024
,,14.0,20.0,16.0,4.0,12.0,22.0,4.0,14.0,11.0,,4.0,Rohini_Delhi_DPCC,2024
,2.0,7.0,11.0,14.0,18.0,13.0,,,4.0,8.0,,10.0,Rohini_Delhi_DPCC,2024
,16.0,8.0,,,6.0,2.0,,,,12.0,15.0,8.0,Rohini_Delhi_DPCC,2024
,11.0,,,,,,,,,,15.0,9.0,Rohini_Delhi_DPCC,2024
,2.0,,,,3.0,1.0,1.0,,,,,,Rohini_Delhi_DPCC,2024
,,,,,,,,,,,,,Rohini_Delhi_DPCC,2024
,93.0,100.0,100.0,100.0,90.0,96.0,96.0,100.0,100.0,100.0,100.0,100.0,Rohini_Delhi_DPCC,2024
1.0,352.0,138.0,241.0,112.0,176.0,244.0,106.0,55.0,87.0,129.0,347.0,301.0,Sirifort_Delhi_CPCB,2024
2.0,366.0,,135.0,130.0,161.0,161.0,131.0,67.0,83.0,155.0,332.0,304.0,Sirifort_Delhi_CPCB,2024
3.0,361.0,156.0,133.0,140.0,235.0,160.0,116.0,72.0,83.0,158.0,373.0,284.0,Sirifort_Delhi_CPCB,2024
4.0,385.0,158.0,158.0,149.0,256.0,242.0,48.0,81.0,65.0,185.0,370.0,200.0,Sirifort_Delhi_CPCB,2024
5.0,335.0,137.0,145.0,170.0,242.0,241.0,77.0,74.0,59.0,151.0,376.0,189.0,Sirifort_Delhi_CPCB,2024
6.0,344.0,147.0,154.0,138.0,208.0,180.0,56.0,69.0,68.0,150.0,251.0,182.0,Sirifort_Delhi_CPCB,2024
7.0,350.0,137.0,174.0,152.0,266.0,269.0,56.0,70.0,62.0,145.0,372.0,236.0,Sirifort_Delhi_CPCB,2024
8.0,375.0,138.0,176.0,143.0,187.0,223.0,53.0,52.0,74.0,160.0,391.0,311.0,Sirifort_Delhi_CPCB,2024
9.0,386.0,169.0,186.0,143.0,148.0,151.0,90.0,48.0,91.0,146.0,359.0,173.0,Sirifort_Delhi_CPCB,2024
10.0,298.0,199.0,199.0,167.0,155.0,161.0,106.0,47.0,101.0,142.0,336.0,266.0,Sirifort_Delhi_CPCB,2024
11.0,368.0,210.0,212.0,173.0,225.0,211.0,96.0,52.0,60.0,147.0,338.0,231.0,Sirifort_Delhi_CPCB,2024
12.0,356.0,197.0,148.0,195.0,142.0,207.0,122.0,49.0,46.0,140.0,319.0,307.0,Sirifort_Delhi_CPCB,2024
13.0,411.0,164.0,318.0,155.0,218.0,197.0,102.0,44.0,63.0,206.0,431.0,284.0,Sirifort_Delhi_CPCB,2024
14.0,478.0,166.0,151.0,118.0,199.0,189.0,85.0,61.0,50.0,209.0,442.0,187.0,Sirifort_Delhi_CPCB,2024
15.0,363.0,163.0,140.0,159.0,214.0,191.0,109.0,73.0,96.0,169.0,390.0,308.0,Sirifort_Delhi_CPCB,2024
16.0,386.0,175.0,,186.0,250.0,179.0,96.0,58.0,121.0,209.0,407.0,338.0,Sirifort_Delhi_CPCB,2024
17.0,386.0,170.0,163.0,115.0,199.0,165.0,126.0,58.0,147.0,264.0,419.0,451.0,Sirifort_Delhi_CPCB,2024
18.0,355.0,185.0,165.0,154.0,262.0,195.0,116.0,72.0,96.0,268.0,500.0,463.0,Sirifort_Delhi_CPCB,2024
19.0,353.0,196.0,,157.0,224.0,261.0,138.0,77.0,43.0,247.0,455.0,462.0,Sirifort_Delhi_CPCB,2024
20.0,344.0,180.0,194.0,214.0,212.0,162.0,121.0,56.0,75.0,261.0,409.0,455.0,Sirifort_Delhi_CPCB,2024
21.0,378.0,165.0,157.0,120.0,219.0,170.0,106.0,69.0,105.0,306.0,362.0,383.0,Sirifort_Delhi_CPCB,2024
22.0,346.0,184.0,142.0,108.0,173.0,169.0,81.0,86.0,146.0,314.0,383.0,410.0,Sirifort_Delhi_CPCB,2024
23.0,386.0,188.0,,190.0,132.0,125.0,88.0,77.0,144.0,351.0,386.0,420.0,Sirifort_Delhi_CPCB,2024
24.0,440.0,181.0,158.0,188.0,129.0,,86.0,110.0,180.0,304.0,304.0,400.0,Sirifort_Delhi_CPCB,2024
25.0,380.0,203.0,196.0,182.0,154.0,115.0,96.0,71.0,212.0,250.0,344.0,360.0,Sirifort_Delhi_CPCB,2024
26.0,456.0,197.0,109.0,175.0,161.0,113.0,78.0,133.0,88.0,236.0,329.0,376.0,Sirifort_Delhi_CPCB,2024
27.0,375.0,,158.0,143.0,260.0,,117.0,114.0,81.0,349.0,296.0,402.0,Sirifort_Delhi_CPCB,2024
28.0,335.0,,123.0,158.0,273.0,70.0,61.0,124.0,71.0,305.0,315.0,180.0,Sirifort_Delhi_CPCB,2024
29.0,301.0,142.0,150.0,189.0,284.0,113.0,69.0,113.0,74.0,266.0,304.0,308.0,Sirifort_Delhi_CPCB,2024
30.0,389.0,,164.0,162.0,233.0,96.0,127.0,72.0,121.0,298.0,343.0,269.0,Sirifort_Delhi_CPCB,2024
31.0,444.0,,230.0,,212.0,,100.0,81.0,,343.0,,326.0,Sirifort_Delhi_CPCB,2024
,,,,,,,,,,,,,Sirifort_Delhi_CPCB,2024
,,,,,,,1.0,4.0,3.0,,,,Sirifort_Delhi_CPCB,2024
,,,,,,2.0,16.0,22.0,18.0,,,,Sirifort_Delhi_CPCB,2024
,,24.0,24.0,29.0,13.0,18.0,14.0,5.0,8.0,13.0,,6.0,Sirifort_Delhi_CPCB,2024
,1.0,2.0,3.0,1.0,18.0,8.0,,,1.0,11.0,2.0,6.0,Sirifort_Delhi_CPCB,2024
,25.0,,1.0,,,,,,,7.0,21.0,12.0,Sirifort_Delhi_CPCB,2024
,5.0,,,,,,,,,,7.0,7.0,Sirifort_Delhi_CPCB,2024
,,3.0,3.0,,,2.0,,,,,,,Sirifort_Delhi_CPCB,2024
,,,,,,,,,,,,,Sirifort_Delhi_CPCB,2024
,100.0,89.0,90.0,100.0,100.0,93.0,100.0,100.0,100.0,100.0,100.0,100.0,Sirifort_Delhi_CPCB,2024
1.0,364.0,192.0,223.0,131.0,205.0,263.0,100.0,51.0,78.0,215.0,358.0,304.0,Vivek_Vihar_Delhi_DPCC,2024
2.0,359.0,264.0,102.0,127.0,178.0,185.0,120.0,61.0,70.0,242.0,353.0,295.0,Vivek_Vihar_Delhi_DPCC,2024
3.0,334.0,260.0,103.0,170.0,232.0,163.0,103.0,50.0,76.0,153.0,404.0,286.0,Vivek_Vihar_Delhi_DPCC,2024
4.0,384.0,323.0,132.0,216.0,243.0,228.0,63.0,52.0,72.0,188.0,431.0,171.0,Vivek_Vihar_Delhi_DPCC,2024
5.0,379.0,249.0,127.0,168.0,316.0,276.0,80.0,50.0,89.0,160.0,406.0,143.0,Vivek_Vihar_Delhi_DPCC,2024
6.0,370.0,183.0,112.0,159.0,261.0,194.0,59.0,51.0,77.0,132.0,381.0,218.0,Vivek_Vihar_Delhi_DPCC,2024
7.0,378.0,159.0,172.0,157.0,345.0,204.0,47.0,,86.0,108.0,420.0,250.0,Vivek_Vihar_Delhi_DPCC,2024
8.0,,174.0,,174.0,222.0,258.0,52.0,53.0,93.0,204.0,412.0,325.0,Vivek_Vihar_Delhi_DPCC,2024
9.0,395.0,159.0,115.0,221.0,,168.0,,,98.0,198.0,382.0,185.0,Vivek_Vihar_Delhi_DPCC,2024
10.0,304.0,331.0,138.0,199.0,154.0,162.0,135.0,56.0,85.0,114.0,,259.0,Vivek_Vihar_Delhi_DPCC,2024
11.0,380.0,339.0,240.0,234.0,,217.0,113.0,64.0,92.0,142.0,382.0,184.0,Vivek_Vihar_Delhi_DPCC,2024
12.0,380.0,330.0,,261.0,182.0,205.0,112.0,60.0,77.0,149.0,354.0,299.0,Vivek_Vihar_Delhi_DPCC,2024
13.0,421.0,396.0,176.0,190.0,247.0,222.0,109.0,60.0,89.0,262.0,429.0,292.0,Vivek_Vihar_Delhi_DPCC,2024
14.0,464.0,390.0,264.0,166.0,229.0,230.0,110.0,70.0,80.0,292.0,454.0,211.0,Vivek_Vihar_Delhi_DPCC,2024
15.0,394.0,314.0,121.0,236.0,253.0,212.0,110.0,55.0,,199.0,429.0,317.0,Vivek_Vihar_Delhi_DPCC,2024
16.0,408.0,280.0,135.0,236.0,245.0,221.0,96.0,57.0,141.0,206.0,438.0,424.0,Vivek_Vihar_Delhi_DPCC,2024
17.0,392.0,,154.0,125.0,252.0,187.0,85.0,66.0,154.0,327.0,457.0,475.0,Vivek_Vihar_Delhi_DPCC,2024
18.0,349.0,302.0,166.0,156.0,263.0,220.0,98.0,74.0,90.0,311.0,498.0,465.0,Vivek_Vihar_Delhi_DPCC,2024
19.0,380.0,239.0,188.0,205.0,263.0,382.0,130.0,78.0,68.0,299.0,475.0,468.0,Vivek_Vihar_Delhi_DPCC,2024
20.0,351.0,287.0,,202.0,145.0,197.0,113.0,56.0,106.0,304.0,448.0,453.0,Vivek_Vihar_Delhi_DPCC,2024
21.0,378.0,321.0,152.0,153.0,275.0,191.0,108.0,60.0,85.0,329.0,391.0,390.0,Vivek_Vihar_Delhi_DPCC,2024
22.0,368.0,171.0,,131.0,195.0,194.0,79.0,65.0,168.0,350.0,416.0,437.0,Vivek_Vihar_Delhi_DPCC,2024
23.0,396.0,131.0,,164.0,147.0,130.0,93.0,74.0,295.0,409.0,438.0,444.0,Vivek_Vihar_Delhi_DPCC,2024
24.0,430.0,191.0,195.0,177.0,157.0,135.0,88.0,105.0,154.0,334.0,360.0,392.0,Vivek_Vihar_Delhi_DPCC,2024
25.0,400.0,231.0,197.0,178.0,204.0,129.0,97.0,59.0,173.0,297.0,390.0,354.0,Vivek_Vihar_Delhi_DPCC,2024
26.0,462.0,250.0,137.0,197.0,212.0,137.0,84.0,52.0,81.0,299.0,379.0,378.0,Vivek_Vihar_Delhi_DPCC,2024
27.0,388.0,168.0,193.0,174.0,236.0,,108.0,50.0,73.0,385.0,322.0,386.0,Vivek_Vihar_Delhi_DPCC,2024
28.0,394.0,143.0,145.0,193.0,272.0,66.0,70.0,131.0,71.0,336.0,340.0,184.0,Vivek_Vihar_Delhi_DPCC,2024
29.0,383.0,125.0,156.0,228.0,266.0,112.0,,99.0,71.0,307.0,385.0,308.0,Vivek_Vihar_Delhi_DPCC,2024
30.0,405.0,,172.0,197.0,243.0,128.0,88.0,87.0,98.0,345.0,346.0,242.0,Vivek_Vihar_Delhi_DPCC,2024
31.0,438.0,,242.0,,189.0,,89.0,88.0,,339.0,,343.0,Vivek_Vihar_Delhi_DPCC,2024
,,,,,,,,,,,,,Vivek_Vihar_Delhi_DPCC,2024
,,,,,,,1.0,3.0,,,,,Vivek_Vihar_Delhi_DPCC,2024
,,,,,,1.0,16.0,24.0,22.0,,,,Vivek_Vihar_Delhi_DPCC,2024
,,11.0,22.0,21.0,8.0,15.0,12.0,2.0,6.0,10.0,,5.0,Vivek_Vihar_Delhi_DPCC,2024
,,8.0,4.0,9.0,19.0,12.0,,,1.0,9.0,,9.0,Vivek_Vihar_Delhi_DPCC,2024
,23.0,9.0,,,2.0,1.0,,,,11.0,14.0,10.0,Vivek_Vihar_Delhi_DPCC,2024
,7.0,,,,,,,,,1.0,15.0,7.0,Vivek_Vihar_Delhi_DPCC,2024
,1.0,1.0,5.0,,2.0,1.0,2.0,2.0,1.0,,1.0,,Vivek_Vihar_Delhi_DPCC,2024
,,,,,,,,,,,,,Vivek_Vihar_Delhi_DPCC,2024
,96.0,96.0,83.0,100.0,93.0,96.0,93.0,93.0,96.0,100.0,96.0,100.0,Vivek_Vihar_Delhi_DPCC,2024
1.0,373.0,233.0,233.0,,215.0,264.0,100.0,72.0,106.0,163.0,373.0,298.0,Wazirpur_Delhi_DPCC,2024
2.0,359.0,284.0,153.0,150.0,194.0,158.0,127.0,98.0,104.0,217.0,344.0,293.0,Wazirpur_Delhi_DPCC,2024
3.0,359.0,278.0,148.0,182.0,286.0,142.0,162.0,126.0,160.0,192.0,420.0,300.0,Wazirpur_Delhi_DPCC,2024
4.0,416.0,342.0,159.0,173.0,286.0,210.0,100.0,114.0,84.0,242.0,417.0,172.0,Wazirpur_Delhi_DPCC,2024
5.0,364.0,267.0,157.0,195.0,340.0,222.0,130.0,89.0,101.0,177.0,426.0,168.0,Wazirpur_Delhi_DPCC,2024
6.0,350.0,194.0,134.0,188.0,251.0,151.0,98.0,,139.0,188.0,426.0,211.0,Wazirpur_Delhi_DPCC,2024
7.0,384.0,224.0,199.0,186.0,328.0,196.0,92.0,83.0,129.0,152.0,435.0,255.0,Wazirpur_Delhi_DPCC,2024
8.0,394.0,213.0,171.0,215.0,249.0,207.0,90.0,96.0,108.0,188.0,416.0,370.0,Wazirpur_Delhi_DPCC,2024
9.0,369.0,169.0,144.0,197.0,188.0,143.0,105.0,119.0,150.0,187.0,386.0,255.0,Wazirpur_Delhi_DPCC,2024
10.0,315.0,391.0,184.0,230.0,192.0,138.0,205.0,96.0,152.0,148.0,369.0,266.0,Wazirpur_Delhi_DPCC,2024
11.0,378.0,353.0,198.0,256.0,303.0,189.0,126.0,85.0,94.0,157.0,408.0,221.0,Wazirpur_Delhi_DPCC,2024
12.0,370.0,336.0,188.0,251.0,268.0,198.0,127.0,70.0,81.0,173.0,384.0,298.0,Wazirpur_Delhi_DPCC,2024
13.0,433.0,403.0,180.0,202.0,246.0,163.0,118.0,98.0,75.0,255.0,436.0,288.0,Wazirpur_Delhi_DPCC,2024
14.0,462.0,385.0,227.0,164.0,260.0,201.0,123.0,121.0,76.0,295.0,459.0,235.0,Wazirpur_Delhi_DPCC,2024
15.0,389.0,327.0,141.0,262.0,271.0,197.0,133.0,96.0,152.0,264.0,455.0,317.0,Wazirpur_Delhi_DPCC,2024
16.0,410.0,309.0,180.0,318.0,250.0,,129.0,85.0,204.0,287.0,445.0,425.0,Wazirpur_Delhi_DPCC,2024
17.0,403.0,287.0,194.0,139.0,229.0,172.0,113.0,108.0,263.0,,468.0,,Wazirpur_Delhi_DPCC,2024
18.0,377.0,,232.0,163.0,276.0,190.0,101.0,120.0,170.0,390.0,500.0,482.0,Wazirpur_Delhi_DPCC,2024
19.0,413.0,306.0,257.0,214.0,241.0,338.0,175.0,117.0,68.0,349.0,473.0,477.0,Wazirpur_Delhi_DPCC,2024
20.0,365.0,279.0,248.0,228.0,223.0,167.0,159.0,62.0,195.0,355.0,461.0,458.0,Wazirpur_Delhi_DPCC,2024
21.0,395.0,294.0,182.0,154.0,250.0,165.0,130.0,131.0,174.0,348.0,429.0,405.0,Wazirpur_Delhi_DPCC,2024
22.0,356.0,178.0,179.0,134.0,207.0,216.0,110.0,111.0,202.0,354.0,429.0,458.0,Wazirpur_Delhi_DPCC,2024
23.0,423.0,158.0,255.0,211.0,156.0,155.0,120.0,89.0,169.0,392.0,450.0,458.0,Wazirpur_Delhi_DPCC,2024
24.0,434.0,212.0,224.0,194.0,147.0,149.0,98.0,130.0,238.0,316.0,365.0,403.0,Wazirpur_Delhi_DPCC,2024
25.0,356.0,177.0,218.0,216.0,164.0,150.0,162.0,96.0,305.0,305.0,390.0,384.0,Wazirpur_Delhi_DPCC,2024
26.0,425.0,180.0,168.0,211.0,157.0,147.0,120.0,116.0,132.0,288.0,368.0,372.0,Wazirpur_Delhi_DPCC,2024
27.0,380.0,196.0,161.0,185.0,217.0,102.0,,99.0,124.0,394.0,330.0,393.0,Wazirpur_Delhi_DPCC,2024
28.0,415.0,155.0,154.0,172.0,274.0,115.0,131.0,99.0,109.0,327.0,356.0,,Wazirpur_Delhi_DPCC,2024
29.0,401.0,156.0,195.0,226.0,239.0,166.0,126.0,80.0,105.0,304.0,,149.0,Wazirpur_Delhi_DPCC,2024
30.0,396.0,,210.0,195.0,216.0,148.0,131.0,,159.0,386.0,364.0,220.0,Wazirpur_Delhi_DPCC,2024
31.0,420.0,,267.0,,167.0,,,125.0,,372.0,,341.0,Wazirpur_Delhi_DPCC,2024
,,,,,,,,,,,,,Wazirpur_Delhi_DPCC,2024
,,,,,,,,,,,,,Wazirpur_Delhi_DPCC,2024
,,,,,,,6.0,17.0,6.0,,,,Wazirpur_Delhi_DPCC,2024
,,9.0,21.0,16.0,8.0,22.0,22.0,12.0,19.0,10.0,,3.0,Wazirpur_Delhi_DPCC,2024
,,10.0,10.0,12.0,20.0,6.0,1.0,,4.0,7.0,,12.0,Wazirpur_Delhi_DPCC,2024
,19.0,8.0,,1.0,3.0,1.0,,,1.0,13.0,11.0,6.0,Wazirpur_Delhi_DPCC,2024
,12.0,1.0,,,,,,,,,18.0,8.0,Wazirpur_Delhi_DPCC,2024
,,1.0,,1.0,,1.0,2.0,2.0,,1.0,1.0,2.0,Wazirpur_Delhi_DPCC,2024
,,,,,,,,,,,,,Wazirpur_Delhi_DPCC,2024
,100.0,96.0,100.0,96.0,100.0,96.0,93.0,93.0,100.0,96.0,96.0,93.0,Wazirpur_Delhi_DPCC,2024
