YEAR,DOY,T2M,T2M_MAX,T2M_MIN,RH2M,PRECTOTCORR,WS10M,WS10M_MAX,WS10M_MIN,PS,AQI,LOC,hasSprinkler,isIndustrial
0.7142857142857143,0.0,0.3771831132639427,0.391861951127181,0.31856529780018705,0.6461851794525155,0.04289582383825199,0.16295939986814448,0.22009724579949871,0.0,0.4868681833093293,0.6753072302653662,0.0,0.0,0.0
0.7142857142857143,0.0027397260273972603,0.3598655190589677,0.35498756398647213,0.37163620158043864,0.6616256767383394,0.05162114249594765,0.29937406933676874,0.21704007379621712,0.0,0.5675956283458723,0.7095308840002934,0.0,0.0,0.0
0.7142857142857143,0.005479452054794521,0.3813005964936553,0.37174966920372093,0.36983332505976374,0.6183648387042701,0.04609565356401602,0.27519983786047547,0.2356770371455719,0.08206477225239336,0.5364553011948636,0.806317585438347,0.0,0.0,0.0
0.7142857142857143,0.00821917808219178,0.40517354153840074,0.36680266943407497,0.29663054177849557,0.6309605847119192,0.0242104171778479,0.25722608074476266,0.3101532498266951,0.1596159998202858,0.49192345161958867,0.5843243524546178,0.0,0.0,0.0
0.7142857142857143,0.010958904109589041,0.3572503625075454,0.4108599942013351,0.3001422568910565,0.5605166892329638,0.0405627186099824,0.14986665774793037,0.2567391999119696,0.0,0.6437598022130889,0.7084942949962277,0.0,0.0,0.0
0.7142857142857143,0.0136986301369863,0.3572508102650223,0.3706582889314412,0.2938022449979811,0.47305045484748154,0.03262188570809807,0.33052484529127807,0.3115615569750684,0.05316513832554976,0.544066646395803,0.6959207562374579,0.0,0.0,0.0
0.7142857142857143,0.01643835616438356,0.4067058040592925,0.3994775924395978,0.38556336505234934,0.6635633846265805,0.034012178409909284,0.15252350580244214,0.1727200330055498,0.06025449537481918,0.528034001955701,0.6697204763284301,0.0,0.0,0.0
0.7142857142857143,0.019178082191780823,0.3845664017041702,0.44729932503948605,0.3400867183095274,0.5868063379528375,0.027363503742664608,0.26882947720833333,0.29433682820421186,0.05299131876613494,0.6257244399890326,0.6074724776065534,0.0,0.0,0.0
0.7142857142857143,0.021917808219178082,0.3508325167472286,0.42366259768707,0.3364944300917974,0.6704532397774892,0.03373821922233494,0.1980054776210957,0.33701598370051983,0.0368349698841576,0.5015454477462001,0.6701634956225451,0.0,0.0,0.0
0.7142857142857143,0.024657534246575342,0.37843345573416265,0.3698294835967446,0.35209994742761935,0.7061614103408484,0.04657356462014345,0.17914353047091872,0.24622590532860908,0.1583578015986508,0.49916030600880346,0.9200139960597836,0.0,0.0,0.0
0.7142857142857143,0.0273972602739726,0.35099769928693286,0.37276382477989384,0.3131017970421058,0.6434092537457493,0.023359985636157113,0.1283972862823514,0.3654609207285192,0.12914554707765624,0.5758994529449935,0.6570196827524615,0.0,0.0,0.0
0.7142857142857143,0.030136986301369864,0.35093464308444755,0.3981217380697176,0.3332079623728051,0.6615777782171643,0.03522249484379803,0.28659804587588905,0.21983129967272944,0.019988734969303007,0.614741332888051,0.6503337173128527,0.0,0.0,0.0
0.7142857142857143,0.03287671232876712,0.37023533467907366,0.33094462135956887,0.3074530081539441,0.5472057045324885,0.05612899970591349,0.157618448559692,0.23913556913004594,0.007510408171493576,0.6060077618949907,0.5917865530592047,0.0,0.0,0.0
0.7142857142857143,0.03561643835616438,0.31145599332751456,0.3564549703903873,0.3533830709367344,0.6973715997854772,0.028666878977928648,0.1569334256669732,0.17584946606919954,0.07567943422552219,0.5515708746249839,0.7634765583768554,0.0,0.0,0.0
0.7142857142857143,0.038356164383561646,0.3165931500223718,0.3993106686848439,0.3134035668715977,0.5288947869241242,0.029703940125689745,0.24431839467431218,0.24759631868582482,0.0,0.5165767395913288,0.6525405800440792,0.0,0.0,0.0
0.7142857142857143,0.0410958904109589,0.3483012492025189,0.3797891577033055,0.34710306099431937,0.6117710169704349,0.04602500448852309,0.2670140237689372,0.20858786554898182,0.0,0.6536285285592717,0.6905818674614833,0.0,0.0,0.0
0.7142857142857143,0.043835616438356165,0.33601369671815207,0.4449252407177783,0.3650697227917793,0.5778767910291189,0.036031066444734625,0.26223709967405545,0.3530657433041926,0.10848948881998915,0.7441629616992609,0.5990763860619088,0.0,0.0,0.0
0.7142857142857143,0.04657534246575343,0.3722067454344165,0.36416088347026115,0.33482987650021584,0.646110560712155,0.03364874303152994,0.2222186095827805,0.289720843210879,0.10653955177570787,0.621369853104805,0.6143007970662233,0.0,0.0,0.0
0.7142857142857143,0.049315068493150684,0.33887207066760333,0.35061160415691917,0.3590373407571418,0.6364249920354776,0.05692072110911742,0.13289260093699767,0.3319398353781067,0.04703854199274597,0.5757690019917163,0.6413617528135999,0.0,0.0,0.0
0.7142857142857143,0.052054794520547946,0.32511898996358296,0.35558418789353774,0.30677505745341854,0.5423508144377235,0.016956687749866244,0.219946951992576,0.3445143681317851,0.07722290560456385,0.6084384105112559,0.6927203797650453,0.0,0.0,0.0
0.7142857142857143,0.0547945205479452,0.4036086027887697,0.38416500303693246,0.30727085309492985,0.6043861421908279,0.03317571457867967,0.10046296701516094,0.21503739511580014,0.0,0.5484359611719286,0.7699340264493364,0.0,0.0,0.0
0.7142857142857143,0.057534246575342465,0.35747882816854903,0.37863422387940776,0.3434831954048597,0.5524528080689516,0.028542400838113467,0.23740810996866293,0.19636442946873425,0.0,0.5770490057040888,0.7778620233928213,0.0,0.0,0.0
0.7142857142857143,0.06027397260273973,0.3654780419460343,0.4542625377304985,0.33237099530762,0.6030165418033886,0.013467837126424733,0.24682835817662238,0.33628295924636004,0.02208972949088967,0.5474711321915737,0.84593208951532,0.0,0.0,0.0
0.7142857142857143,0.06301369863013699,0.3247795949214512,0.3710977354140764,0.30159664361527216,0.6663981666319393,0.02326904919316812,0.22733381422226107,0.22378985273872487,0.06275191758477373,0.5607474865487942,0.744137107778814,0.0,0.0,0.0
0.7142857142857143,0.06575342465753424,0.3487895620584041,0.38544289781804225,0.32543697392526577,0.5427142328825703,0.034558241553440755,0.16204728236313407,0.28031117730392907,0.006008902933075662,0.5765958844603154,0.8554408651669525,0.0,0.0,0.0
0.7142857142857143,0.0684931506849315,0.36666152517390543,0.4116857504340782,0.36869389130440794,0.7546842325889699,0.014379674647428597,0.27413815157047733,0.2432060842646935,0.022860969745823675,0.5842991600598173,0.7920050450326233,0.0,0.0,0.0
0.7142857142857143,0.07123287671232877,0.33224562970666444,0.3803057310831072,0.31971586808441194,0.6114744173338975,0.03331792606332677,0.24344966026320392,0.2682408359441594,0.06067664534573085,0.5543844631286692,0.7313330632821641,0.0,0.0,0.0
0.7142857142857143,0.07397260273972603,0.3738826732276092,0.40129361624610405,0.3384843861346656,0.6888709561058044,0.03146368633229523,0.07654616628235773,0.24489221992772883,0.023474041579454392,0.6595403538686242,0.7250330629421748,0.0,0.0,0.0
0.7142857142857143,0.07671232876712329,0.34725530845675984,0.3962110005788893,0.32779535818747185,0.7928183562744482,0.04843724129126398,0.11190030307331662,0.2826602780448849,0.0647611106640544,0.561325394794933,0.5864226851823149,0.0,0.0,0.0
0.7142857142857143,0.07945205479452055,0.35568107955109246,0.4101999728093099,0.34279681533359696,0.5352631028751944,0.039286835258131904,0.23702043337434672,0.2392906827295801,0.10578337211731303,0.6056683438440289,0.6113092492818685,0.0,0.0,0.0
0.7142857142857143,0.0821917808219178,0.34722618330283467,0.3391926904246664,0.3468061185229086,0.6131342413770083,0.03448348400434514,0.18736395758800584,0.30140615296867074,0.0,0.627040982106251,0.5608555126290942,0.0,0.0,0.0
0.7142857142857143,0.08493150684931507,0.47623337714714414,0.4692897707885339,0.4089884207803863,0.5377761024802946,0.038959980794000086,0.17794998630995773,0.260646624539921,0.16102124640958737,0.6089853816695162,0.743323412559738,0.0,0.0,0.0
0.7142857142857143,0.08767123287671233,0.42004809493686907,0.43716525299590986,0.40694158271807257,0.5007284466826246,0.03325529351826567,0.22908172402237434,0.3388684824443372,0.0,0.4663267351709167,0.6724802470013733,0.0,0.0,0.0
0.7142857142857143,0.09041095890410959,0.38860302316212353,0.4482158310369217,0.4157564312528988,0.6209802901819431,0.03269072426384676,0.18214320754232352,0.234618783090068,0.13460842192304728,0.5640925326808534,0.6958405368062263,0.0,0.0,0.0
0.7142857142857143,0.09315068493150686,0.44522436383038017,0.4287320726081498,0.4042172365594396,0.5443853368915051,0.040785597314466605,0.2832948466487852,0.27353083927882677,0.0,0.5781663346547318,0.7179678489705705,0.0,0.0,0.0
0.7142857142857143,0.0958904109589041,0.38369050372246355,0.4981909568720072,0.39754958993587114,0.6308396759140572,0.025132572276648456,0.24800358392897123,0.25014686532815206,0.028295623617392025,0.5576133266610424,0.6240877872698058,0.0,0.0,0.0
0.7142857142857143,0.09863013698630137,0.42674418780412043,0.37235532717685854,0.3770243234947678,0.5229265696614563,0.018143993258128644,0.2531393403065305,0.3078525148353144,0.13876298348531177,0.5218787169657529,0.6374388419476393,0.0,0.0,0.0
0.7142857142857143,0.10136986301369863,0.36144175195134765,0.489372158139698,0.30300413426140677,0.5764200502440108,0.03452495037292833,0.1719427492216452,0.2690991152388422,0.06182378095609915,0.6108228923647787,0.6109699489703013,0.0,0.0,0.0
0.7142857142857143,0.10410958904109589,0.38045803375476317,0.41880580472197204,0.3804643187765802,0.5296281809625559,0.046928016847359366,0.12249818057669569,0.32387569069001504,0.041344512052380746,0.5055595571352499,0.6645682872082681,0.0,0.0,0.0
0.7142857142857143,0.10684931506849316,0.4263827531256043,0.4937748441048861,0.3688898073827183,0.5305602357263703,0.027716155560575974,0.26810281465474733,0.3079516388510186,0.051190185085549914,0.5582608837119009,0.6162907361579896,0.0,0.0,0.0
0.7142857142857143,0.1095890410958904,0.44269245951122543,0.4833250071244201,0.371556064392447,0.5689870290190298,0.0,0.2714710199063635,0.25248048954591046,0.13914475216620387,0.5279011403143211,0.6682146775894368,0.0,0.0,0.0
0.7142857142857143,0.11232876712328767,0.4256150675585616,0.47632286591866835,0.34164837393429714,0.5896548231652663,0.04764160017312257,0.1745999893701918,0.26923907197082547,0.09241985207984033,0.5776139285597957,0.5963813821134106,0.0,0.0,0.0
0.7142857142857143,0.11506849315068493,0.41697195513262686,0.46997836684257127,0.41360445502827625,0.5052533525337395,0.0399293168788881,0.26052407601189354,0.29081844970621895,0.0346083497316174,0.5836379185158351,0.6165531357795525,0.0,0.0,0.0
0.7142857142857143,0.1178082191780822,0.41138721825782254,0.5188090082322531,0.33798838203877274,0.5060099581352434,0.03400768878603175,0.18864016293717278,0.2788382215247591,0.02420621659009306,0.45909694915024796,0.6650300660019006,0.0,0.0,0.0
0.7142857142857143,0.12054794520547946,0.37593087188098084,0.4216596446884929,0.4039947771160677,0.5169418689483815,0.037632282403882784,0.20027267475866042,0.29937491266283817,0.12671994535678444,0.45065759715437603,0.6680365343697962,0.0,0.0,0.0
0.7142857142857143,0.1232876712328767,0.3987774187244775,0.4221243366327561,0.3850862917361721,0.5469057964642824,0.046857998156656686,0.23638579402370374,0.31835219078209204,0.07714090118955229,0.5269221969444026,0.624792508512432,0.0,0.0,0.0
0.7142857142857143,0.12602739726027398,0.40658303701087006,0.4195905708505013,0.4043879642265221,0.4724058871662279,0.05811080137298265,0.3810923214567996,0.2975528475445401,0.0938214175339025,0.5195524596943257,0.5357003435382732,0.0,0.0,0.0
0.7142857142857143,0.12876712328767123,0.4522883397668196,0.4732724959511868,0.4170597936626624,0.5396227647761938,0.03489749726488552,0.3048897408011489,0.34163664847139014,0.0,0.5584070361649904,0.7251612214307381,0.0,0.0,0.0
0.7142857142857143,0.13150684931506848,0.43080214167450487,0.3977494055207849,0.44997907405388177,0.6220589723759196,0.038242649639523604,0.17950106796089452,0.2608251285785401,0.16834323636080334,0.5745144250454551,0.5485354209413386,0.0,0.0,0.0
0.7142857142857143,0.13424657534246576,0.3673629953214631,0.4761931075843654,0.4315620235484202,0.47662924689606917,0.06800816421479518,0.28673662439025166,0.36284576718321315,0.061493338962187505,0.47692450722110186,0.6168430473001291,0.0,0.0,0.0
0.7142857142857143,0.136986301369863,0.43021389226018414,0.43206691472466646,0.4225053983432387,0.5408747894470125,0.05111096192058745,0.2682748833471058,0.2511654623757361,0.13988370998541216,0.49666512432462206,0.596928900466302,0.0,0.0,0.0
0.7142857142857143,0.13972602739726028,0.4088583176920087,0.40560788196700587,0.4336894917202967,0.6594056525165658,0.02273530582940554,0.27448643095211456,0.3658095178026566,0.16401668603225888,0.5364152118117352,0.5968178107433205,0.0,0.0,0.0
0.7142857142857143,0.14246575342465753,0.40006996249078647,0.40527215557134205,0.3933038086694888,0.5206957226416928,0.018372547172512618,0.2630592889610438,0.3313325754340689,0.05587405286476603,0.681007666934231,0.6747160535863801,0.0,0.0,0.0
0.7142857142857143,0.14520547945205478,0.438874342788958,0.4148072164184107,0.39450412396515866,0.5020955343283104,0.07295792494419392,0.24243141958094297,0.36687801081306903,0.07513774047058788,0.4598768363484466,0.7047721455659999,0.0,0.0,0.0
0.7142857142857143,0.14794520547945206,0.4515016901660713,0.39140413559264736,0.37800338406340106,0.5715615330238955,0.01321998994378276,0.11073819590896106,0.36091021502302617,0.1301288493597798,0.5435188371891487,0.6166031119974927,0.0,0.0,0.0
0.7142857142857143,0.1506849315068493,0.44849877631429463,0.4593169301833347,0.40058673316450855,0.5552869238441785,0.05084694255690917,0.18736903012555164,0.37220521802234163,0.10078486828277694,0.5661084919162425,0.5862848037770103,0.0,0.0,0.0
0.7142857142857143,0.15342465753424658,0.3951826541302274,0.47078173632760195,0.42407806530264425,0.6058529640253056,0.029455479717867394,0.2683898256422301,0.23302391161949637,0.08837158916530044,0.5814408360355295,0.6241276659373939,0.0,0.0,0.0
0.7142857142857143,0.15616438356164383,0.4111430364090259,0.4744107725213769,0.3913333216366813,0.4619219346131744,0.04392011224424751,0.2785071238241892,0.23888547350511694,0.07027887916608809,0.541175498125874,0.6426204931637228,0.0,0.0,0.0
0.7142857142857143,0.1589041095890411,0.43043009196840276,0.4205891462389443,0.391868537019259,0.5588562181180967,0.0559364264610525,0.27778308882604,0.25930150527703694,0.037187369957501756,0.5297907368220474,0.6945058528193613,0.0,0.0,0.0
0.7142857142857143,0.16164383561643836,0.5809289137135404,0.6053404963289749,0.4903883645137901,0.41612193925953544,0.008232892641188712,0.31304090221483843,0.4295379021390549,0.063301708374036,0.4915306862800155,0.3511801024384428,0.0,0.0,0.0
0.7142857142857143,0.1643835616438356,0.5280300277147167,0.5932314832113756,0.5712669110786389,0.4068114657691808,0.03064898577322023,0.15590298338867156,0.5031652634337157,0.08301916913046135,0.4814972688838085,0.36168627835593203,0.0,0.0,0.0
0.7142857142857143,0.16712328767123288,0.5387033099394976,0.6206845321196545,0.5141876054696466,0.3773209777925348,0.04971104187787748,0.2789115268512758,0.3347235852831755,0.15660591498322426,0.4787224299077217,0.3297901222821676,0.0,0.0,0.0
0.7142857142857143,0.16986301369863013,0.5052241827634171,0.610817742177046,0.5338456112925316,0.4207536397557981,0.04459110066675104,0.3815997927158488,0.3135474355857802,0.12161424115454075,0.516123687865493,0.3929322764523397,0.0,0.0,0.0
0.7142857142857143,0.1726027397260274,0.5019561227607029,0.5966344371135953,0.5063254340255099,0.46805461808242044,0.058560063614714164,0.10922247452494149,0.313223844054293,0.0017894440439371467,0.42737484502341394,0.3366537811792725,0.0,0.0,0.0
0.7142857142857143,0.17534246575342466,0.5750009389961527,0.518689539840349,0.5302891383715113,0.4151019296878851,0.02165481649199611,0.33116944011213134,0.3618014077311526,0.07728299263031022,0.4640179113423791,0.427220524390741,0.0,0.0,0.0
0.7142857142857143,0.1780821917808219,0.5947723646753027,0.5863600540572002,0.4476328125740265,0.4188706501493036,0.027485404487089048,0.46088898026670216,0.3802978526597403,0.024381311314589593,0.5351079512535342,0.45443866023582985,0.0,0.0,0.0
0.7142857142857143,0.18082191780821918,0.542835995578897,0.5974583150194517,0.5183275475065509,0.4288020178098422,0.030191421559442586,0.29613077886118305,0.3539271104041668,0.04112384101116659,0.47897129123569776,0.41254460308980434,0.0,0.0,0.0
0.7142857142857143,0.18356164383561643,0.5819466508324372,0.5652323500535137,0.491165223919377,0.4003708535311815,0.03593985648660449,0.3125771532376832,0.33334694496265294,0.0,0.46572493536434123,0.43697332246643583,0.0,0.0,0.0
0.7142857142857143,0.1863013698630137,0.5586049463653685,0.5822562331763943,0.5608908252841271,0.37933745596063423,0.02529213104880665,0.35837707749907305,0.3928283870348757,0.11115798998750344,0.43014110620419543,0.30475025945008166,0.0,0.0,0.0
0.7142857142857143,0.18904109589041096,0.5219956452870864,0.5410542498135222,0.5416114198602799,0.42597897873722856,0.026066386780150847,0.2897153833579131,0.3921230352961517,0.06350280605016857,0.4627120622864525,0.41816524511784764,0.0,0.0,0.0
0.7142857142857143,0.1917808219178082,0.5585962038366696,0.5801790379298499,0.5033668018317591,0.48137356846424334,0.02710086845689617,0.36398269089476026,0.3169241360078212,0.12777058713755857,0.4885925817012846,0.4161358945030016,0.0,0.0,0.0
0.7142857142857143,0.19452054794520549,0.6013831478714898,0.6132580055003721,0.4872952287759544,0.4419802145894855,0.03436714318362433,0.1325713969770039,0.32184304297704946,0.0715742556954386,0.4901452277990214,0.3640359238856342,0.0,0.0,0.0
0.7142857142857143,0.19726027397260273,0.5441517803960018,0.6765856386621121,0.4793503931964513,0.40010263837884574,0.03590816674361422,0.26282152792278807,0.40335272393375876,0.053648834751141815,0.5140946420919276,0.21971864973929617,0.0,0.0,0.0
0.7142857142857143,0.2,0.6023506783932366,0.5525148856219424,0.5338556639374972,0.46718909727493674,0.025602466996429717,0.44691297358360166,0.44305945998022694,0.20987343324673524,0.5028613429989719,0.404255680975827,0.0,0.0,0.0
0.7142857142857143,0.20273972602739726,0.45019108712400924,0.5920642930031675,0.48842318542111124,0.45470261721335514,0.03406642599095857,0.43383608990166467,0.3549633904611893,0.0,0.5541619799415353,0.4185060117959141,0.0,0.0,0.0
0.7142857142857143,0.2054794520547945,0.5753419092500082,0.5545644938124119,0.5751448063483953,0.4686921484418022,0.05497221940465364,0.3928979260910664,0.3986152520795598,0.0,0.44633107310833287,0.5221541779211563,0.0,0.0,0.0
0.7142857142857143,0.20821917808219179,0.5486198933904789,0.5893206082552898,0.47542410024885184,0.3219700049979712,0.016278309821729047,0.3688332772856319,0.3956268445380084,0.1280896013734916,0.585394491200084,0.41239513462430194,0.0,0.0,0.0
0.7142857142857143,0.21095890410958903,0.5345815508921503,0.5840739725686257,0.48956910578088175,0.4215855980383741,0.04611707150464486,0.23591580851727978,0.3244263062104715,0.10416700164143478,0.5340427239413027,0.3907739851987728,0.0,0.0,0.0
0.7142857142857143,0.2136986301369863,0.5487913009649273,0.6263389422979269,0.4769025510347635,0.49709661982860837,0.03521103076529283,0.28628894680993255,0.31192823653229457,0.0,0.5192016952837566,0.34563084598555255,0.0,0.0,0.0
0.7142857142857143,0.21643835616438356,0.4731793121963312,0.6319880389495698,0.460678374186139,0.49360761926473856,0.02718459062278874,0.3733930899690256,0.3571024333990937,0.0,0.39354690835976164,0.40509102419995113,0.0,0.0,0.0
0.7142857142857143,0.2191780821917808,0.5374664768059086,0.5995359821218775,0.5276578774776697,0.4082484958394689,0.030725863241429105,0.3192026963622007,0.3351831663645778,0.015838795812196757,0.5415540340053002,0.46528594755970604,0.0,0.0,0.0
0.7142857142857143,0.2219178082191781,0.5584404571458816,0.5884435750097801,0.4841622911000243,0.3832058463005947,0.019424857871597912,0.35380750576836145,0.40124960489265366,0.14586417673918206,0.3522985172116653,0.4542419240446139,0.0,0.0,0.0
0.7142857142857143,0.22465753424657534,0.5991961470815097,0.6404819931186193,0.5554400105486346,0.3722017103921928,0.03060088260980075,0.39020341364212213,0.283898853069704,0.07516140827461096,0.4752895116766135,0.3805959307526343,0.0,0.0,0.0
0.7142857142857143,0.2273972602739726,0.5266083556991401,0.6002149218484807,0.5146638534152214,0.40863945167497207,0.0071610317643971124,0.30826488020419995,0.34431921405575655,0.141899649078645,0.2768745252368087,0.33922620047290303,0.0,0.0,0.0
0.7142857142857143,0.23013698630136986,0.5160547780766114,0.6536809205192928,0.4448139476889242,0.40707653759777396,0.0323156801766027,0.2815504544907273,0.4043881387469533,0.05351761026700884,0.466471436960513,0.4321402427368515,0.0,0.0,0.0
0.7142857142857143,0.2328767123287671,0.5272088347787441,0.5276619750288287,0.48218826276120763,0.43151427832121836,0.03137785052065431,0.28760427179835346,0.3552702759045809,0.11308959879792176,0.49532338651138685,0.51662394937621,0.0,0.0,0.0
0.7142857142857143,0.2356164383561644,0.5787418951891663,0.6643020918537842,0.5114420366200952,0.4018016119627143,0.05026675430925781,0.33051371789409695,0.3556094378598708,0.0,0.4741637564848483,0.35224185511123385,0.0,0.0,0.0
0.7142857142857143,0.23835616438356164,0.5574091312603522,0.568314147778466,0.5580963222791719,0.3798431175938599,0.02818030857065307,0.3321251531125067,0.35965122907777425,0.01124383805068365,0.44361844096716213,0.4323496242182978,0.0,0.0,0.0
0.7142857142857143,0.2410958904109589,0.526190538044835,0.5495672840996032,0.4941902970951642,0.3994436032706371,0.023178281080804764,0.2665132102253029,0.35151589806280764,0.0,0.45786640209515345,0.44741639887570706,0.0,0.0,0.0
0.7142857142857143,0.24383561643835616,0.5641188157495766,0.591233122693765,0.5013457940848458,0.40119275173321306,0.024224930437663907,0.1674354463547262,0.3534276374766841,0.11704917702166331,0.341930013168415,0.3931034414877271,0.0,0.0,0.0
0.7142857142857143,0.2465753424657534,0.6974289609657949,0.7016882595465926,0.6164485895379144,0.20591097857850782,0.008391062251916014,0.35529907512224357,0.43890801568827537,0.07887597080152091,0.4071888474721985,0.22809100358282325,0.0,0.0,0.0
0.7142857142857143,0.2493150684931507,0.7355600365176321,0.7822762555815916,0.7461687849032173,0.1758666503593146,0.026662116351615417,0.30794636035570905,0.4326725752787175,0.0,0.36239740854035485,0.24990486143058613,0.0,0.0,0.0
0.7142857142857143,0.25205479452054796,0.662466995324684,0.7342956346260266,0.5836291364501841,0.21564853457601957,0.018475411455924764,0.279556802068393,0.3804951732937733,0.0,0.4380849348410248,0.2509301504172779,0.0,0.0,0.0
0.7142857142857143,0.2547945205479452,0.6788465992681658,0.769179307201513,0.6995232663674539,0.2039382253007984,0.022040966612881005,0.3040052334711675,0.5040061624228941,0.03812503030702474,0.48477986398249695,0.2600336444006597,0.0,0.0,0.0
0.7142857142857143,0.25753424657534246,0.6760270864822863,0.7103563390307772,0.6866095418086549,0.2109837898409833,0.02623189056041689,0.2951636200200787,0.43513769692223697,0.11685095837961551,0.4795478203803546,0.23624176041992823,0.0,0.0,0.0
0.7142857142857143,0.2602739726027397,0.629153039201038,0.7454680810029798,0.7023364643555358,0.18902726805316156,0.012939921787481521,0.1598747618841367,0.45809515146090435,0.1562604926037947,0.33168590593840797,0.23057674110449872,0.0,0.0,0.0
0.7142857142857143,0.26301369863013696,0.7061370803033934,0.7603224078083812,0.7171799196787715,0.241099490497732,0.015248299011370838,0.3891194982555735,0.37267764506216283,0.09344749660290783,0.35348565090600387,0.2630435202260968,0.0,0.0,0.0
0.7142857142857143,0.26575342465753427,0.7046029863396884,0.7470518907497451,0.7372165309715673,0.2342034027509557,0.019910363495786697,0.3768356849044651,0.32503418594299804,0.09474142770844354,0.40027538128880014,0.18879449057479575,0.0,0.0,0.0
0.7142857142857143,0.2684931506849315,0.6934055319099258,0.8298419608545555,0.6895137732553647,0.14465864604010814,0.01883631636135145,0.359282417668769,0.41708180369615105,0.0,0.44529402628972825,0.2736705542298257,0.0,0.0,0.0
0.7142857142857143,0.27123287671232876,0.6829186310966555,0.7830609687104549,0.607210112639569,0.2532839015561661,0.010452378302343818,0.4470130605763008,0.46575748357491786,0.0856850065703598,0.37200384766233235,0.25045728091917263,0.0,0.0,0.0
0.7142857142857143,0.273972602739726,0.6312593482171125,0.7652872275355834,0.7506867924744041,0.22533179858888072,0.01596811053886887,0.2444630139604569,0.3337811162512676,0.07067682120619843,0.38650476888671725,0.23021827904818284,0.0,0.0,0.0
0.7142857142857143,0.27671232876712326,0.6747785853108337,0.6694641534698337,0.6590134622506463,0.2360380164209758,0.01342356367401035,0.34623470103212156,0.3791662879476968,0.014130399610516702,0.40246517884556504,0.19156858957443018,0.0,0.0,0.0
0.7142857142857143,0.27945205479452057,0.678188058083772,0.7734041607521146,0.7303041897136151,0.24146963978450495,0.01966768705226425,0.38507612224261817,0.40062357696619166,0.0,0.3776743481100784,0.20947680069139704,0.0,0.0,0.0
0.7142857142857143,0.2821917808219178,0.6580821876533723,0.8133088518684498,0.6743026855500179,0.2457472275322636,0.0029541613644874197,0.3192010666748288,0.495323128993461,0.026260725271640445,0.39366231357297027,0.25118691009186495,0.0,0.0,0.0
0.7142857142857143,0.28493150684931506,0.6861255682964302,0.723722241696045,0.7231980859082975,0.18383070703516305,0.025442580735555213,0.3432449734621273,0.555167747061938,0.05192763381666306,0.39118744142268114,0.21128906568438677,0.0,0.0,0.0
0.7142857142857143,0.2876712328767123,0.7108590431674542,0.7465881538506164,0.6861228026803288,0.2710252753648227,0.009993018890757693,0.28546510007363146,0.4043439008183038,0.13506964617783646,0.38975900660865453,0.23224238288474242,0.0,0.0,0.0
0.7142857142857143,0.29041095890410956,0.7757024513597789,0.7007187874379134,0.668099446774878,0.19974257137809867,0.013069003393020135,0.37058721761328123,0.48635691384859586,0.08969056315570437,0.38989261673137277,0.1812314218437514,0.0,0.0,0.0
0.7142857142857143,0.29315068493150687,0.7008195974932111,0.6978778500738727,0.7290974981987166,0.21171006475158746,0.014204099728913485,0.27636732236198436,0.45416066021506174,0.0,0.415506908950465,0.20827062739884694,0.0,0.0,0.0
0.7142857142857143,0.2958904109589041,0.7044496477759391,0.6588818850458921,0.5706289105709418,0.2474575336083815,0.015978671587090126,0.3084957500367492,0.3786215659306098,0.0679171430953117,0.36025670827595885,0.2754105778582281,0.0,0.0,0.0
0.7142857142857143,0.29863013698630136,0.6899248093670484,0.7606568207577965,0.671071717156182,0.16785931407247012,0.014513157658444307,0.4828143705495375,0.48848895573409423,0.10690227788238682,0.2721977810996227,0.25052788502520834,0.0,0.0,0.0
0.7142857142857143,0.3013698630136986,0.6092355775124851,0.7488263491129614,0.6882037912932181,0.2678621261158401,0.01873827589601155,0.4227259185864054,0.4685664870097633,0.0,0.37226514233770663,0.30206289660079255,0.0,0.0,0.0
0.7142857142857143,0.3041095890410959,0.692021836130915,0.7508922556692692,0.7039747101550848,0.20194945929574482,0.014869866155706669,0.3137265109569242,0.4419107135696365,0.010005914129685593,0.44403523613756746,0.20445010064755575,0.0,0.0,0.0
0.7142857142857143,0.30684931506849317,0.6958168898667382,0.7354905051639133,0.6597410565302667,0.2055892281259978,0.032764050324940855,0.2556186615987314,0.4175644432084981,0.2584446842794226,0.39138549252822413,0.2174561925332274,0.0,0.0,0.0
0.7142857142857143,0.3095890410958904,0.8009486606030495,0.8032156426169875,0.5966257027141831,0.3010568942014871,0.015808454005172005,0.2776358479507488,0.4267806755709081,0.08308387180444109,0.33287111281899795,0.23379690713150664,0.0,0.0,0.0
0.7142857142857143,0.31232876712328766,0.6847660259726441,0.6984742685427455,0.702126069313019,0.17124020136737472,0.019585488281563215,0.44572389650286875,0.5115771806052971,0.07817217045680698,0.4104643492500862,0.23429543150161386,0.0,0.0,0.0
0.7142857142857143,0.3150684931506849,0.7063745144089137,0.7523663005442119,0.6313770915549001,0.164040621487115,0.0029402115795361785,0.33235702910521486,0.49322365910782495,0.0023507412800517907,0.4443574438759557,0.263386370412488,0.0,0.0,0.0
0.7142857142857143,0.3178082191780822,0.6916631782572138,0.7835529852442576,0.7159964573963404,0.23440219967177686,0.01712951564065822,0.3761208734031703,0.5365582468685272,0.0,0.3106145419194123,0.2177430150628263,0.0,0.0,0.0
0.7142857142857143,0.32054794520547947,0.6420521540359636,0.7474701133892433,0.7040805484708247,0.18924000085641904,0.011389651785151968,0.27727059408470073,0.45177975636472395,0.10267110046943105,0.31721065382590813,0.20856576320493703,0.0,0.0,0.0
0.7142857142857143,0.3232876712328767,0.7431803163168503,0.7515909270802628,0.685508511886754,0.19135409122181796,0.03209133388424383,0.2820505377031188,0.5200246086098322,0.0,0.3424697821098369,0.2598405828252037,0.0,0.0,0.0
0.7142857142857143,0.32602739726027397,0.7260788883618645,0.7174381567946213,0.758257950852273,0.21574327903451757,0.018894963250307165,0.3440679092585513,0.3771354429057158,0.00980423921916962,0.339502136555017,0.16248458417420494,0.0,0.0,0.0
0.7142857142857143,0.3287671232876712,0.8459203292004234,0.8320108363728679,0.8862189714458455,0.20925276833448325,0.03330562101106596,0.4421485556845166,0.6136535199328107,0.08688362154201416,0.4171787040480957,0.1452933143579785,0.0,0.0,0.0
0.7142857142857143,0.3315068493150685,0.7618655064959419,0.8849218080051301,0.7648118941006325,0.19273695411865696,0.03783282876090322,0.5376309071355246,0.6894273658875829,0.026713893755303995,0.26524435013437037,0.20915566801793511,0.0,0.0,0.0
0.7142857142857143,0.33424657534246577,0.876160855142864,0.8035134331694422,0.7227624980597114,0.2170391048050835,0.04537285177115573,0.2957565869868845,0.5709309934038439,0.0631380531183172,0.3683786941836073,0.22839568523844858,0.0,0.0,0.0
0.7142857142857143,0.336986301369863,0.7375221349642451,0.8408990059091335,0.8770533496872104,0.1580209139092004,0.005460412723800467,0.2803976288573807,0.5384437031918282,0.09690393767769885,0.36205807831584025,0.2299316086123396,0.0,0.0,0.0
0.7142857142857143,0.33972602739726027,0.835827594977627,0.8194905889154431,0.9472717533265301,0.24170314037899915,0.029050240109762485,0.27199934669597,0.5926962949039797,0.0,0.3600053642620616,0.22316405156827981,0.0,0.0,0.0
0.7142857142857143,0.3424657534246575,0.9150963860485615,0.8453055340682966,0.7813613797068261,0.1448212101895054,0.02948426904064324,0.4628752591040288,0.5623317493783525,0.024160441846877018,0.33953128479918526,0.1621133688429142,0.0,0.0,0.0
0.7142857142857143,0.3452054794520548,0.7578541702918353,0.9379086385315424,0.8376863214379138,0.2040088392782042,0.036058063650539415,0.4434336730890518,0.5035642220301134,0.04660191381593251,0.2825738647478147,0.19738137300993933,0.0,0.0,0.0
0.7142857142857143,0.34794520547945207,0.7788250554116811,0.8264018773956103,0.7689079116410462,0.2535884555555238,0.02051795589261672,0.24569909922558608,0.46208560680665484,0.05694673246218271,0.29518218357383585,0.1945375762044389,0.0,0.0,0.0
0.7142857142857143,0.3506849315068493,0.811744129978764,0.9236523044138557,0.7849501148749959,0.183892265405492,0.021554754005866806,0.3568213964114996,0.6469176551094734,0.006205574320622645,0.26198347071450684,0.20167536221760707,0.0,0.0,0.0
0.7142857142857143,0.35342465753424657,0.7819304648249379,0.9041085311201186,0.9298632554674937,0.2297785986952347,0.02562076701835525,0.3533381603691151,0.4561093051582945,0.09677107743453744,0.27442437602903386,0.17511465680581753,0.0,0.0,0.0
0.7142857142857143,0.3561643835616438,0.7301660690325265,0.8503389778321151,0.8454986553975403,0.16769775552916463,0.031706261878970396,0.42292471248258784,0.5436545817266256,0.0,0.2658240903224308,0.20023190724592346,0.0,0.0,0.0
0.7142857142857143,0.3589041095890411,0.810207374322798,0.8532127570134864,0.8265090527389128,0.15836131532103118,0.0325056285371125,0.29417352576597916,0.5759759237780856,0.016415396664701314,0.32161995278948746,0.22211503832361867,0.0,0.0,0.0
0.7142857142857143,0.36164383561643837,0.7543065777874027,0.857941104072881,0.8302228853368205,0.14390265224384235,0.006744338562422843,0.2282158963185724,0.5076132541781705,0.18757062216215425,0.2897350074841317,0.22381323914439624,0.0,0.0,0.0
0.7142857142857143,0.3643835616438356,0.8302287167416253,0.8073867190250137,0.7538484450709614,0.18423090581050422,0.01998656999228882,0.26918189377274554,0.5382826996201678,0.010200381623931137,0.34515649641640406,0.19927621909828203,0.0,0.0,0.0
0.7142857142857143,0.36712328767123287,0.7613693702395792,0.8803249241048469,0.8430870193708916,0.24954564874538143,0.025948091266499836,0.5274627785107027,0.48400267731622804,0.10720235112640916,0.3835994578656412,0.20016018874378252,0.0,0.0,0.0
0.7142857142857143,0.3698630136986301,0.8834342575207533,0.8180598290759877,0.9248264765400896,0.20981858972076267,0.021065569386725765,0.4279533100406095,0.572258327196044,0.09699503117221397,0.4513380211385031,0.21621434371767811,0.0,0.0,0.0
0.7142857142857143,0.3726027397260274,0.7681005474811063,0.8506326382492296,0.9038423384271812,0.22126653158651746,0.03822989214617745,0.388143900668004,0.5437457773621702,0.16639370619414828,0.3159648514788422,0.20647707580496213,0.0,0.0,0.0
0.7142857142857143,0.37534246575342467,0.7908980955057422,0.7385283897482521,0.7953489911162127,0.29113952326412923,0.03071074994493758,0.37020647616946406,0.6096949252369099,0.05369208833216456,0.24105463690355708,0.21731502430381697,0.0,0.0,0.0
0.7142857142857143,0.3780821917808219,0.8470318169949779,0.8054723114197834,0.7743620319264957,0.2069545866399862,0.019986171258276692,0.3297874825499449,0.49104434486779347,0.09151526724901031,0.39504257834967993,0.1705334385261383,0.0,0.0,0.0
0.7142857142857143,0.38082191780821917,0.7459743207217305,0.8757166191666313,0.8600524374137182,0.19150155163289156,0.02073806631482333,0.3706475506856887,0.5620589886576242,0.1379989953049966,0.3147857630596071,0.20060072298045314,0.0,0.0,0.0
0.7142857142857143,0.3835616438356164,0.8180619399491814,0.7924027740079901,0.8252212623638211,0.20706897977091587,0.03284797101143857,0.3963112367582562,0.5044188902510176,0.11297466794925737,0.36387899634445814,0.1877747040694964,0.0,0.0,0.0
0.7142857142857143,0.3863013698630137,0.8714326247855518,0.8656131302390261,0.8168195165214531,0.22990129013018654,0.03928042872764312,0.4049439624981286,0.5704641614773952,0.0,0.2597852970441636,0.19787986796563942,0.0,0.0,0.0
0.7142857142857143,0.38904109589041097,0.7273573628370303,0.8233577259706447,0.7816584118508102,0.20070735956896651,0.025446350191354362,0.39660387237985434,0.6589516550676716,0.04198254611627417,0.2957067733030219,0.2010352100577386,0.0,0.0,0.0
0.7142857142857143,0.3917808219178082,0.8159449691433582,0.8985749853403896,0.8680422793096456,0.20992883863711084,0.016465036612612095,0.2794217180976289,0.4938882658926281,0.18168426919164232,0.3315068154832925,0.1862667169796637,0.0,0.0,0.0
0.7142857142857143,0.39452054794520547,0.8196646608520528,0.9120269528549738,0.8264262868306849,0.19152342990675,0.032644007506172495,0.34212997349349733,0.5086227406226452,0.03164560208978779,0.2750191927693567,0.1933084859733654,0.0,0.0,0.0
0.7142857142857143,0.3972602739726027,0.8454651078662647,0.8577597633586854,0.8210286396141175,0.19733384365905596,0.005524974351884462,0.44278015342908555,0.5891258036219221,0.07891554774771506,0.3887973231115946,0.2248937168154279,0.0,0.0,0.0
0.7142857142857143,0.4,0.7456734591781857,0.8480903809407535,0.8247351522864171,0.24478891042054568,0.01732786735324759,0.30123310728192587,0.47270283966505705,0.10011660137897385,0.4081726359795486,0.24885914589855287,0.0,0.0,0.0
0.7142857142857143,0.40273972602739727,0.7415456106032203,0.8508684187661985,0.8454355273360014,0.1856371042126228,0.0357636719049941,0.3964843907318707,0.44103217115599574,0.0,0.3403673475300943,0.18916873038773324,0.0,0.0,0.0
0.7142857142857143,0.4054794520547945,0.8326187023912898,0.8477599836643972,0.7679935078920319,0.20943304612516525,0.01735083709918789,0.4003151618901261,0.5732908594412853,0.12476486349123125,0.29410915137986055,0.21731711167884726,0.0,0.0,0.0
0.7142857142857143,0.40821917808219177,0.8214986741882313,0.9086971678900526,0.7650756364253584,0.19512166398464095,0.033446195177315625,0.3974582411560088,0.5452786493385355,0.02055520021840121,0.2857206339723759,0.23909912938201897,0.0,0.0,0.0
0.7142857142857143,0.410958904109589,0.8192004988523245,0.9746629702384485,0.6830796000837849,0.2061152037099095,0.03876651436016076,0.4789876628955105,0.6151836402208865,0.046589231385948005,0.30610329794766794,0.23326043695788956,0.0,0.0,0.0
0.7142857142857143,0.4136986301369863,0.8355042286566671,0.7928617382239677,0.8685570383164742,0.2966347623184521,0.2080589916434973,0.3958242067835129,0.6023873073608305,0.054693501664225375,0.25702740557478765,0.16794080152760793,0.0,0.0,0.0
0.7142857142857143,0.41643835616438357,0.7841805821028935,0.8083340840688691,0.9325390706088464,0.3413862907863096,0.1516039546117896,0.39826802053049826,0.6176219260148594,0.1411481762807965,0.2399240744987992,0.12610702075698993,0.0,0.0,0.0
0.7142857142857143,0.4191780821917808,0.8297945030398683,0.9295746480862522,0.9087556911220781,0.33227550464126454,0.18804734298089187,0.38498509743826737,0.5509596971851252,0.11867344733913336,0.311205360254016,0.1914657228448546,0.0,0.0,0.0
0.7142857142857143,0.42191780821917807,0.8328354418467523,0.8025544508415305,0.8488806325550793,0.3714380447396535,0.1722190943935004,0.4204715491461625,0.6135703991251554,0.13185826749970989,0.233079559088156,0.1514776971178534,0.0,0.0,0.0
0.7142857142857143,0.4246575342465753,0.7824642472804997,0.7909066159649015,0.7859639449199962,0.3212942623645965,0.06841767092492664,0.35699565678287853,0.6039417301811589,0.08709400970777026,0.2729366403388999,0.1696891643663385,0.0,0.0,0.0
0.7142857142857143,0.4273972602739726,0.9114705437390561,0.9677095285913014,0.8290026584593355,0.3759995329611709,0.17858222593534823,0.4177306076476555,0.6275289076166657,0.07977180274553967,0.3558118585186653,0.1494200631350612,0.0,0.0,0.0
0.7142857142857143,0.4301369863013699,0.8418734642274075,0.8465600174325343,0.8134985262422368,0.39177312499122374,0.11325822709594649,0.38555484246653915,0.6534586825098351,0.08555095468634598,0.23140458851514373,0.15228061378629612,0.0,0.0,0.0
0.7142857142857143,0.4328767123287671,0.7586166433216858,0.8477833250492123,0.8694149140309074,0.34957025412025905,0.1004354976560133,0.44028362209036226,0.6202804644914578,0.0,0.2770057004881699,0.16605690154593367,0.0,0.0,0.0
0.7142857142857143,0.43561643835616437,0.8510094986135097,0.8346685983290175,0.8346550462894552,0.3390862341632363,0.053163472062025444,0.3534184172874188,0.5423357271164267,0.1780716019891251,0.24808621899965497,0.14277871055074975,0.0,0.0,0.0
0.7142857142857143,0.4383561643835616,0.7694477346704521,0.8899377393048918,0.874362256993638,0.3442536987351908,0.0776057841353841,0.4376146984843816,0.612102509029486,0.06812121816529776,0.2941273086043846,0.1886380643871724,0.0,0.0,0.0
0.7142857142857143,0.4410958904109589,0.8575360483689408,0.8030195773085559,0.826226792388957,0.3684165022690446,0.1315141468690971,0.40314152865242003,0.47847441920195133,0.04271862142125801,0.24849790820152381,0.15862852982421433,0.0,0.0,0.0
0.7142857142857143,0.4438356164383562,0.8761115971321884,0.950422523479078,0.7727855963109601,0.3291584475883262,0.2013555888917997,0.3209443702550266,0.6393100411093392,0.08128971889639869,0.17947201398030757,0.18199359449072955,0.0,0.0,0.0
0.7142857142857143,0.4465753424657534,0.7771477022642327,0.8986428136354827,0.9241756459358443,0.3832762938204806,0.19325840998690075,0.42083536299973096,0.6211684290851894,0.06463223725632791,0.24133697544600635,0.16655051835245038,0.0,0.0,0.0
0.7142857142857143,0.44931506849315067,0.8663506246440342,0.8578389649940925,0.7733645988249025,0.37835349788056,0.1427979608948924,0.3200829833850517,0.5631733663792227,0.16397424224781804,0.2336479348908037,0.17387626773216924,0.0,0.0,0.0
0.7142857142857143,0.4520547945205479,0.838820864528643,0.8324949254226706,0.7792318000670366,0.33874522493951237,0.10279888921871237,0.5369084355079518,0.7138567326438883,0.10312269825194695,0.32286914931835503,0.15640907517425956,0.0,0.0,0.0
0.7142857142857143,0.4547945205479452,0.8592848261815427,0.8659534913797695,0.8075144225723647,0.31682965145302233,0.20640974833862366,0.3420392049378423,0.5703999288072624,0.24304678071184538,0.2652045009379225,0.1657166966447486,0.0,0.0,0.0
0.7142857142857143,0.4575342465753425,0.9130214673145155,0.913391949769888,0.8178399625379047,0.38712144022909667,0.11605149444004116,0.6410853430778548,0.6929973554204252,0.0,0.2765695606680241,0.13837398205318413,0.0,0.0,0.0
0.7142857142857143,0.4602739726027397,0.8059124123816747,0.993163370475045,0.8940239543124391,0.2950450258515114,0.07886782366641774,0.37506727436175846,0.5304821748882619,0.051991951406868006,0.2774366736913862,0.18918160813543877,0.0,0.0,0.0
0.7142857142857143,0.46301369863013697,0.7804950099639437,0.9369561640954094,0.8717339638418706,0.309409810063621,0.19877698321180065,0.6310546798968693,0.6992173712161346,0.07027837160471143,0.2731675997646352,0.17058605912474215,0.0,0.0,0.0
0.7142857142857143,0.4657534246575342,0.773706096700542,0.9118169167864747,0.8234941406884903,0.28651073177595443,0.09203603434051694,0.38534521060348065,0.51675268509392,0.05180490148127997,0.2113245968664894,0.17948900204450263,0.0,0.0,0.0
0.7142857142857143,0.4684931506849315,0.7773913039335464,0.8626474352184491,0.8782389077833098,0.31178683056662904,0.14676081243523978,0.4466640611372694,0.27927887487125186,0.025856868981513514,0.19972399903913357,0.11317301403272438,0.0,0.0,0.0
0.7142857142857143,0.4712328767123288,0.814326732711113,0.9229502337486556,0.9683885470078101,0.3795292216829757,0.09257404670701205,0.39906531513841376,0.4675876717972802,0.0839366220840805,0.2029981997947271,0.1290129593163226,0.0,0.0,0.0
0.7142857142857143,0.473972602739726,0.8352394169226504,0.84290289225011,0.8720630582856432,0.3553101896754008,0.12284272910359412,0.42047802979037524,0.552724135139007,0.19587761074989196,0.22470215282745148,0.1535754088855701,0.0,0.0,0.0
0.7142857142857143,0.4767123287671233,0.8320163581483192,0.8772908319976382,0.8634796820254499,0.3415664069913006,0.15520955150203603,0.21612480297152226,0.5913710731877596,0.08029262775032472,0.19404987641004343,0.17996780645756422,0.0,0.0,0.0
0.7142857142857143,0.4794520547945205,0.8595409806336195,0.9198166772995392,0.8912499657299746,0.35307054475417426,0.0804233899846164,0.3642861616773298,0.5629147058361199,0.04098018757714808,0.2849912284140968,0.1516015251037758,0.0,0.0,0.0
0.7142857142857143,0.4821917808219178,0.8188319127757135,0.8912271313475901,0.8002932039723885,0.3868886467079471,0.13012501642541385,0.3072065339594871,0.615409710820078,0.20977856442015425,0.4108183544486687,0.14186481132068235,0.0,0.0,0.0
0.7142857142857143,0.4849315068493151,0.8908585220396841,0.8267667273435427,1.0,0.31598092492257607,0.17937027557642238,0.4036961310318304,0.6707994758473931,0.0,0.2546257788409198,0.13763836823749653,0.0,0.0,0.0
0.7142857142857143,0.4876712328767123,0.8049489765199204,0.7827570454778987,0.9370305012870732,0.35292825135025746,0.23700526103664182,0.37344168878920564,0.6080209975294623,0.101875317481077,0.1315310606733454,0.1458419506786588,0.0,0.0,0.0
0.7142857142857143,0.4904109589041096,0.9541902765112991,0.8858898281172689,0.8190760421272038,0.35442977066399156,0.17031523324089004,0.2687447828201683,0.7347971457100098,0.033547141387622284,0.2779207210722934,0.14809280103880412,0.0,0.0,0.0
0.7142857142857143,0.4931506849315068,0.8494651855700684,0.8672908706600538,0.8829400084148304,0.32581908535815046,0.19364535556240192,0.4194324403718864,0.5966670298419993,0.032164162175105475,0.2099027108593051,0.17658415949404802,0.0,0.0,0.0
0.7142857142857143,0.4958904109589041,0.6991876351876597,0.7628879104885391,0.7209873212274347,0.6438672724932347,0.4705457430750789,0.4781754211612383,0.7207375720317133,0.1457603695132439,0.30017039679933605,0.12302290450436718,0.0,0.0,0.0
0.7142857142857143,0.4986301369863014,0.6893509702596874,0.7235419896702461,0.8197687213898985,0.5991616398141115,0.4564414973706353,0.4719685100240217,0.622943430699602,0.06895111940702105,0.2640348472414294,0.09752037923698499,0.0,0.0,0.0
0.7142857142857143,0.5013698630136987,0.7608410600197147,0.7038048314173662,0.8379545497811693,0.6033686635169578,0.8714635042035647,0.41294657090309195,0.6523304625125648,0.15482574156702342,0.18954744965003206,0.12145765765223047,0.0,0.0,0.0
0.7142857142857143,0.5041095890410959,0.7283519968117079,0.7684806749155169,0.8591485587331921,0.66459733653753,0.8099935026412948,0.5814435585734189,0.6308115120005907,0.09193072613291807,0.29916781815888954,0.13730943433135775,0.0,0.0,0.0
0.7142857142857143,0.5068493150684932,0.7714966136485565,0.7658801838368411,0.8015420880300539,0.7489582365479507,0.6442751760508963,0.44555077721741054,0.7372363320085517,0.06918207383415063,0.2507732282986073,0.10799025910062962,0.0,0.0,0.0
0.7142857142857143,0.5095890410958904,0.7604160497673053,0.6850768881339867,0.8983134823510028,0.731421805111416,0.3009639902572172,0.3085041790835079,0.625906192227472,0.015828170965103694,0.2540825061288545,0.098334530765266,0.0,0.0,0.0
0.7142857142857143,0.5123287671232877,0.7352845784515871,0.6593609639969729,0.7852870420355672,0.8182642213565945,0.4826019302442942,0.4126023902893403,0.5849085888949098,0.3344961867359591,0.2342758246379215,0.12487860658532147,0.0,0.0,0.0
0.7142857142857143,0.5150684931506849,0.6996646072934427,0.7267878877586117,0.8320335870516616,0.6775511353577008,0.5612463225702975,0.3898913691541315,0.5028522517519208,0.11437199591297958,0.4021944418777663,0.11147579705045309,0.0,0.0,0.0
0.7142857142857143,0.5178082191780822,0.6689189629547982,0.7179869427103998,0.7954711991894898,0.761937843965676,0.454372010651627,0.5422326160275842,0.6159551865637227,0.13220160841207884,0.25749896187359217,0.13582934368163024,0.0,0.0,0.0
0.7142857142857143,0.5205479452054794,0.7180865277741882,0.7124941628690534,0.7344805087270212,0.6339032487206571,0.6419143471382823,0.46518318552100935,0.6813344010171483,0.0,0.265796149754449,0.11118020390964808,0.0,0.0,0.0
0.7142857142857143,0.5232876712328767,0.7780501717842053,0.7581030010834661,0.8099836428681776,0.7632017080739602,0.4945513497117191,0.3731861210813869,0.6411468321314746,0.20434414424478464,0.26487458908651695,0.12567114816332758,0.0,0.0,0.0
0.7142857142857143,0.5260273972602739,0.7484895416332651,0.8118620215121939,0.8900956711314503,0.7061887724456984,0.5308966932090153,0.43134668325696013,0.6456697043131899,0.25175368920188945,0.21328514588520261,0.12366679130431231,0.0,0.0,0.0
0.7142857142857143,0.5287671232876713,0.6813040675706414,0.6743951307304524,0.7466785769815393,0.7835069812952884,0.48768471123580953,0.45115672033387755,0.46085889054423607,0.18718477203549913,0.25818944627007845,0.1361502770448105,0.0,0.0,0.0
0.7142857142857143,0.5315068493150685,0.746606622155651,0.7178840817215119,0.7777744088728691,0.7041026184637715,0.48662849800027347,0.31280457290118924,0.6141009121049534,0.15134866843104583,0.2571126524387479,0.12226958538497586,0.0,0.0,0.0
0.7142857142857143,0.5342465753424658,0.7563697203170657,0.7197851110862764,0.8556253090656174,0.5290287635482727,0.5795797189522913,0.49636402967334065,0.7489959660107419,0.0747221872854825,0.35342090861604974,0.13191853750184723,0.0,0.0,0.0
0.7142857142857143,0.536986301369863,0.697958833902107,0.7301922976273021,0.7820628770609301,0.7617556706229903,0.5194794732544449,0.3539499931773585,0.6402444392839647,0.1795711073264712,0.21146247406619434,0.1382272082496734,0.0,0.0,0.0
0.7142857142857143,0.5397260273972603,0.7457112122622658,0.6700300776637138,0.8124333551075312,0.7557575098378657,0.13935442520855085,0.4645208556222276,0.6894751563106253,0.020398878308445154,0.33260714216830645,0.09133886201423282,0.0,0.0,0.0
0.7142857142857143,0.5424657534246575,0.7413152876102989,0.7420189293948735,0.792715849412047,0.5819723456180379,0.7103872742269516,0.41441943419286353,0.6809286006264318,0.11241867960979832,0.23211852617644477,0.13986199141918648,0.0,0.0,0.0
0.7142857142857143,0.5452054794520548,0.6860337533384769,0.7225860458247836,0.8158239228889996,0.6307985973009319,0.19568417202740052,0.3966787514159715,0.7396994328435951,0.1396990592516395,0.20609026084135762,0.11490215883810853,0.0,0.0,0.0
0.7142857142857143,0.547945205479452,0.7551027137433017,0.8129177853018384,0.8233635251749898,0.7453268225350407,0.40883485723004476,0.40100526210124476,0.7851005508012684,0.08550162946078231,0.29084136185057247,0.11849742428287774,0.0,0.0,0.0
0.7142857142857143,0.5506849315068493,0.7644451969521744,0.7382914636020165,0.904486754313214,0.7386047115302451,0.5091067060943343,0.5022020570362208,0.6716669012104197,0.11714448559948319,0.2645083035675305,0.13393716178464593,0.0,0.0,0.0
0.7142857142857143,0.5534246575342465,0.7884813356234076,0.7137948550565101,0.7466250155665388,0.8210518662394226,0.347252754076667,0.34592893647032,0.7018502629340313,0.16077491673406996,0.2740669039669771,0.1242665930916236,0.0,0.0,0.0
0.7142857142857143,0.5561643835616439,0.7871352080766063,0.7124174222179228,0.9173810762042914,0.7911945231823893,0.5044410959489117,0.3136215824040707,0.5808274730289122,0.2264605962767518,0.2867521228582221,0.11476459255741121,0.0,0.0,0.0
0.7142857142857143,0.5589041095890411,0.6752322620428839,0.7165113314295027,0.8029789062131593,0.7001910480600033,0.6979413608447408,0.4028858735871905,0.7204791549564622,0.17273193417036936,0.2426902461203676,0.09685325354781267,0.0,0.0,0.0
0.7142857142857143,0.5616438356164384,0.6954750975948154,0.6871088322958151,0.8270514674100508,0.5874597185967139,0.7298015058990985,0.39606055101726273,0.6782949109951548,0.18291301265713605,0.28689936966978236,0.11323637073905309,0.0,0.0,0.0
0.7142857142857143,0.5643835616438356,0.7623396912749439,0.7018157875485924,0.8591233711700518,0.685690350383998,0.23743159690813312,0.2725299049663099,0.6587816354945247,0.1994762441697987,0.29448365546878413,0.1187656100874008,0.0,0.0,0.0
0.7142857142857143,0.5671232876712329,0.762282194331755,0.7365247853542387,0.8095409109704935,0.6930845194938585,0.5576575113495,0.40920902783287544,0.5197358166375995,0.1891554535315459,0.3031018866717746,0.10119650582215169,0.0,0.0,0.0
0.7142857142857143,0.5698630136986301,0.762340262835676,0.7315333613251848,0.7836188276717971,0.7034652768958151,0.6189897305922583,0.35230487588947423,0.6273530265590753,0.08319148298584737,0.24087576023399693,0.14123724355611825,0.0,0.0,0.0
0.7142857142857143,0.5726027397260274,0.9159495742858138,0.8442274713622281,0.9329507578549143,0.8075370605325091,0.15334468196962392,0.43533590020551,0.6459956798737161,0.08474904117846283,0.24364904482303631,0.1368619071148195,0.0,0.0,0.0
0.7142857142857143,0.5753424657534246,0.7649103019125832,0.7837439382702445,0.8298902216749448,0.6346283019718902,0.46651821477429023,0.516316817847522,0.8255042914872046,0.0,0.18726409389509208,0.11344921906147384,0.0,0.0,0.0
0.7142857142857143,0.5780821917808219,0.7908981913946753,0.7393356754551039,0.7714526423168152,0.765137145196805,0.5603573128288077,0.3466867266695206,0.9207075348383446,0.1090644611685771,0.19563842412665403,0.10024515736804206,0.0,0.0,0.0
0.7142857142857143,0.5808219178082191,0.7587307609749789,0.8046823925745155,0.8473903649448212,0.9135827438723302,0.4096745346794943,0.4018983894431399,0.5602034044397196,0.0,0.2997083604471352,0.09334220719978069,0.0,0.0,0.0
0.7142857142857143,0.5835616438356165,0.7451476754847488,0.693100224629722,0.8358768260614273,0.7073573448298128,0.5771328244017591,0.4714878989782701,0.5380259858653228,0.00702822574024467,0.2849810180396861,0.12281719576117577,0.0,0.0,0.0
0.7142857142857143,0.5863013698630137,0.7017578009508026,0.6682566316796488,0.8345227903198734,0.7114008434503483,0.6087222119502288,0.35395300807467306,0.5326355674485458,0.03120337212638752,0.251787209291148,0.10104371350922849,0.0,0.0,0.0
0.7142857142857143,0.589041095890411,0.7499764593289591,0.6743945165226558,0.7971952011338826,0.8201983119363955,0.6600464623159771,0.24433354776527083,0.5685375500673859,0.19121891973899408,0.2611867597568335,0.14203252566547045,0.0,0.0,0.0
0.7142857142857143,0.5917808219178082,0.6812197773020068,0.6285809649191433,0.7736224710559055,0.8436976261402557,0.4923157320518493,0.3918737886068069,0.5298493308719047,0.16496545396712853,0.2738765560418712,0.0940215235726281,0.0,0.0,0.0
0.7142857142857143,0.5945205479452055,0.7052791648111019,0.725693313207085,0.7625842939895296,0.7369714175122873,0.2809810408600883,0.5020571961333017,0.7229508755255333,0.18261493838174314,0.35462774480859727,0.13552493927972467,0.0,0.0,0.0
0.7142857142857143,0.5972602739726027,0.6941228862053982,0.7144184366937267,0.7640836407071835,0.7655430823279715,0.6281264823392823,0.4686473029311189,0.6179746449640872,0.09411883926303763,0.3204226533243645,0.11918202837533995,0.0,0.0,0.0
0.7142857142857143,0.6,0.7195841233019997,0.6821247998894527,0.8557216601429186,0.6594019397093108,0.509441232480854,0.5213279963048788,0.42748468198840045,0.011238089722545058,0.28915880195546345,0.1312448754794219,0.0,0.0,0.0
0.7142857142857143,0.6027397260273972,0.8198056970268223,0.7458476899809344,0.8489329863263022,0.8124055876831291,0.5028040415800261,0.3451839208312603,0.5702345857260929,0.18553342285729163,0.23145328528998665,0.11625920738010223,0.0,0.0,0.0
0.7142857142857143,0.6054794520547945,0.6320943464688932,0.6472396020292893,0.7516797633684135,0.7109622186966585,0.824188465073984,0.2793520508013065,0.6754069882703061,0.12840531470686678,0.26429359091391164,0.12431744852941609,0.0,0.0,0.0
0.7142857142857143,0.6082191780821918,0.7467128153634015,0.6787727662715383,0.8483727755264265,0.7600740291736233,0.4458319462756164,0.39583863753042475,0.5340796275695981,0.09088728245468583,0.35882668875708884,0.11307825893690522,0.0,0.0,0.0
0.7142857142857143,0.6109589041095891,0.6435201398727372,0.6914455644493217,0.765267193362174,0.7353729567411607,0.7706699048481124,0.40354638812480054,0.48175647377643765,0.1299441309018214,0.3672640047844932,0.13948253125128968,0.0,0.0,0.0
0.7142857142857143,0.6136986301369863,0.6947257855696788,0.6178589433736249,0.8261603936504289,0.8195971869929504,0.46314817608922243,0.39188953357797834,0.535660518903502,0.22308967538036928,0.33347696541263583,0.11686397547638229,0.0,0.0,0.0
0.7142857142857143,0.6164383561643836,0.7647881233866034,0.7177526288701633,0.813618679728506,0.7194912091842396,0.5725772028889295,0.3649764314220249,0.5742899008847924,0.1377036483783495,0.34036313923394607,0.14610245574510092,0.0,0.0,0.0
0.7142857142857143,0.6191780821917808,0.7187943872207622,0.6424872799468264,0.7273060669156196,0.6862491155506869,0.26402772734980157,0.324653787231221,0.5943663047699097,0.08565619503795062,0.30138931743343234,0.1078375761658789,0.0,0.0,0.0
0.7142857142857143,0.6219178082191781,0.6675330468997641,0.7007795177470725,0.7938230827997195,0.7520773077465056,0.6834194036428418,0.43642269943230017,0.5804745697510288,0.12213889322693308,0.20131162492657145,0.14323713585130937,0.0,0.0,0.0
0.7142857142857143,0.6246575342465753,0.6838017085048083,0.6840922593362172,0.8026339617492305,0.8375230093508733,0.6040606178481243,0.3698460714766518,0.5340186445163625,0.28276337889402686,0.30621521766617765,0.11331614840175402,0.0,0.0,0.0
0.7142857142857143,0.6273972602739726,0.7464137625942269,0.6988162617429772,0.8080545466868891,0.7422040348858976,0.2560855573427703,0.38349431776703363,0.5642069459956878,0.060435320242305836,0.2194904320628526,0.11788003533218491,0.0,0.0,0.0
0.7142857142857143,0.6301369863013698,0.6831255886899694,0.657693536629992,0.8109387057698481,0.8918372274679182,0.4376433147195356,0.29205854344196186,0.5364011563352002,0.0,0.21783535047686656,0.11666268649718342,0.0,0.0,0.0
0.7142857142857143,0.6328767123287671,0.7256251298732818,0.7600869559511773,0.8424646827606395,0.8051563363644177,0.4256967118660574,0.5220142065853065,0.4507246846838601,0.12330187129498393,0.3062659197730419,0.10799441182864947,0.0,0.0,0.0
0.7142857142857143,0.6356164383561644,0.7179546450865917,0.7174421828569354,0.7590457043937754,0.7339602312787465,0.39361595430629776,0.400365051562777,0.6038496873005625,0.0641096259161612,0.31401934591612574,0.10236957096899167,0.0,0.0,0.0
0.7142857142857143,0.6383561643835617,0.6866611207608753,0.7138274977291108,0.8000639602385649,0.7509198650920894,0.6217043785609583,0.288302509362413,0.43564681606365774,0.0,0.34337805144980216,0.12424650037223132,0.0,0.0,0.0
0.7142857142857143,0.6410958904109589,0.81214294491858,0.7380067343352911,0.824166623288613,0.792285653470404,0.39668134140731326,0.2652126631459018,0.5881053190607705,0.09981972057712704,0.2964032651141434,0.09880903463385514,0.0,0.0,0.0
0.7142857142857143,0.6438356164383562,0.7443634106608653,0.6827563212341395,0.885188920785894,0.8473861252181951,0.6127685022525667,0.3469789902674685,0.7165046735186293,0.001285264758324356,0.328923867716183,0.12810220204244085,0.0,0.0,0.0
0.7142857142857143,0.6465753424657534,0.6250078043488915,0.7247700559186304,0.7432525240905736,0.918350188827843,0.6577196615269263,0.3523866702350369,0.46412942740801477,0.013439203851714904,0.23854538700610506,0.1371860875459494,0.0,0.0,0.0
0.7142857142857143,0.6493150684931507,0.7242783470834004,0.7429838732157735,0.7912943329320571,0.8437042615246763,0.8146104504690693,0.538023962840593,0.5441898786066246,0.0,0.18954387173749426,0.10961675207044874,0.0,0.0,0.0
0.7142857142857143,0.6520547945205479,0.6862039030018735,0.747263470605578,0.816026263029255,0.8229706753158406,0.4655681224229196,0.3934281022354477,0.5836177945576484,0.02386323447207754,0.2991637510059788,0.1337209601665261,0.0,0.0,0.0
0.7142857142857143,0.6547945205479452,0.7541717235505122,0.6840184157922469,0.8568236050761786,0.8150457869377123,0.6661883374734814,0.24736378486224372,0.5450596008585825,0.17964966988484998,0.2529314474790698,0.11638661854302505,0.0,0.0,0.0
0.7142857142857143,0.6575342465753424,0.6803357168544413,0.6885255473250939,0.8090478795025788,0.8445406040348098,0.8414729875141793,0.38068842022185945,0.5602968365387855,0.14040516008257692,0.17198384449868975,0.13540450399631437,0.0,0.0,0.0
0.7142857142857143,0.6602739726027397,0.7107589892750653,0.7005216467265549,0.7833163555514512,0.658602196638586,0.4234330976000947,0.427751526957903,0.5936781811664325,0.17081079471727717,0.21250975492256519,0.14583242911177102,0.0,0.0,0.0
0.7142857142857143,0.663013698630137,0.7385761335451455,0.6746012074453038,0.8783067534050378,0.8295042699933448,0.6817686743348674,0.40129248366701425,0.4780473438148958,0.0,0.3526758954017483,0.12574658996814375,0.0,0.0,0.0
0.7142857142857143,0.6657534246575343,0.7073475224788404,0.6324407569326801,0.7545565419126385,0.630436748337424,0.2825143227658611,0.25977798465757984,0.4544537904075536,0.19331385882678756,0.35680914562926075,0.18554963799154545,0.0,0.0,0.0
0.7142857142857143,0.6684931506849315,0.6193055508356914,0.669913602357571,0.73647146585866,0.7103205654634375,0.2810020867402475,0.3181762082824026,0.4189752224157177,0.10288296561842109,0.3302080159123394,0.22567203980445907,0.0,0.0,0.0
0.7142857142857143,0.6712328767123288,0.6562002314272323,0.6830445041471974,0.7606931785736241,0.7337939074269525,0.2773725049943174,0.15774710573356662,0.468773890738635,0.1504964831469771,0.3597622432097384,0.16434995215236736,0.0,0.0,0.0
0.7142857142857143,0.673972602739726,0.6502153986721183,0.6852003647839261,0.7613340088455918,0.6598627255512954,0.21393501654535085,0.3075557187902716,0.42324497743728334,0.10205738836565333,0.378113073251323,0.1889213993902619,0.0,0.0,0.0
0.7142857142857143,0.6767123287671233,0.6426138111119157,0.6595584741814814,0.7641893969979539,0.5538114151378539,0.3726962086958246,0.37855482851897704,0.3764020467514206,0.2211388529388511,0.28723423327028463,0.1445014745164546,0.0,0.0,0.0
0.7142857142857143,0.6794520547945205,0.745686970466524,0.6700052721052803,0.7410706716036879,0.5796832669430709,0.2971241678583079,0.4466382850121053,0.47388366079234406,0.14341149446677942,0.3067821781842108,0.18884255464321692,0.0,0.0,0.0
0.7142857142857143,0.6821917808219178,0.6877122888193589,0.6841546387065585,0.6381608294386703,0.5523316689206494,0.4375240809057733,0.2336164449418456,0.479568270895586,0.0,0.26394861909213185,0.16558081957689547,0.0,0.0,0.0
0.7142857142857143,0.684931506849315,0.616723695127768,0.6799496703911055,0.7334011509627512,0.7163133341609141,0.1417310158201689,0.3643145100708986,0.34029512936448475,0.15232609775758055,0.3255275970455631,0.1699797607879863,0.0,0.0,0.0
0.7142857142857143,0.6876712328767123,0.7095679806983569,0.6330463058308768,0.7534246423408155,0.6351175483504689,0.34528688948560315,0.4086195471300516,0.5454618736870092,0.17601353091691005,0.259790552147274,0.22318694993771307,0.0,0.0,0.0
0.7142857142857143,0.6904109589041096,0.7608873379408791,0.703391763792331,0.7619770308552565,0.5134193296998236,0.17561529682451835,0.16663325580765337,0.4794179267545889,0.09099607794248374,0.35845405159133614,0.19890885181662246,0.0,0.0,0.0
0.7142857142857143,0.6931506849315069,0.714451644625759,0.6953043468599757,0.7200873040359813,0.5986008224494235,0.34981020987314415,0.19273273108116284,0.5278386282691779,0.13855256849120617,0.3970303107957901,0.16791209224022177,0.0,0.0,0.0
0.7142857142857143,0.6958904109589041,0.6057086662235506,0.6609991782636796,0.6877359000158331,0.529246746892774,0.4275916330522598,0.1893751429656354,0.45761481281724037,0.14391664978550603,0.32821309340945914,0.1697954551191698,0.0,0.0,0.0
0.7142857142857143,0.6986301369863014,0.6498195707585404,0.6091208205218165,0.7727584084696156,0.6468380274545644,0.21079519298443336,0.2455634066168175,0.6912998181472566,0.0,0.2926111459358883,0.17586789735055278,0.0,0.0,0.0
0.7142857142857143,0.7013698630136986,0.7244422364710208,0.6482664745284864,0.7943160225117347,0.731088788398023,0.3659566264596765,0.3180292971441824,0.3392820528280659,0.08772696765841158,0.3258916894304915,0.19753621583918243,0.0,0.0,0.0
0.7142857142857143,0.7041095890410959,0.6402981761810179,0.6813813183950573,0.6711423835409426,0.8353096613156346,0.14982948487187406,0.20255878557610218,0.4537881466987857,0.034729155979399115,0.35969562577862024,0.16439030496275697,0.0,0.0,0.0
0.7142857142857143,0.7068493150684931,0.6893673051766859,0.6403065522800635,0.7407078515330763,0.6786454498774576,0.1559025471542341,0.31893655354983613,0.49140035164324414,0.12733207800049123,0.3175697871328321,0.17678771489512937,0.0,0.0,0.0
0.7142857142857143,0.7095890410958904,0.7034645193222728,0.6510614954503824,0.7162062456971678,0.586053992907622,0.27691101606479107,0.24042244737511645,0.5230345169732549,0.19027811737577943,0.30952275635332593,0.1418258838415024,0.0,0.0,0.0
0.7142857142857143,0.7123287671232876,0.630954667404343,0.6144847614994814,0.7503244693457052,0.5655530702358074,0.17752374715263833,0.20395236137625472,0.4506353344039384,0.05499513291173195,0.32408657453353884,0.18649084769285101,0.0,0.0,0.0
0.7142857142857143,0.7150684931506849,0.6679179535769119,0.6980185781836696,0.7369195116449763,0.5547583113321939,0.3977187143258473,0.3694344392829807,0.45539812589099193,0.10073992385004056,0.37397386591874765,0.17964568050557678,0.0,0.0,0.0
0.7142857142857143,0.7178082191780822,0.5323323576675111,0.5818397416430513,0.633043884793797,0.6998094339618971,0.27271234786452475,0.3036917861013761,0.4851930708602739,0.2152249318751026,0.31247422494366217,0.1597663820736295,0.0,0.0,0.0
0.7142857142857143,0.7205479452054795,0.6268016630113228,0.6607508655066898,0.7453857614188704,0.6447518877096949,0.26064142746918134,0.2641073941695104,0.5550861933123684,0.03890677176369244,0.294584836443708,0.1593564927983017,0.0,0.0,0.0
0.7142857142857143,0.7232876712328767,0.6596916980940415,0.6779897491066842,0.7780351715261452,0.61296667966042,0.2531449547527462,0.3062984762086436,0.4238984209089898,0.14879866585347343,0.244406894378293,0.15464687418396492,0.0,0.0,0.0
0.7142857142857143,0.726027397260274,0.6172819666776342,0.688975855903958,0.734065041454484,0.6072490710511301,0.4205333687138975,0.19347993495309845,0.3196253307125961,0.07637087780380412,0.43474707366804594,0.17442661759369585,0.0,0.0,0.0
0.7142857142857143,0.7287671232876712,0.7400175271561777,0.6834266348700914,0.7038607496808698,0.5730546961062621,0.3196889384549793,0.27797009839731635,0.5191603569106152,0.04312347296780283,0.3849827589419874,0.14330973581537215,0.0,0.0,0.0
0.7142857142857143,0.7315068493150685,0.6095110208255412,0.6106061163969858,0.6959436420166742,0.5510280071693426,0.27821530251104926,0.35410345516180447,0.629421777082841,0.06875018132081787,0.45317295490518833,0.15741511531809993,0.0,0.0,0.0
0.7142857142857143,0.7342465753424657,0.6517026497146172,0.6451398485510792,0.7433511490652953,0.6195368313585675,0.4548951365031649,0.1630738020803066,0.35210607443374314,0.058075439080056204,0.3851898364047884,0.18019417676710522,0.0,0.0,0.0
0.7142857142857143,0.736986301369863,0.6760258768729869,0.630931604958511,0.6587445730412121,0.6542861965867511,0.4665769005330593,0.24666874180793555,0.4802434814243512,0.0,0.368567864424435,0.1554653636783715,0.0,0.0,0.0
0.7142857142857143,0.7397260273972602,0.731872441295431,0.6558694748139294,0.84344638093945,0.5706709257631799,0.24076383047950142,0.266509209163439,0.5126492802381878,0.10580724185456016,0.31733464768377556,0.1938160250269278,0.0,0.0,0.0
0.7142857142857143,0.7424657534246575,0.6092672378758762,0.5874672402618122,0.7203924660449998,0.5957786549944439,0.20979345979552427,0.3104717104523577,0.49624680168439245,0.006967938420998146,0.37152310343132494,0.16402911240196696,0.0,0.0,0.0
0.7142857142857143,0.7452054794520548,0.7200211826202397,0.6832694249384981,0.7532135784632316,0.6937582481241426,0.09254170117727391,0.1133203787698495,0.49467432490304564,0.006217451046874781,0.31508748838512196,0.1709274492112802,0.0,0.0,0.0
0.7142857142857143,0.7479452054794521,0.5685655579700527,0.7010895655195539,0.5375854028145962,0.3625585505391604,0.0025064833074141092,0.20503809409917065,0.2586948609172482,0.09259486235338021,0.4668803169561583,0.33828727933320335,0.0,0.0,0.0
0.7142857142857143,0.7506849315068493,0.5313752437675201,0.6269772862900332,0.5618783705759504,0.4101174131087226,0.02115030727573948,0.11492652097225613,0.33990744448883015,0.0962314484040709,0.45178383082351015,0.3722026546436369,0.0,0.0,0.0
0.7142857142857143,0.7534246575342466,0.5855106984666908,0.6836086747541709,0.5889860984681168,0.2825603679265436,0.03167409348674325,0.11211319808316765,0.37377390142760164,0.08651405650310778,0.4190313920426661,0.37394544364530347,0.0,0.0,0.0
0.7142857142857143,0.7561643835616438,0.5756465567658233,0.6738752691492663,0.45125177874482353,0.30616873089131574,0.029314598268647348,0.24778102413583247,0.32768386451434456,0.07986864106051236,0.5526050724972544,0.2675722583953235,0.0,0.0,0.0
0.7142857142857143,0.7589041095890411,0.5456736852883634,0.6128919517066636,0.5809070559787555,0.36657584439813445,0.03264224231876854,0.1318946539552743,0.33634973939913376,0.0,0.39017671980593605,0.32875157353874696,0.0,0.0,0.0
0.7142857142857143,0.7616438356164383,0.5707993963689438,0.6463172918776192,0.5490424342881252,0.4381958206252141,0.019125143710585844,0.19791440568909324,0.3355285846837135,0.025934042854474617,0.47615519546620116,0.3100597457660049,0.0,0.0,0.0
0.7142857142857143,0.7643835616438356,0.5537325582995022,0.652921643462111,0.5958337768244364,0.3763175593445714,0.013060605487798433,0.2555349928915818,0.30163666899769265,0.050968065572059816,0.4082366801868742,0.3227392686811147,0.0,0.0,0.0
0.7142857142857143,0.7671232876712328,0.57243871862874,0.682448084959353,0.569515981872602,0.4407921788209885,0.020198401764066443,0.22242637711335136,0.26485444857363827,0.09019895900478,0.37285938642642824,0.3009835329542439,0.0,0.0,0.0
0.7142857142857143,0.7698630136986301,0.5930117184763574,0.6558065602322244,0.4938561853890846,0.41978396330497897,0.019142634272458,0.20322409163485822,0.30367024829631906,0.024419549756264057,0.40182589764341836,0.31005127341201727,0.0,0.0,0.0
0.7142857142857143,0.7726027397260274,0.6276574487872689,0.5773927857923575,0.506500455701394,0.4391792969275734,0.036127475302176325,0.19801967276570429,0.27081094302449926,0.08159552141330176,0.40012065844351025,0.346196130330953,0.0,0.0,0.0
0.7142857142857143,0.7753424657534247,0.5217637369758114,0.728656428786394,0.6004053984914742,0.4963268483912178,0.016900363535596617,0.20868806656977923,0.34488514678042487,0.0,0.4643136896702432,0.32463105545446946,0.0,0.0,0.0
0.7142857142857143,0.7780821917808219,0.6481705697314282,0.6676278434422186,0.5856778712731954,0.4271841988139927,0.023288618005782413,0.1508735921063219,0.29597392220417806,0.07584333846548039,0.4750766897778336,0.3057270121429825,0.0,0.0,0.0
0.7142857142857143,0.7808219178082192,0.49497852569972434,0.6090817585414542,0.5432541156665235,0.37355957291792,0.021770300733760933,0.2828250002927623,0.35291980398550665,0.0031405265088979353,0.46617055809839925,0.31422792047097814,0.0,0.0,0.0
0.7142857142857143,0.7835616438356164,0.5624898771179838,0.5860932344975588,0.5794828386165427,0.39725677536036436,0.021354182315772526,0.1400712113127783,0.3040909254359749,0.07415830693948454,0.3884776274309108,0.3193945926146037,0.0,0.0,0.0
0.7142857142857143,0.7863013698630137,0.5902437134249898,0.61427608572148,0.5302951724843838,0.407400891511512,0.01583174879897977,0.31347385305962167,0.3115547762615619,0.07087148025891958,0.4053692259409165,0.27362924178370823,0.0,0.0,0.0
0.7142857142857143,0.7890410958904109,0.5787190132218819,0.6363242401081494,0.5921297955805341,0.39888782658854244,0.02003600181740158,0.1580391040171042,0.27060357940650437,0.11941234223692047,0.3285332624168527,0.3761242371715065,0.0,0.0,0.0
0.7142857142857143,0.7917808219178082,0.544830586188546,0.6224160760799848,0.5431695982229324,0.4316692667962223,0.02904695401193469,0.2605884420771895,0.2713093668393517,0.037933635670358734,0.4789492875638976,0.2848468853818653,0.0,0.0,0.0
0.7142857142857143,0.7945205479452054,0.5603772337934203,0.6310455450696046,0.5237482096757727,0.40068453275430227,0.015881680485858918,0.25570660816339724,0.36068104098232817,0.1283410738000469,0.47308170985325326,0.33911482130187964,0.0,0.0,0.0
0.7142857142857143,0.7972602739726027,0.549694283132112,0.6080126725088388,0.5604371115767696,0.4262464471932473,0.020167663948521253,0.22492478195781107,0.35799061188379316,0.06764342413814428,0.4102454924097786,0.2894769321401952,0.0,0.0,0.0
0.7142857142857143,0.8,0.5460806397964103,0.674673511757485,0.5445386141240833,0.37999668940552067,0.022182821773088807,0.21455303666247813,0.32692094127801813,0.031916616248451435,0.43374733416443845,0.23947928409791633,0.0,0.0,0.0
0.7142857142857143,0.8027397260273973,0.6000418968201067,0.6067888881712815,0.5733526107958702,0.42086087980716425,0.019547131113370187,0.25375971287798604,0.3197301532585206,0.10976727571846853,0.3288549449101468,0.34681903542160825,0.0,0.0,0.0
0.7142857142857143,0.8054794520547945,0.5815698989055075,0.6739711001433955,0.5370453092277856,0.36353912391266674,0.010128090545615009,0.2911519272162692,0.3247417574242943,0.08667141217546392,0.3599553415498996,0.33776607544405074,0.0,0.0,0.0
0.7142857142857143,0.8082191780821918,0.5421977083595436,0.6798939165811132,0.5501615958827416,0.39294513874950965,0.010446242325088227,0.28097174703228905,0.41963948287069697,0.09562595094160484,0.4538717223052345,0.3475179568813865,0.0,0.0,0.0
0.7142857142857143,0.810958904109589,0.601916813510565,0.5875183248295162,0.6508886007693272,0.3838617917591245,0.023905842341115098,0.1272176761489218,0.314630198226108,0.08237193043947297,0.37402978990406227,0.31130287864520745,0.0,0.0,0.0
0.7142857142857143,0.8136986301369863,0.5797055502146911,0.6311683695109885,0.5905120901943309,0.4235343423242282,0.009419094187573725,0.18679963660200774,0.33084737374665496,0.008064866662617354,0.3982517355316129,0.3267273256884602,0.0,0.0,0.0
0.7142857142857143,0.8164383561643835,0.5986641476382792,0.6896483937941896,0.5426393915650519,0.40442748511558674,0.02561102125312574,0.17483138356723774,0.36064126592319573,0.0,0.44625121762292985,0.26128006181661645,0.0,0.0,0.0
0.7142857142857143,0.8191780821917808,0.5917928997539537,0.657842962482805,0.5607819785277213,0.38693083491374924,0.0014780082823453245,0.2070639044368853,0.33673810241120095,0.02746215380577578,0.4242212366408099,0.37572939651230924,0.0,0.0,0.0
0.7142857142857143,0.821917808219178,0.5370945052722405,0.6878302321149568,0.5102232337205308,0.4364937222851125,0.017339764242461753,0.21331501766314986,0.38282338281275724,0.0,0.45602396697398107,0.2635954566653581,0.0,0.0,0.0
0.7142857142857143,0.8246575342465754,0.5471750291744318,0.6970313259452265,0.611606065183167,0.42310580551969246,0.016884971915795664,0.20315342215602308,0.25210695341673683,0.0,0.4750493033374334,0.2926386539644566,0.0,0.0,0.0
0.7142857142857143,0.8273972602739726,0.5962053283739405,0.6034651871350485,0.5475897162481,0.35125415981757213,0.027964954394211063,0.22841701972202103,0.3274495232017738,0.036834516186983794,0.49088369722318337,0.3568530793901745,0.0,0.0,0.0
0.7142857142857143,0.8301369863013699,0.5910707031355731,0.6326992660337037,0.5948175717930352,0.38004270825999503,0.020247900058402827,0.28670749942754237,0.32498365388012584,0.024714489273715945,0.4464349694798155,0.3162505843315235,0.0,0.0,0.0
0.7142857142857143,0.8328767123287671,0.44252864337043857,0.534021083747557,0.43461098540319615,0.4844299049940756,0.0028652955501523754,0.12514963035601065,0.3254681673100858,0.00302569829274002,0.5808861208545663,0.623458925061407,0.0,0.0,0.0
0.7142857142857143,0.8356164383561644,0.4468482989102176,0.5127011458189797,0.43072591045032393,0.5733139569534089,0.006354119315921459,0.26300827253888126,0.29396010251891525,0.13536502102621295,0.5258728243549076,0.5251721241083891,0.0,0.0,0.0
0.7142857142857143,0.8383561643835616,0.4831088461752065,0.5355416456075226,0.4306014150144181,0.5323757793908542,0.023782457127906557,0.21669048644356156,0.29274537072552564,0.0,0.47935511641406686,0.6035729597728688,0.0,0.0,0.0
0.7142857142857143,0.8410958904109589,0.42469521228069845,0.5776624378106411,0.4348284507468055,0.44546484998886215,0.001980786202534085,0.24801627563982975,0.23559295235296182,0.0045276052265877595,0.5532985837871418,0.6977880418920017,0.0,0.0,0.0
0.7142857142857143,0.8438356164383561,0.4602786113433819,0.5156222073660904,0.4651629927867151,0.41778557741201994,0.011247805628989103,0.25212520850310866,0.2704594719943542,0.02489799725430778,0.5662540188208176,0.5232780741957846,0.0,0.0,0.0
0.7142857142857143,0.8465753424657534,0.436863297793259,0.5311779502658395,0.41820132254634784,0.5377700604102008,0.008696917972558725,0.2558528670764262,0.2281371579066531,0.019340308107340786,0.5904345358662743,0.5568627173813151,0.0,0.0,0.0
0.7142857142857143,0.8493150684931506,0.43637928058096753,0.5182927369039134,0.420163655133882,0.4724379149423449,0.0070263366071189074,0.24651644769451778,0.23870927005297354,0.03865038994049369,0.41739002400684583,0.4508030531198571,0.0,0.0,0.0
0.7142857142857143,0.852054794520548,0.4775185948064179,0.44645604500573405,0.34685917004410205,0.4110031212091981,0.0050083671974436115,0.2015126856150198,0.2641191287975792,0.07650219670692264,0.4849010077159759,0.48068524694939097,0.0,0.0,0.0
0.7142857142857143,0.8547945205479452,0.4689760790876942,0.49177316942489724,0.38755381719226445,0.4290649632399484,0.0070890097351958255,0.10731907330845532,0.2220119445054598,0.021705448333277425,0.4614944951636167,0.5395117492323727,0.0,0.0,0.0
0.7142857142857143,0.8575342465753425,0.46860399430683813,0.5149714467207812,0.3695817866303436,0.5151276848566602,0.0034096574091522147,0.2609930843479087,0.2852880163635547,0.018774497101766263,0.5659752142153051,0.4844370748404519,0.0,0.0,0.0
0.7142857142857143,0.8602739726027397,0.48397803090539093,0.5057652623828699,0.41460459760056234,0.5098693609751854,0.0027643606606693556,0.24092760845750907,0.23897657532820132,0.06047746270967867,0.46201671654398524,0.5731008715342462,0.0,0.0,0.0
0.7142857142857143,0.863013698630137,0.44383818823284193,0.552415123391902,0.4268044451891973,0.45992179971688785,0.005905928697491124,0.24079223554948193,0.31913347716184065,0.057809222580105665,0.4387879237035489,0.5141371060334319,0.0,0.0,0.0
0.7142857142857143,0.8657534246575342,0.4644928485347858,0.5630496239123006,0.42219170288985075,0.41847769728763795,0.007926325509253351,0.22641405214347052,0.22684350558725755,0.07244548409656579,0.5309332542245836,0.5763091334784218,0.0,0.0,0.0
0.7142857142857143,0.8684931506849315,0.43348598203827265,0.49699716361740987,0.3651258867392683,0.431739339648272,0.0053893723010263695,0.26820913547637976,0.25583218440744343,0.0,0.6223086894140911,0.5344458982369635,0.0,0.0,0.0
0.7142857142857143,0.8712328767123287,0.453312016697082,0.562526316755658,0.4421606367381247,0.4454702907176288,0.006856864727597196,0.22320165407134715,0.267196363750938,0.024879930634874016,0.5773764444542446,0.6199999409980564,0.0,0.0,0.0
0.7142857142857143,0.873972602739726,0.439114847732828,0.503275604704298,0.42379552266158793,0.39673208698049545,0.008656086257932002,0.23806889886188,0.28100761342088537,0.04848380339976989,0.4289491875809937,0.5327764087966584,0.0,0.0,0.0
0.7142857142857143,0.8767123287671232,0.4462129420878406,0.5340606793436009,0.40526062059653944,0.4550690915415332,0.006569676156702108,0.22575248838835993,0.2541402669077661,0.07986087454414181,0.5291515376477124,0.4891560727388706,0.0,0.0,0.0
0.7142857142857143,0.8794520547945206,0.4617804752267217,0.5080607925470899,0.3715544485608274,0.4213054353681008,0.010170207307110855,0.2639345830036235,0.21650240408543772,0.10118331633077371,0.5541803295988477,0.6975840511257368,0.0,0.0,0.0
0.7142857142857143,0.8821917808219178,0.4176124218307722,0.47262534283167346,0.40935460661429596,0.4575491675227932,0.013509510817494259,0.27753020680784685,0.2714143361552596,0.0,0.5074921263962114,0.5111813600359003,0.0,0.0,0.0
0.7142857142857143,0.8849315068493151,0.5085689205469888,0.4936480008742725,0.41981767536055414,0.4051884847217208,0.013407399773334374,0.13093590320021378,0.2672998204573888,0.10698528249250092,0.5366272042347383,0.5827370184172742,0.0,0.0,0.0
0.7142857142857143,0.8876712328767123,0.41174377500995246,0.461309057916594,0.4385793181072513,0.49566805684546905,0.005486378998362806,0.2835762679624783,0.27153728804366856,0.0,0.6190829900567363,0.5333784249491886,0.0,0.0,0.0
0.7142857142857143,0.8904109589041096,0.4052384240322015,0.552911187998737,0.38202555447179287,0.4492599983879505,0.009113163821119069,0.18485498236331702,0.28118086234563644,0.06975546739208331,0.5355386111572338,0.5253947033044634,0.0,0.0,0.0
0.7142857142857143,0.8931506849315068,0.4793727829786953,0.573402133890559,0.39448887651071524,0.5107090598153339,0.01638177984109236,0.2325858662829651,0.33463493621030954,0.0016715134250289976,0.47503761942022127,0.5598670485789952,0.0,0.0,0.0
0.7142857142857143,0.8958904109589041,0.46792127736815997,0.5566583853415268,0.3824342049330576,0.4867663842318183,0.007617206138180628,0.19740387900870618,0.24893721720721482,0.06079171225819177,0.5542376785899985,0.5426587871310219,0.0,0.0,0.0
0.7142857142857143,0.8986301369863013,0.46268556246469805,0.5114221464580961,0.41570485060648776,0.4651595188891011,0.006660384290201314,0.17420335729502123,0.2198433831175555,0.021008708289974202,0.5366942513177422,0.4790876585725873,0.0,0.0,0.0
0.7142857142857143,0.9013698630136986,0.462817615346327,0.5490460452666936,0.40136601346772155,0.4145591455439422,0.006445291796288446,0.19996866806821056,0.2967014344163083,0.0,0.5155264221750275,0.4590664824279762,0.0,0.0,0.0
0.7142857142857143,0.9041095890410958,0.4427991065303521,0.4503222213294253,0.4036707556216353,0.4827799907465048,0.006588939122681361,0.2030255835357161,0.3091549510793514,0.0,0.45926517491983443,0.5528416938548271,0.0,0.0,0.0
0.7142857142857143,0.9068493150684932,0.41514261907288597,0.5613206145392117,0.38676981440753355,0.4047777905164581,0.007601916096035238,0.2592788561929974,0.28647120036669693,0.010336608900326033,0.4801791314243159,0.46720705928468453,0.0,0.0,0.0
0.7142857142857143,0.9095890410958904,0.4455507106253721,0.5920943287717952,0.43217089448525703,0.4144402611113176,0.011102268025058915,0.1997715602725919,0.4099301267522051,0.08882010832967974,0.5986643004293858,0.585926681973139,0.0,0.0,0.0
0.7142857142857143,0.9123287671232877,0.4220205146970647,0.5479532836509018,0.43437284623597744,0.45391822431366663,0.006614012262266278,0.11646066739025729,0.25055656520596414,0.07487600037222365,0.4985159118475324,0.560858890229325,0.0,0.0,0.0
0.7142857142857143,0.915068493150685,0.3783128565174058,0.3903402797561886,0.3436233482166104,0.4852220126396387,0.019290040498878773,0.27691184403785707,0.23755255098776226,0.0009511005903336048,0.5820050389991838,0.7186361449477048,0.0,0.0,0.0
0.7142857142857143,0.9178082191780822,0.34834562674397695,0.43408368398517677,0.28438188118289603,0.7499762315635944,0.020356759873682503,0.21596823748995433,0.22853191601601652,0.0,0.513864767586261,0.6897839203500329,0.0,0.0,0.0
0.7142857142857143,0.9205479452054794,0.3302281998583818,0.4087508312578861,0.3333821635232097,0.574202770343269,0.034060004556789765,0.21763201445607638,0.2888279629558003,0.09908189762126346,0.5488824415315199,0.6505300180289058,0.0,0.0,0.0
0.7142857142857143,0.9232876712328767,0.34369026445585754,0.373006872149167,0.34143945475557086,0.4622981108980789,0.018313835003640266,0.19424242980947526,0.21637955408858486,0.015713199546711052,0.5995906594419729,0.38984017075142,0.0,0.0,0.0
0.7142857142857143,0.9260273972602739,0.3632998740630422,0.36267218850266014,0.3257027511245288,0.6720604729419376,0.029292072243145305,0.1887602655067715,0.3031569104687079,0.10198515838175884,0.5640110399222312,0.6841788938731126,0.0,0.0,0.0
0.7142857142857143,0.9287671232876712,0.3372187193285302,0.39937025372305085,0.33592775378927675,0.6235109141828132,0.02985849769156057,0.3332456624224218,0.2658083811218947,0.0,0.5312353731402761,0.7441299617722054,0.0,0.0,0.0
0.7142857142857143,0.9315068493150684,0.3303157053456692,0.40766329630307985,0.35334687956774063,0.6199314384992369,0.02113380963649779,0.25956088459233484,0.2236489867004358,0.0792120739213465,0.5320604364048169,0.6405287750581615,0.0,0.0,0.0
0.7142857142857143,0.9342465753424658,0.35878028348870444,0.32294645932461596,0.34173131338645957,0.6062602280552312,0.020170296955457766,0.21674225034183214,0.28450016353951135,0.03457535287421117,0.4753499540841718,0.6344732435782278,0.0,0.0,0.0
0.7142857142857143,0.936986301369863,0.3588144482057443,0.5017057346966618,0.35189115673008986,0.5047634538017159,0.010929364900272565,0.07663132368222593,0.25370194777086,0.027687513783052668,0.550423826140447,0.7103484749919874,0.0,0.0,0.0
0.7142857142857143,0.9397260273972603,0.3387350402031573,0.39247422222868017,0.3682483623197662,0.6326171929100531,0.03130184340182913,0.14007032117553989,0.23517539291090053,0.0,0.5573612396853448,0.7380853223032124,0.0,0.0,0.0
0.7142857142857143,0.9424657534246575,0.3396938634295107,0.44916226892174005,0.3523809041913706,0.5541906261092727,0.033025943250299485,0.29546291827405907,0.2229112000066424,0.09178465606232612,0.5299310528071478,0.5934970656474591,0.0,0.0,0.0
0.7142857142857143,0.9452054794520548,0.3584695153726187,0.4077762157660161,0.3355282392744552,0.526215153153971,0.027768452964034802,0.2424732339232225,0.2876708830964842,0.05045307134856622,0.5061540643203251,0.652761864192539,0.0,0.0,0.0
0.7142857142857143,0.947945205479452,0.31360229315319643,0.4482290964023023,0.3355052781368462,0.5612492103839075,0.029621218141441252,0.08922531392699344,0.2949453260839249,0.10325712558927908,0.653846262480885,0.6040506299389276,0.0,0.0,0.0
0.7142857142857143,0.9506849315068493,0.31468704693426247,0.47912153732042523,0.33282700480014216,0.567479763598457,0.047853644461172296,0.19661991836614542,0.24224079185426087,0.002643675459261141,0.5899291483901659,0.5135220259704574,0.0,0.0,0.0
0.7142857142857143,0.9534246575342465,0.3330870009097361,0.3891241195312163,0.34578857750351816,0.6176223561618994,0.026506311431051924,0.26139976624355366,0.20944172675784653,0.052065132979238836,0.5338642913299614,0.7338024203802831,0.0,0.0,0.0
0.7142857142857143,0.9561643835616438,0.34657271810769497,0.39574974469389074,0.3314624407256308,0.6885060553151323,0.0339377835520576,0.2047800718966478,0.19370074128761117,0.09691336040941614,0.563913214498047,0.6737178240782852,0.0,0.0,0.0
0.7142857142857143,0.958904109589041,0.3605753724904013,0.42629737479398755,0.3410256962298004,0.6511078153465035,0.0317114135954001,0.18219325710487225,0.18290377865076624,0.07311477258556529,0.5607062921895686,0.6878873218705486,0.0,0.0,0.0
0.7142857142857143,0.9616438356164384,0.3916714444299028,0.4388236621494779,0.3203634193151377,0.5364301594734902,0.017352133216365476,0.21475246289578642,0.3037880874714872,0.0,0.6076714608810002,0.6127247640975606,0.0,0.0,0.0
0.7142857142857143,0.9643835616438357,0.37517613766505387,0.41399562952003915,0.3191824413458953,0.5979435757565476,0.02203011184055516,0.25125571039467126,0.256051931787407,0.0,0.5810305492634266,0.7356073207527631,0.0,0.0,0.0
0.7142857142857143,0.9671232876712329,0.34800164152938573,0.4016094533929375,0.34034903052752474,0.624353107587205,0.01968327154777104,0.27946724256383676,0.19796406738847636,0.02780285621322198,0.5225060537385564,0.6726221802281557,0.0,0.0,0.0
0.7142857142857143,0.9698630136986301,0.3517649080844168,0.3613570798393666,0.3180075075244295,0.4691995554720592,0.020869997950387777,0.25981336652490267,0.28216898402997836,0.11165517489619228,0.5456466443994049,0.6263376836259565,0.0,0.0,0.0
0.7142857142857143,0.9726027397260274,0.32550063628524034,0.4098248742258113,0.3078461441810939,0.4224694461130031,0.009122616922078617,0.23403785061446705,0.25976955341958374,0.017102067819245285,0.5573611386138142,0.6390834240741763,0.0,0.0,0.0
0.7142857142857143,0.9753424657534246,0.35177834239111233,0.37344047939509917,0.3222113202169566,0.4549541986574111,0.01891810957883614,0.2986692057031098,0.18909952060827948,0.14075223586177157,0.5805919502735868,0.5751882278979732,0.0,0.0,0.0
0.7142857142857143,0.9780821917808219,0.3445642295288372,0.40703643373157083,0.33478149992074785,0.5776617985775329,0.02537963341818463,0.1720674024620481,0.2287179305080292,0.042712194967614206,0.6356118208818001,0.7531271329520066,0.0,0.0,0.0
0.7142857142857143,0.9808219178082191,0.36089077973630124,0.44643230758503843,0.3124103821976805,0.5692385410281365,0.04040837786156191,0.30683844143962985,0.3038889383684214,0.0,0.5501411923613642,0.6571676366459048,0.0,0.0,0.0
0.7142857142857143,0.9835616438356164,0.3301819009392277,0.4194722171567449,0.3661913431076871,0.5848417615265196,0.021123097427568027,0.1584014745813416,0.3045256913796992,0.1198129344074155,0.5436572409244648,0.6384324029103384,0.0,0.0,0.0
0.7142857142857143,0.9863013698630136,0.36614163986894044,0.4183217131529685,0.32390940405615226,0.6251827517276921,0.02760543884705995,0.22310527685648737,0.1744094584682411,0.008032008617274398,0.6257857372044799,0.7701554747855047,0.0,0.0,0.0
0.7142857142857143,0.989041095890411,0.3932038232449552,0.3564565099277632,0.3013732291156871,0.543014321694814,0.015244213329175488,0.17728716368358796,0.30334613309697256,0.03941112903119881,0.604691241054432,0.7619127001372717,0.0,0.0,0.0
0.7142857142857143,0.9917808219178083,0.34936833694461805,0.42258038590947405,0.3923786365473896,0.5717614997764244,0.020383194705057544,0.17431529945289906,0.278594134576854,0.0,0.5421423044812382,0.6333507591634773,0.0,0.0,0.0
0.7142857142857143,0.9945205479452055,0.3630002562151422,0.38950587505417666,0.316926071148101,0.514985121337459,0.022681699571467647,0.1671412490112856,0.2662423734156846,0.021339546630406544,0.49994295286209867,0.6387745438934262,0.0,0.0,0.0
0.7142857142857143,0.9972602739726028,0.3707027088695581,0.3436135040908617,0.3711689097971737,0.5252445662755683,0.03160189050735726,0.22125091287054457,0.32848874201152806,0.02929042189783208,0.5387979159947672,0.6107806665082609,0.0,0.0,0.0
0.8571428571428571,0.0,0.3526939871303863,0.42555376549355134,0.3562028451378092,0.6473566125391967,0.015564990184547368,0.32558848757243264,0.3251401471026529,0.08186099125643312,0.5784432025532309,0.7899364918913085,0.0,0.0,0.0
0.8571428571428571,0.0027397260273972603,0.3697479767766477,0.3756492092206338,0.35044239005959077,0.6394469841526333,0.04739512538996064,0.17930711289852805,0.2722160182264337,0.03828051238164567,0.667541031027727,0.854657246528543,0.0,0.0,0.0
0.8571428571428571,0.005479452054794521,0.3639797927485944,0.3849711344364939,0.3208720891176747,0.6818342781053723,0.036255453845938417,0.2556769649579716,0.22824105335826642,0.010179082017820279,0.533429539090842,0.664069000704432,0.0,0.0,0.0
0.8571428571428571,0.00821917808219178,0.36630025723314996,0.39864624903316415,0.3426675951802703,0.7209296357265248,0.018500363419553623,0.30326957117111425,0.1881470388206078,0.025276338236066585,0.5280111365059068,0.8100267274249225,0.0,0.0,0.0
0.8571428571428571,0.010958904109589041,0.3425542786221236,0.42352403537089345,0.31858849752359275,0.6267739400100578,0.02761971676093038,0.18768299841428548,0.2407067646664456,0.03255065747951029,0.5950864849283002,0.7387357924714065,0.0,0.0,0.0
0.8571428571428571,0.0136986301369863,0.3643048229343348,0.3598443207649377,0.3577451073155351,0.6599106681932542,0.01854931397041982,0.2435013386701076,0.2535038590143665,0.0,0.5852419589309052,0.5043861225289151,0.0,0.0,0.0
0.8571428571428571,0.01643835616438356,0.37721813521578507,0.42983713750467906,0.33533370028819365,0.5978510603483786,0.02901653173124831,0.09276767611007312,0.3509526783806633,0.07941497603123837,0.5344591796409653,0.6376425987577573,0.0,0.0,0.0
0.8571428571428571,0.019178082191780823,0.4032130074853193,0.3822984222103326,0.33947291722066114,0.5964997827936074,0.041719872528763434,0.3352864849501551,0.2056108099728119,0.05290449636288035,0.5413835757193161,0.656146299188825,0.0,0.0,0.0
0.8571428571428571,0.021917808219178082,0.38979829525686926,0.3582699322533141,0.39580948442303504,0.6163494025691457,0.04530845622360141,0.2601165409619329,0.20467767613813048,0.029874107140279202,0.574080948386523,0.6922508505650673,0.0,0.0,0.0
0.8571428571428571,0.024657534246575342,0.422359521568497,0.38718275506945987,0.3130445696019871,0.5537237343667716,0.02654230722053759,0.3120836944495448,0.2643443615119434,0.12640248216753266,0.6454513913299375,0.5324560099055448,0.0,0.0,0.0
0.8571428571428571,0.0273972602739726,0.3427087028303259,0.3635750254798142,0.30676725016366485,0.5461222447772346,0.011326537790665446,0.23455299325916926,0.19392792122690808,0.0,0.4860494078371578,0.7591494411352006,0.0,0.0,0.0
0.8571428571428571,0.030136986301369864,0.3874269264560185,0.3804626165908756,0.3268329740092112,0.5897695827508721,0.022367803747623097,0.12065724035821368,0.20999085347472227,0.05212638935432725,0.5554025685160049,0.7400427281676759,0.0,0.0,0.0
0.8571428571428571,0.03287671232876712,0.3686366001565005,0.4313188074334372,0.35357982815089084,0.5855747439035672,0.037133938245334716,0.3182516985894779,0.25338542634966704,0.0568615484828973,0.5736214299587993,0.6635512069822967,0.0,0.0,0.0
0.8571428571428571,0.03561643835616438,0.42335826181502745,0.34018054697351646,0.3818962642743689,0.5814337937495478,0.0247746907893773,0.2942504346047514,0.22854464828548676,0.12991065102345528,0.6196891371262644,0.5383827949132152,0.0,0.0,0.0
0.8571428571428571,0.038356164383561646,0.3415918649448595,0.38579468093129815,0.32756879454479837,0.6185957719254671,0.04107222653784409,0.1455318389311627,0.27443543754655814,0.08195372952808785,0.5633110085009688,0.729128564165978,0.0,0.0,0.0
0.8571428571428571,0.0410958904109589,0.3407348588496152,0.38318259297204144,0.3619007258457589,0.6416052399819877,0.029295366174272548,0.31470336615707667,0.24927028930383,0.001133374882592339,0.6301787579909387,0.706217092790937,0.0,0.0,0.0
0.8571428571428571,0.043835616438356165,0.3472892914878903,0.37374005408307603,0.3207906940288711,0.6374868476296432,0.06137711184307774,0.13133704099659022,0.1823747056086207,0.09568819571773649,0.5700380880572347,0.7580604017543482,0.0,0.0,0.0
0.8571428571428571,0.04657534246575343,0.3057119347915507,0.36897731232001346,0.3381768379507806,0.6902076405898288,0.04983854201260383,0.13067542790854406,0.2969105337828768,0.09316766134488691,0.6552910915277153,0.8836817722877629,0.0,0.0,0.0
0.8571428571428571,0.049315068493150684,0.34929759031779745,0.405241243404582,0.29120210647756894,0.6222970384419598,0.025801819390394217,0.3400279618232813,0.3111285455782131,0.0,0.5002707146725924,0.6328963124231796,0.0,0.0,0.0
0.8571428571428571,0.052054794520547946,0.34293274559399006,0.3645515903580367,0.3024573421249611,0.6126569766672295,0.03099920264498833,0.28282324536719766,0.2997027128444808,0.11906507793147128,0.5573782383290843,0.7900771995123153,0.0,0.0,0.0
0.8571428571428571,0.0547945205479452,0.36773801235844206,0.2921685870680924,0.36199527508369217,0.6520848821398934,0.03868702054939661,0.23160146427807848,0.281235651615644,0.035097778506251606,0.5389526620181904,0.6389790346383564,0.0,0.0,0.0
0.8571428571428571,0.057534246575342465,0.3729569811575589,0.33597276381106966,0.3663082658437128,0.7692164487002439,0.0536479842414032,0.27165139426792534,0.24745608889196696,0.03132462888500944,0.5747569348373994,0.6965402048978956,0.0,0.0,0.0
0.8571428571428571,0.06027397260273973,0.41480465925134236,0.3739193177948024,0.36357372300705426,0.7109496089662013,0.008956959115505274,0.21604935918817225,0.3031757566433979,0.0,0.5438550553345557,0.6161429037941891,0.0,0.0,0.0
0.8571428571428571,0.06301369863013699,0.3895570137687105,0.41235623500036983,0.3498126469339438,0.6576854289792777,0.029737778909691794,0.17046998770131425,0.24409626788658825,0.015877636158394666,0.6185621741986359,0.6539085691843288,0.0,0.0,0.0
0.8571428571428571,0.06575342465753424,0.34790262757284357,0.4012499065599946,0.268716341771906,0.6015405514766065,0.0207629617860986,0.19037313943582948,0.2605124425710424,0.0,0.5786214011676696,0.6786440728298314,0.0,0.0,0.0
0.8571428571428571,0.0684931506849315,0.339134145326863,0.31544720179981584,0.3201575234998399,0.6495834607467215,0.03584158203299774,0.13571102979565822,0.2605632787254719,0.16656911168491134,0.5225802719472522,0.556211416891461,0.0,0.0,0.0
0.8571428571428571,0.07123287671232877,0.3770523410410865,0.4012308292901831,0.30080976004616916,0.6160715533838031,0.040301130458107404,0.14313345584412307,0.1747755251786728,0.0,0.5672233550269049,0.9291030632049795,0.0,0.0,0.0
0.8571428571428571,0.07397260273972603,0.32763000344489157,0.38712286188164957,0.33868973780086425,0.6032898711109457,0.061959730878115626,0.30166541736623853,0.22622778149264133,0.08052691249999214,0.6137189851777644,0.7456716729368643,0.0,0.0,0.0
0.8571428571428571,0.07671232876712329,0.4135852390687551,0.3670260544350798,0.33248742102518225,0.5857194464290404,0.01214825513902401,0.21659045466975912,0.24509143065759814,0.030493198808506407,0.5998726752200267,0.7148326565789915,0.0,0.0,0.0
0.8571428571428571,0.07945205479452055,0.39580291238330784,0.36758510205213096,0.36275015169599034,0.6842705305603551,0.05413828154423573,0.14105862338768593,0.3156734808486801,0.045178043193014994,0.6033495586292317,0.7158238177820709,0.0,0.0,0.0
0.8571428571428571,0.0821917808219178,0.35084066403350805,0.4022484850585812,0.3793230228077895,0.7714248253782341,0.02804526845400514,0.297031055432511,0.35334927106536684,0.010612323276775776,0.5863491183838313,0.7297245981606654,0.0,0.0,0.0
0.8571428571428571,0.08493150684931507,0.36886583520351335,0.45175613333534165,0.425161366137519,0.5492443017374341,0.0,0.1632002923550799,0.308288114160973,0.09745848714819842,0.5022434401308723,0.5075580008449473,0.0,0.0,0.0
0.8571428571428571,0.08767123287671233,0.4612245658129357,0.4075482091344378,0.40370126650205024,0.473858238758101,0.04422356192097725,0.2655502194849069,0.27139315164496103,0.0,0.5033261233828433,0.5627959482190683,0.0,0.0,0.0
0.8571428571428571,0.09041095890410959,0.41700533420546093,0.40488637261899424,0.4406466876485407,0.6094123605435973,0.03779563778101618,0.34195787893527213,0.2712082228504801,0.0198834885802289,0.48137780543083164,0.7221721676844451,0.0,0.0,0.0
0.8571428571428571,0.09315068493150686,0.4577296957582917,0.44561356457262424,0.3829774324371533,0.5938882865067778,0.02216263746214845,0.1942118955461738,0.2993811917079414,0.0,0.49035736542323494,0.6774566967247305,0.0,0.0,0.0
0.8571428571428571,0.0958904109589041,0.37244053072948785,0.5047559400985433,0.42186515732081864,0.5226030824587446,0.0295472346169357,0.3248165062251238,0.267464927890551,0.10477935321438084,0.5220546670769024,0.7104309885066948,0.0,0.0,0.0
0.8571428571428571,0.09863013698630137,0.40240518396786934,0.4775186907134404,0.37468561557671776,0.4878685034893845,0.03221515225512273,0.18765786159970874,0.31186955354625695,0.01773704345741818,0.5917382752980774,0.41961532540129887,0.0,0.0,0.0
0.8571428571428571,0.10136986301369863,0.420612452321059,0.4620359413993212,0.4024117752132455,0.5262551421131275,0.04644138268650056,0.2719469648942865,0.32322572538261424,0.0,0.45314731224728244,0.811722417851645,0.0,0.0,0.0
0.8571428571428571,0.10410958904109589,0.4218693019713246,0.40561666753414843,0.42239645561009026,0.561600963081771,0.025730560540439873,0.2862846688059641,0.2856597700131176,0.0833065005845467,0.4697254195099714,0.6054396085501923,0.0,0.0,0.0
0.8571428571428571,0.10684931506849316,0.40690143750659097,0.41419542190145003,0.40456744451774196,0.5443352100946377,0.028498965373120938,0.3874258792816683,0.26453884769898245,0.0441584067556631,0.5463655917653726,0.565705454817334,0.0,0.0,0.0
0.8571428571428571,0.1095890410958904,0.4392108218263735,0.46430502345987196,0.37147222351962017,0.5640199110341989,0.059118594932014296,0.31731362065212426,0.31509745408117984,0.0,0.5928547872416805,0.6295824472842609,0.0,0.0,0.0
0.8571428571428571,0.11232876712328767,0.38830461206972866,0.4690151721310835,0.3981667609263646,0.5727072420645167,0.01949521673243618,0.2308439205306916,0.24937124361814525,0.03422771277914004,0.5252419810069691,0.6624415380314126,0.0,0.0,0.0
0.8571428571428571,0.11506849315068493,0.4161669814169724,0.4143923267363579,0.4211467016719807,0.565847774674556,0.024697079635996176,0.15888109150236837,0.2824506199843875,0.0,0.47583404136935137,0.6604871904880547,0.0,0.0,0.0
0.8571428571428571,0.1178082191780822,0.4240770843640515,0.43615441634801333,0.4198377024979816,0.5291829552218689,0.018994449298903166,0.19530165084583442,0.23628852594847682,0.005482909735855773,0.39392450830727493,0.6729737297544843,0.0,0.0,0.0
0.8571428571428571,0.12054794520547946,0.4359461694347237,0.41339486072222775,0.4688558546830512,0.520546444940748,0.05279421667315774,0.21051409990112047,0.36102216293668404,0.05490443422514985,0.5656157818125376,0.4875520864868845,0.0,0.0,0.0
0.8571428571428571,0.1232876712328767,0.4418838571242677,0.4221646231410965,0.4133305532892518,0.5368540587176056,0.022206916750703555,0.21340880216837363,0.2741497223546937,0.028389429658612162,0.5365710532356476,0.6428792615679018,0.0,0.0,0.0
0.8571428571428571,0.12602739726027398,0.38658748246170055,0.47600204934718787,0.40589969237396634,0.570801532602683,0.06392004529331598,0.339494531353314,0.21558475566164156,0.09403528102305103,0.5574866144165386,0.577660509258786,0.0,0.0,0.0
0.8571428571428571,0.12876712328767123,0.3742567891767114,0.43223604122989573,0.3466990624101202,0.5527356734774448,0.03057060548758122,0.2542577578398171,0.2766717238687516,0.026002797352550375,0.518246749304404,0.5247468645451902,0.0,0.0,0.0
0.8571428571428571,0.13150684931506848,0.45893004065944376,0.41029695144824313,0.38179981629662074,0.595235723334397,0.028030601311326526,0.2357195118163371,0.33670237212170656,0.03954237883210492,0.5424951210907081,0.6471162098447909,0.0,0.0,0.0
0.8571428571428571,0.13424657534246576,0.43046172876984,0.39143821843945764,0.3587868944796035,0.6485283302351684,0.04340177815838915,0.25739460644133144,0.29161913839059733,0.12351679671845044,0.5918260924363634,0.5861973978388145,0.0,0.0,0.0
0.8571428571428571,0.136986301369863,0.39791489406960373,0.4368694586305452,0.4409297209902384,0.5810948907347738,0.0721638964109495,0.28561618922306004,0.2886512738033163,0.09458906999163143,0.5585256280962207,0.5714654105078815,0.0,0.0,0.0
0.8571428571428571,0.13972602739726028,0.46716537199016694,0.43134088038375146,0.3876379751547778,0.6107411541837634,0.029128849773543943,0.23044442831547962,0.16320371283177748,0.0,0.5590808174070739,0.6434729653308513,0.0,0.0,0.0
0.8571428571428571,0.14246575342465753,0.42393792932813723,0.4909123650493189,0.356508044865429,0.6250911900804969,0.017372331249126474,0.29918193329905973,0.3311620098937096,0.056483645493838115,0.5254748705878088,0.7672106700466881,0.0,0.0,0.0
0.8571428571428571,0.14520547945205478,0.4559674720201039,0.41290518214345834,0.39589994732409267,0.4579081571369541,0.04287030410250263,0.31199914337420026,0.359114753989806,0.006322339797127208,0.5553900867884872,0.6899084057360094,0.0,0.0,0.0
0.8571428571428571,0.14794520547945206,0.4224877724515544,0.40934140394721064,0.3937893021545468,0.49706420511169563,0.0502694117527718,0.3171417286238218,0.25919993469849284,0.035364374362258005,0.5869587199281043,0.6136567657059975,0.0,0.0,0.0
0.8571428571428571,0.1506849315068493,0.48251115910155984,0.46313713990288014,0.4118827475775392,0.49853992473471914,0.014445323470694214,0.375025055477052,0.25338412293031315,0.017941487974207686,0.5167570498449218,0.7430027505283604,0.0,0.0,0.0
0.8571428571428571,0.15342465753424658,0.4733142412781193,0.4492602030842316,0.40576494626068793,0.6437445222380818,0.07650457292862659,0.2760429453268283,0.3209805012158662,0.0,0.44191108217634023,0.6282516941691636,0.0,0.0,0.0
0.8571428571428571,0.15616438356164383,0.41295732961966425,0.44165880155508086,0.4102327741333803,0.5948982079431547,0.03820866606002986,0.1525699423060599,0.32904391844117564,0.0,0.5561863410058112,0.6667884920197058,0.0,0.0,0.0
0.8571428571428571,0.1589041095890411,0.4497120797730573,0.4473274051998615,0.39138410331583434,0.4860757758133824,0.05438472857012458,0.26561039590605634,0.32610728456004495,0.027295199906486815,0.5460182371957392,0.5807014990816695,0.0,0.0,0.0
0.8571428571428571,0.16164383561643836,0.5689227618030963,0.5745439713015769,0.5265580358133614,0.35510344259083887,0.037391028106448586,0.21337470931657065,0.3800468663992648,0.07147728439156471,0.40129423788814444,0.3545479045316371,0.0,0.0,0.0
0.8571428571428571,0.1643835616438356,0.595222965728449,0.596068932801409,0.4513118048974393,0.3172098016186083,0.035289714766142094,0.2049042134524175,0.37104141492604836,0.05193692755433134,0.5338204133654104,0.41287046513687575,0.0,0.0,0.0
0.8571428571428571,0.16712328767123288,0.510366419615269,0.6235523885620882,0.4568427794011148,0.3293124773933992,0.02760485855575572,0.23285595193234862,0.3499719701295329,0.0,0.4686797752646813,0.40922684770586026,0.0,0.0,0.0
0.8571428571428571,0.16986301369863013,0.5704018712726705,0.5481543080844766,0.5047138201438018,0.5086589314593346,0.052052400647899566,0.23260352579321827,0.34457406839189164,0.1627793187105377,0.36411569813664335,0.3153398051395417,0.0,0.0,0.0
0.8571428571428571,0.1726027397260274,0.5839427086127122,0.6285132762010954,0.5036492697063963,0.4309306204872821,0.049073126769259894,0.3515791526840874,0.3560938528963767,0.08001262231981372,0.4094696183354297,0.40619227450452805,0.0,0.0,0.0
0.8571428571428571,0.17534246575342466,0.4815003823118867,0.6357537472119084,0.461868257754088,0.4773244340075927,0.024930632553361053,0.22264747703252494,0.3120959428633187,0.052442766456458526,0.4592332663103172,0.49771391703682316,0.0,0.0,0.0
0.8571428571428571,0.1780821917808219,0.50242696317579,0.5722323288364278,0.5566770880995573,0.3653645532661859,0.06764476304475743,0.3678271265918531,0.3991335598146685,0.0,0.5169999614981214,0.4122659690315087,0.0,0.0,0.0
0.8571428571428571,0.18082191780821918,0.47130064808145083,0.7088969385884393,0.517888944611028,0.4245455514691852,0.04480921827628165,0.2799725459630279,0.2649401291862452,0.11167292642986326,0.4624112219622108,0.36466980881589683,0.0,0.0,0.0
0.8571428571428571,0.18356164383561643,0.5356579332929251,0.6684946610617485,0.4989609610503469,0.3915014057223424,0.03634984918552277,0.39549015713319263,0.34928201166848866,0.05689164055931835,0.4733084688115399,0.3939444915952998,0.0,0.0,0.0
0.8571428571428571,0.1863013698630137,0.5715469911198532,0.5248921368742412,0.5258645099167073,0.4047393505621184,0.028736686361970704,0.2899110310357735,0.41849574426137826,0.11529733260800398,0.5028080483996868,0.3657625254640456,0.0,0.0,0.0
0.8571428571428571,0.18904109589041096,0.6000857109853102,0.6338103791399049,0.5429277136910035,0.3632450242806717,0.03419425816756206,0.3331619981968991,0.29714734418250166,0.0,0.509231938976922,0.39240739850177647,0.0,0.0,0.0
0.8571428571428571,0.1917808219178082,0.5481489011061736,0.6231087506505855,0.4528944712532321,0.2645594484822296,0.03490301221300619,0.258097294697876,0.391796371611102,0.04329634702345174,0.5132603483063629,0.4729876035545173,0.0,0.0,0.0
0.8571428571428571,0.19452054794520549,0.6046769289298651,0.5497308250569366,0.5431588122285571,0.4228530526430342,0.04250345804370626,0.3854859068496763,0.3774338585309577,0.0,0.4018632677568891,0.35665449556184076,0.0,0.0,0.0
0.8571428571428571,0.19726027397260273,0.4952690378830949,0.6136213184457063,0.5223327810428557,0.3522659126841955,0.029719886152089564,0.32159372775839984,0.3357021231411099,0.10109473035539657,0.5504851483620419,0.3356085561817478,0.0,0.0,0.0
0.8571428571428571,0.2,0.48351336584163074,0.574202393303805,0.5389508972825815,0.4615291880613822,0.04331024686099278,0.2751481605164529,0.37107570559068515,0.003033669003950537,0.4023567180159576,0.44702986004028994,0.0,0.0,0.0
0.8571428571428571,0.20273972602739726,0.543434629131032,0.6288560910739904,0.5394674122417068,0.4013401405292925,0.03129648759701195,0.22566485026162666,0.40371635998735,0.0,0.49907369018722664,0.46648172708385627,0.0,0.0,0.0
0.8571428571428571,0.2054794520547945,0.5594205617796112,0.5541758778242355,0.4753178928629117,0.3590571435411251,0.03807336603673724,0.26391721125060247,0.41701166173169585,0.0,0.46355083264503055,0.40211160981526217,0.0,0.0,0.0
0.8571428571428571,0.20821917808219179,0.5442656455238511,0.553438194586947,0.558980383998515,0.38335929284897524,0.021804474659132298,0.3954247162100852,0.3604408372321478,0.0,0.4873812640234746,0.49063507613217644,0.0,0.0,0.0
0.8571428571428571,0.21095890410958903,0.4702748327258227,0.6685385709096726,0.5489647911542167,0.45521103973637067,0.03392968961654335,0.33025369489835404,0.4186420971305942,0.03770909157040592,0.34407628496872067,0.356813055448618,0.0,0.0,0.0
0.8571428571428571,0.2136986301369863,0.5422138167449895,0.594577077373684,0.5662757370101883,0.43039597202359003,0.02040234597020598,0.3174054540154844,0.370174150304532,0.055613472494376225,0.4413431846267678,0.34890200783202907,0.0,0.0,0.0
0.8571428571428571,0.21643835616438356,0.49801929089073266,0.624064467558319,0.47942307756533953,0.3169168494761851,0.027889019340442057,0.17251328263567803,0.37480592978026744,0.07144520901120995,0.43482035185219187,0.44538928427336455,0.0,0.0,0.0
0.8571428571428571,0.2191780821917808,0.5698062745029104,0.632550951133159,0.5351573683859393,0.4623870542142688,0.037896939171087836,0.3454193350209673,0.31804175592571177,0.04650666542416948,0.37794561969347235,0.3699339790185134,0.0,0.0,0.0
0.8571428571428571,0.2219178082191781,0.558785390767158,0.5877490243714283,0.4856023141818538,0.41238817036959075,0.035175645065646945,0.35000383235056437,0.38011188328417195,0.12288792164540652,0.4690015439892529,0.39157729442788647,0.0,0.0,0.0
0.8571428571428571,0.22465753424657534,0.5112770986790053,0.5763247285431252,0.4749483684183195,0.5394504185429124,0.04401431684231229,0.3783992866590548,0.32441832543559196,0.0195610928563306,0.47406308973377237,0.40557891538030705,0.0,0.0,0.0
0.8571428571428571,0.2273972602739726,0.5267684757332112,0.6134740071221693,0.5617626396525928,0.3747557659222808,0.02542366577317149,0.2741253264407478,0.33781843704583486,0.0,0.43041606972663327,0.3739445576926296,0.0,0.0,0.0
0.8571428571428571,0.23013698630136986,0.5069376901131291,0.6645716110290532,0.49051573121268965,0.4604328228895364,0.026523274554151603,0.2644756331342104,0.4108794577372567,0.018311571864330793,0.4704963576586439,0.4778456253794594,0.0,0.0,0.0
0.8571428571428571,0.2328767123287671,0.5431753055537029,0.5993683564769693,0.5318484649234595,0.40922598784823416,0.0416123002116656,0.3270584441821013,0.29866907177887303,0.049123315286897895,0.45836634990571556,0.33489236170312664,0.0,0.0,0.0
0.8571428571428571,0.2356164383561644,0.5801869934727724,0.6101630645891059,0.5089326129398081,0.3565767105890413,0.021152701853634614,0.28757519572946855,0.28836766619944293,0.10569235369663799,0.35881498211370993,0.3529006555723781,0.0,0.0,0.0
0.8571428571428571,0.23835616438356164,0.5096099619514347,0.5857370175270911,0.5491803226567474,0.3998831168188931,0.050608634544477164,0.16654535983343138,0.3415395649690166,0.043666312841005604,0.4025593046555811,0.3211235635637373,0.0,0.0,0.0
0.8571428571428571,0.2410958904109589,0.5637835096551943,0.6069510560814072,0.4987144658225473,0.392371629640151,0.030535429490373734,0.27442570064419153,0.37060594291744114,0.0,0.484383721200129,0.38611739895897623,0.0,0.0,0.0
0.8571428571428571,0.24383561643835616,0.5261724502410021,0.5731340159404208,0.5298822491489477,0.4178910986212478,0.031037331036792085,0.2516049858322777,0.2864731257342967,0.06661498438454128,0.4460503381157143,0.42817286233113383,0.0,0.0,0.0
0.8571428571428571,0.2465753424657534,0.6584936317703406,0.7730477271421877,0.7293730949118641,0.1694275052471191,0.012400982198758142,0.4600412507616182,0.4377820169426015,0.015420481256743584,0.4458261022347677,0.2295309148165596,0.0,0.0,0.0
0.8571428571428571,0.2493150684931507,0.6884992399338062,0.801969863738492,0.5558382443974237,0.25531903020512464,0.033016393102483096,0.3966881030471354,0.4515500152083586,0.09291201841315606,0.4493600823801776,0.2757635620847446,0.0,0.0,0.0
0.8571428571428571,0.25205479452054796,0.6478899665759705,0.8228835874873096,0.682309344019999,0.2035749706450641,0.014167236744594223,0.3855202077334587,0.42609538541881237,0.012972377555954769,0.380324840147495,0.28775885243673077,0.0,0.0,0.0
0.8571428571428571,0.2547945205479452,0.668959661072879,0.7998683978930681,0.6315026334424783,0.25470266967926897,0.012985812970431183,0.27709823563231367,0.4469565782445077,0.11940326325987283,0.38589501096239126,0.2396778947361126,0.0,0.0,0.0
0.8571428571428571,0.25753424657534246,0.6407746603810561,0.777507658653101,0.7620022988315261,0.19417337479259114,0.02057532617079751,0.335337314438996,0.4592171167683993,0.1200446941570737,0.3829807426097414,0.3016790697248288,0.0,0.0,0.0
0.8571428571428571,0.2602739726027397,0.7791385427469102,0.848053337303841,0.7272793425670475,0.28865100184675263,0.025999028593048302,0.2855980194008501,0.5128044082470541,0.03353852440283792,0.4208752103890045,0.27442398517871847,0.0,0.0,0.0
0.8571428571428571,0.26301369863013696,0.6947245985805813,0.7532916603530191,0.694479280959182,0.19499352156062458,0.023317472040625127,0.38404031438381314,0.5144949522206893,0.05513855237063284,0.34591554143182573,0.29123219973259823,0.0,0.0,0.0
0.8571428571428571,0.26575342465753427,0.6625688272071426,0.7479033657881087,0.7310745966443736,0.22126113730777977,0.02512821823892434,0.27899880884062617,0.38752646406789837,0.020610005453955617,0.38719389574635865,0.2504478825413737,0.0,0.0,0.0
0.8571428571428571,0.2684931506849315,0.7025434392764404,0.6711095848071436,0.7076358618784643,0.17217793808009396,0.017942670885332607,0.22022100995403504,0.5224332186785046,0.14564482079686575,0.3545239448370869,0.21431106903210292,0.0,0.0,0.0
0.8571428571428571,0.27123287671232876,0.6882674660078444,0.7712764799291851,0.6603132165394114,0.20531891305448727,0.031046031090134308,0.2605531521433459,0.5078100166937864,0.02819985921502933,0.43611298129296755,0.28276542155089,0.0,0.0,0.0
0.8571428571428571,0.273972602739726,0.6835143982022397,0.7875193609047274,0.7624969183294459,0.22815299556023436,0.019731516675813035,0.28472499985617833,0.47246965155145554,0.011451988436613651,0.42007023320549636,0.25301895972471117,0.0,0.0,0.0
0.8571428571428571,0.27671232876712326,0.720051611308718,0.8082274288358481,0.7755593394949607,0.2445922783277262,0.013243396771307375,0.3575135306418635,0.46388832206176756,0.14800201059472864,0.3164795422698227,0.2445637364834761,0.0,0.0,0.0
0.8571428571428571,0.27945205479452057,0.7263227804963878,0.7510426718002532,0.7380110780479373,0.25332857691400645,0.022800971347926205,0.3116909146777334,0.48108784403621846,0.0,0.3296242616197525,0.2481071290660281,0.0,0.0,0.0
0.8571428571428571,0.2821917808219178,0.6699723929738576,0.8643386754951373,0.7392620795775819,0.19164894414648456,0.01729327783944786,0.3797097863237305,0.4499102811912556,0.0,0.3717545007196035,0.2431735712478785,0.0,0.0,0.0
0.8571428571428571,0.28493150684931506,0.6679897701536134,0.797421651245808,0.6919374084366335,0.22410753229251879,0.02451120260811071,0.35175783084783907,0.42614169785859707,0.07479091807226229,0.40174544426714737,0.2633152529309726,0.0,0.0,0.0
0.8571428571428571,0.2876712328767123,0.6811483064314338,0.7066983348758195,0.6706042609212677,0.20342580497231105,0.018533494824894685,0.29708046071350563,0.4480146426191109,0.004998917533686434,0.4152236150249494,0.27022566659406755,0.0,0.0,0.0
0.8571428571428571,0.29041095890410956,0.5924727672246364,0.7745554870588827,0.7045622096725406,0.23965663769074644,0.030084294309917797,0.4344132614772039,0.5749774084456184,0.1307253436016679,0.42397354806956417,0.22044200846268885,0.0,0.0,0.0
0.8571428571428571,0.29315068493150687,0.6268922092106316,0.7555853319042125,0.6598654125365485,0.22864977838884493,0.025694161084512782,0.37183933148477655,0.4002395218571588,0.0,0.35408656024640794,0.25014708608944486,0.0,0.0,0.0
0.8571428571428571,0.2958904109589041,0.7529825673825161,0.8183921049534786,0.6880557612558102,0.21659727061408232,0.0317640784185435,0.2572726385319925,0.4591884898346064,0.10499228821069106,0.4345016328995021,0.22294595423934593,0.0,0.0,0.0
0.8571428571428571,0.29863013698630136,0.7651491556474994,0.7584241086000375,0.675567616075267,0.2745413911649155,0.022916149121460328,0.30029664340882567,0.3809475481052948,0.10247624793899725,0.42219216984296964,0.20608948195679397,0.0,0.0,0.0
0.8571428571428571,0.3013698630136986,0.6822864914512267,0.7174602268260546,0.6444554375975163,0.2497487379753082,0.019971180588588273,0.25600761397044475,0.4777007272196775,0.06232306622753224,0.40895629125132893,0.2814337987113377,0.0,0.0,0.0
0.8571428571428571,0.3041095890410959,0.7184061853155079,0.7709752166338896,0.7170175694124071,0.23168906657831229,0.005878372703111205,0.35288166060323395,0.5127595511504173,0.1386971975383035,0.3881575625924422,0.19254472657918337,0.0,0.0,0.0
0.8571428571428571,0.30684931506849317,0.7067990124430978,0.7309972717151947,0.6865822126899818,0.2096820199859027,0.025300854149058,0.24258604147460108,0.33908114047361076,0.07141402764761427,0.42626263462610986,0.24577334267217044,0.0,0.0,0.0
0.8571428571428571,0.3095890410958904,0.8278828535517349,0.7541126873552636,0.6839812391783415,0.18873447247535755,0.027780545299839626,0.46177777052017843,0.5387290864496616,0.1397553348041245,0.3670995276007628,0.21655292387900504,0.0,0.0,0.0
0.8571428571428571,0.31232876712328766,0.742163220557081,0.7169112042321022,0.7682460595572624,0.23818571577373215,0.009014730406048803,0.26899502093971545,0.38657832148585775,0.005817757335450695,0.34726428305155144,0.29294761680299986,0.0,0.0,0.0
0.8571428571428571,0.3150684931506849,0.6875854235545347,0.7632325194761822,0.6636366203032094,0.17298036128144395,0.0031886577998303145,0.4005250138789502,0.4665650687210617,0.10343301568848055,0.42539470966140436,0.23884698460328163,0.0,0.0,0.0
0.8571428571428571,0.3178082191780822,0.6513769239055496,0.7307918152756027,0.6407581902694731,0.2345570384260576,0.0077865664980713,0.26169164567626463,0.4657186334129903,0.015372814508417695,0.3195925172941508,0.2297056684883586,0.0,0.0,0.0
0.8571428571428571,0.32054794520547947,0.6228997916705494,0.8167913658166003,0.6555535930199621,0.2744966995548112,0.01790122715437458,0.3529201442340512,0.35835556429562404,0.035057982323197574,0.4497401760496779,0.20734272872593323,0.0,0.0,0.0
0.8571428571428571,0.3232876712328767,0.7020833522510093,0.6946500728372607,0.7089297708667719,0.1860682753038827,0.006214294133935749,0.35020196132463743,0.46514901397028424,0.11117772670384898,0.4531905356840035,0.24856073668546735,0.0,0.0,0.0
0.8571428571428571,0.32602739726027397,0.6600914730756299,0.7201144172664422,0.7511492410844735,0.2641934661994994,0.004787920421095646,0.3688352057413997,0.42394801182234737,0.10908594845842329,0.4927471359836038,0.19159089685018213,0.0,0.0,0.0